"CDR017-DIL"	"CDR025"	"CDR021"	"CDR029-DIL"	"CDR022"	"CDR018"	"CDR026-DIL"	"CDR030-DIL"	"CDR031-DIL"	"CDR023"	"CDR027-DIL"	"CDR019"	"CDR020"	"CDR028-DIL"	"CDR032-DIL"	"CDR024"
"ILMN_2836359"	130.79925	129.95585625	132.4016625	180.70965	117.11431625	143.68168125	154.88060625	173.4603	190.26230625	115.017581875	161.04661875	148.7124	158.3846375	165.20645625	191.9776875	119.161096875
"ILMN_2618329"	1348.860525	1418.00461875	1402.53706875	1585.203875	1616.891125	1423.25485	1625.73425	1418.00461875	1331.98633125	1470.9896875	1495.75775	1311.92510625	1325.81468125	1185.554375	1328.9357	1453.836625
"ILMN_1259621"	156.99936875	156.60838125	170.992825	182.548525	157.216325	152.90356875	126.0942125	181.0369875	173.61805	138.0079125	180.922175	146.828925	176.12585	131.7516	165.20645625	170.387425
"ILMN_2876302"	196.47584375	206.018925	158.1505875	178.14129375	197.56828125	196.7999	169.214	181.43729375	180.922175	156.38801875	180.3295625	218.7287625	200.1958	216.40799375	162.80370625	175.692725
"ILMN_2623859"	2007.6768125	2250.7824375	2325.05	2288.631	2137.9463125	2201.56525	1978.2611875	2491.2391875	2238.6796875	1974.2203125	1994.359875	2601.580625	1905.974125	1753.9889375	1994.359875	2461.6148125
"ILMN_2602396"	3592.45975	3610.6621875	3546.5745	3480.6066875	3901.5434375	3641.0309375	3463.9809375	3624.416875	3307.411375	3712.4661875	3463.9809375	3741.448875	3534.9343125	3624.416875	3572.0115	3445.8880625
"ILMN_3105205"	1086.60641875	1292.25568125	1340.43134375	1253.613975	1106.1448625	1159.0100875	1111.68751875	1294.65333125	1045.9207875	1025.50926875	1228.17379375	1262.084325	1011.060025	1032.766675	1159.0100875	960.96005
"ILMN_2805071"	8729.9628125	8212.2020625	8640.875375	9065.637	8492.1395	8098.043625	7984.2996875	9065.637	9169.2155	8285.4875	8640.875375	7935.557625	7228.3994375	8834.2650625	9169.2155	6900.494375
"ILMN_1226476"	400.818975	382.0394125	402.7885	435.835025	425.43803125	393.7152125	437.71665625	421.34460625	445.80331875	412.55158125	368.19235625	385.60209375	409.6476375	450.87916875	448.20770625	380.48959375
"ILMN_2711401"	205.81603125	189.73489375	208.614425	202.26374375	228.38930625	214.999475	203.0263	157.9106125	153.34843125	180.588125	203.7438375	185.43579375	204.95320625	156.7400875	165.765375	200.56650625
"ILMN_2625451"	15312.959375	10060.255125	18650.413125	19253.191875	17009.528125	18287.449375	8994.49525	17526.455625	13983.2231875	15811.34625	10210.935875	23320.495625	15811.34625	6210.5699375	15649.82375	17526.455625
"ILMN_1224651"	3436.421625	3436.421625	2939.1021875	2383.1305	2916.3459375	3384.2715625	3199.676125	2426.33675	2522.957375	3397.958	2827.8411875	3384.2715625	3496.7734375	3018.412625	2481.5916875	3343.45
"ILMN_2667100"	3480.6066875	3282.743375	3624.416875	3592.45975	3658.924875	3367.8920625	3074.407375	3682.3524375	3358.915875	3940.2430625	3397.958	3177.6788125	3409.3478125	3049.8525625	3682.3524375	3534.9343125
"ILMN_2591908"	192.6032125	218.7287625	241.740075	268.74179375	286.44878125	233.4838625	272.79385	278.67450625	251.30326875	257.83005	221.7632625	273.0291875	201.32313125	238.31953125	297.66561875	280.32616875
"ILMN_2798797"	2510.9436875	2864.5063125	2568.4504375	2541.381	1817.268875	2582.3805	2721.8628125	2514.93025	2364.6356875	2809.6363125	2305.095875	2809.6363125	2388.401875	2320.2016875	2189.738	2890.73225
"ILMN_2652425"	148.7124	167.0412125	165.4697625	157.83153125	171.22390625	164.552225	167.46681875	144.9504375	165.20645625	145.79421875	180.15525625	149.21289375	152.515875	150.34926875	149.64721875	180.15525625
"ILMN_2601851"	147.32380625	134.66733125	147.93004375	134.2687625	138.2094375	141.49523125	138.8329125	138.60301875	142.58573125	123.372175	154.1588625	143.50841875	144.53268125	136.52760625	145.28875625	130.45783125
"ILMN_2739195"	129.8790875	129.03165	137.3024375	114.250825	118.805108125	135.42206875	121.994118125	128.44940625	116.021529375	132.30241875	136.24591875	108.59527	136.98565	118.2936625	131.91349375	123.61475625
"ILMN_3160449"	492.318275	533.3672125	545.7415125	637.1031	507.30178125	481.47731875	478.21235625	660.82371875	545.7415125	582.72373125	605.16504375	491.08171875	518.60681875	630.68256875	643.92078125	554.6096625
"ILMN_1240515"	111.7973125	132.7850125	129.55834375	175.1317625	126.430475	120.931299375	133.14736875	153.695975	152.7839	130.53025625	139.28285	158.86419375	117.162448125	133.9557875	167.7883625	119.7339625
"ILMN_1259610"	175.692725	170.387425	183.40340625	196.47584375	163.2424375	167.7883625	163.2424375	187.40104375	208.4504625	196.22610625	177.502625	181.0369875	188.0836	169.04061875	214.63416875	217.59455
"ILMN_1249363"	4183.4475625	4315.6864375	5071.7954375	4315.6864375	3463.9809375	4363.454875	4137.6650625	4514.3431875	4082.71825	3292.12425	3610.6621875	4479.1653125	3526.0949375	3741.448875	4048.0388125	4100.9669375
"ILMN_2624622"	1183.2926625	1176.1765125	1481.7319375	1817.268875	890.8846625	1128.48683125	1140.3004	1716.46775	1392.73844375	1426.63413125	1569.421	1142.3346125	1215.46968125	1395.78575	1799.4763125	1197.1950625
"ILMN_2593208"	4799.889	5284.0041875	5100.66625	5559.051625	6015.1349375	4834.3839375	4880.49925	5458.565	5791.554125	4855.10025	4667.497625	4577.5029375	4642.1986875	4964.116125	5284.0041875	4530.4624375
"ILMN_1217055"	505.60308125	459.588925	479.6173875	559.57819375	469.928175	562.62983125	480.9888125	541.213475	549.2649875	547.767775	554.6096625	515.00791875	539.54431875	557.51616875	518.60681875	518.60681875
"ILMN_1245467"	1895.11975	1753.9889375	1901.7284375	1808.6184375	1937.256125	1790.375375	1767.103375	1964.982125	1859.51175	1914.436125	1723.53475	1556.765375	1553.0540625	1625.73425	1658.9980625	1873.4655625
"ILMN_2764036"	148.93023125	123.0109875	95.219489375	87.64183875	92.839491875	119.53205625	118.544265	95.8401	91.01659375	89.02602875	131.15114375	100.59616	105.931525	143.20033125	90.756314375	94.01837
"ILMN_2620799"	155.68575625	181.98435	163.95495625	190.51620625	148.21475	171.83655	142.114375	186.44199375	194.98645	175.692725	176.99835	180.70965	199.52053125	137.88758125	178.96955	169.78939375
"ILMN_2782446"	161.26354375	158.3846375	169.4552375	180.588125	125.31658125	171.64175	169.65194375	164.74565625	198.986275	167.0412125	173.04038125	179.20448125	161.04661875	170.2017375	186.44199375	160.77475625
"ILMN_2666607"	150.78871875	120.079114375	146.35961875	125.7289875	143.68168125	135.71329375	160.23875	138.9548125	123.61475625	126.0942125	127.68379375	134.66733125	148.93023125	149.79191875	130.59743125	127.28783125
"ILMN_2719322"	108.59527	102.638103125	129.8790875	145.674675	149.1243125	106.242820625	110.1219775	145.1658125	131.57471875	131.66101875	120.867783125	124.55214375	115.906464375	100.884936875	130.90685	133.2308125
"ILMN_2901363"	161.43203125	169.78939375	152.1062	175.28598125	129.95585625	169.4552375	197.2252125	158.3846375	145.3389	150.64725625	178.6904875	158.6875	189.73489375	158.6875	170.2017375	128.020125
"ILMN_2741738"	209.95990625	214.13316875	251.30326875	257.63335	234.260575	235.43113125	224.416875	220.50859375	207.70706875	236.39815625	206.64905625	233.4838625	190.51620625	254.36886875	192.6032125	240.04690625
"ILMN_2616151"	164.3968125	172.353225	201.62113125	159.69138125	191.1588375	169.214	220.08603125	161.551425	126.96625625	172.5337625	173.90828125	176.31839375	151.8665125	118.471008125	156.49079375	144.00685625
"ILMN_1225252"	10841.250625	9890.1793125	11065.510875	10841.250625	9490.1536875	10127.8905625	9671.8816875	10841.250625	10060.255125	9972.20525	9890.1793125	10958.433125	9413.28375	9890.1793125	9346.0995	9753.672125
"ILMN_1258578"	1351.2752375	1253.613975	1577.917625	1485.9148125	1808.6184375	1529.5255625	1262.084325	1481.7319375	1478.5996875	1793.433875	1395.78575	1459.97975	1429.7836125	1290.79334375	1716.46775	1532.028875
"ILMN_1219446"	185.88055	162.04371875	206.3713125	177.7439375	172.23488125	201.62113125	178.6904875	160.23875	202.5795125	169.65194375	165.954875	165.954875	157.216325	167.203	178.81230625	168.585275
"ILMN_1238733"	778.8566	799.0163375	1047.83524375	765.3852875	1205.7586875	860.29973125	768.13921875	876.168925	801.81858125	1032.766675	799.0163375	919.02419375	788.81949375	821.9814125	908.8836125	908.8836125
"ILMN_1212648"	564.21346875	504.2750375	495.60464375	374.74366875	554.6096625	539.54431875	527.07400625	384.34065	345.38940625	541.213475	349.2293625	538.40756875	546.67505625	351.55851875	354.61660625	569.2850875
"ILMN_2897214"	6332.6618125	6096.572375	5458.565	4774.159	6096.572375	6578.41025	7332.76175	4363.454875	4880.49925	4880.49925	6753.8141875	6383.8138125	7144.64825	6753.8141875	5100.66625	5762.73775
"ILMN_2715153"	109.976179375	122.195053125	120.51551125	103.879939375	143.8182375	116.917326875	91.372396875	106.984139375	112.680161875	121.17253375	122.195053125	117.65351375	116.75566875	98.76970625	108.159053125	130.6918125
"ILMN_2700848"	216.67686875	198.2266625	197.2252125	186.66923125	173.90828125	198.537425	204.23965625	243.0280375	218.7287625	215.532425	218.25731875	236.130475	235.79373125	209.32098125	198.2266625	181.43729375
"ILMN_1212938"	283.540325	224.07854375	228.38930625	325.79024375	264.24041875	298.81056875	241.2465625	285.79318125	320.69589375	264.24041875	275.47909375	277.15685625	285.79318125	216.99501875	267.27683125	304.96008125
"ILMN_2697082"	215.532425	212.56733125	199.94305625	190.76133125	208.614425	214.63416875	197.96421875	211.3284125	235.25141875	167.33055625	229.10846875	244.36269375	171.22390625	176.31839375	177.32429375	233.4838625
"ILMN_1217822"	908.8836125	1011.060025	825.27274375	857.74695625	863.1886875	939.87478125	968.52038125	1056.7428375	910.37574375	892.5835875	898.38510625	943.18929375	936.561775	1119.3327375	915.24975	1069.8680125
"ILMN_2786164"	615.6507375	614.66899375	579.95534375	630.68256875	603.07173125	579.95534375	651.440175	633.27214375	555.743425	665.2559875	653.84860625	646.166675	703.5802625	676.4500125	690.38670625	725.7171625
"ILMN_2734060"	6015.1349375	5720.023125	5859.1675625	5458.565	4315.6864375	5316.6859375	6292.2961875	4680.85275	5207.3271875	5017.492875	6332.6618125	6251.9165625	6096.572375	5986.11875	4902.6641875	4577.5029375
"ILMN_1242772"	426.63545	413.1436125	473.52364375	420.80611875	434.11775625	428.86770625	402.7885	431.16281875	409.2603125	476.1185375	430.63421875	388.29455	415.8145375	392.08263125	372.73630625	354.05960625
"ILMN_2772728"	266.54350625	239.731575	245.33235	236.95804375	233.2049125	269.54261875	293.85094375	234.5153	231.99835625	248.81170625	243.0280375	254.10841875	280.7798125	271.34849375	243.64128125	223.72760625
"ILMN_1241196"	723.366875	577.3044	808.3092375	812.9982	612.4552625	753.64794375	653.84860625	780.5475	857.74695625	659.09488125	666.30194375	584.78806875	627.058775	860.29973125	817.51023125	764.2097375
"ILMN_1220700"	121.735439375	128.2565	110.977543125	170.2017375	102.251944375	113.562564375	127.62435625	159.81698125	148.21475	133.76694375	231.05068125	134.560175	133.6731375	185.88055	179.44441875	101.6817975
"ILMN_1245518"	130.09806875	106.643790625	127.4141875	110.27779375	127.2450625	108.739425	112.5711125	131.7516	133.14736875	124.50436875	135.1378125	109.081111875	136.61658125	140.0592625	134.2687625	124.97909375
"ILMN_2993782"	144.38583125	127.9695	111.149335625	120.24917875	123.61475625	127.2450625	132.53908125	92.73414375	129.7814125	113.089596875	126.79658125	129.95585625	107.44807875	116.628699375	117.515893125	109.87727375
"ILMN_2674032"	1382.81021875	1443.8409375	1588.2665625	1348.860525	1778.81175	1426.63413125	1476.0480625	1385.99768125	1412.31079375	1571.518	1320.76196875	1481.7319375	1405.39675625	1478.5996875	1342.66180625	1476.0480625
"ILMN_2699700"	964.61938125	1049.03378125	906.973	919.02419375	1114.7287	821.9814125	1035.2212625	890.8846625	965.92841875	1028.2021375	970.23390625	1008.09605625	1049.03378125	999.8791	954.6626875	997.9165375
"ILMN_2775655"	411.01455625	520.452825	367.22568125	380.48959375	399.316725	388.29455	568.67436875	331.55780625	382.95286875	348.55784375	414.16425625	428.86770625	414.83418125	454.602775	370.48145625	359.38050625
"ILMN_2765593"	204.4481	198.73825	229.88585625	213.93013125	207.70706875	212.56733125	167.203	206.84325	173.37554375	191.45689375	183.22048125	216.00235625	167.33055625	180.588125	159.81698125	196.22610625
"ILMN_2741790"	816.19315625	817.51023125	803.50789375	870.534625	817.51023125	912.53776875	793.42196875	823.80625	809.68798125	884.5102875	993.2954125	960.96005	855.91689375	919.02419375	889.0091875	800.142025
"ILMN_1246695"	759.58360625	567.0161125	855.91689375	465.7442	995.77236875	835.00675625	739.25601875	462.82	473.52364375	820.2931	494.18310625	482.1791625	886.00486875	471.9612875	437.71665625	811.4076125
"ILMN_3135107"	195.13283125	142.9232375	192.34130625	192.34130625	180.01171875	203.9486375	153.9696625	186.66923125	204.4481	190.08255	185.8147375	177.32429375	186.82786875	205.07035	191.8118125	208.02386875
"ILMN_2678389"	155.98471875	170.992825	188.73664375	149.99069375	141.68094375	169.65194375	126.2334375	237.44534375	158.3846375	131.27735	150.99335625	187.9385375	121.307835625	155.57271875	184.27898125	196.47584375
"ILMN_2661107"	667.346975	729.4838	719.046825	548.38800625	677.79639375	640.49278125	637.1031	507.30178125	620.669025	710.4593125	506.4152125	668.6408375	633.27214375	579.95534375	579.95534375	742.81638125
"ILMN_2716968"	1981.51975	2334.2050625	2533.3731875	2747.872	2668.906125	2355.1674375	2305.095875	2747.872	2838.8095625	2541.381	2541.381	2342.59925	2305.095875	2305.095875	2881.650875	2514.93025
"ILMN_3162431"	311.60259375	269.0900875	234.5153	272.57405	225.56696875	273.60645	293.459625	239.3336125	313.27270625	281.32585625	297.20371875	237.44534375	273.60645	285.79318125	289.80645	270.48401875
"ILMN_2590349"	586.82305	616.95135	567.74288125	587.55103125	653.84860625	616.95135	678.67405625	584.78806875	566.12206875	637.1031	556.3031625	605.16504375	612.4552625	659.09488125	543.97434375	628.2296125
"ILMN_1249137"	211.3284125	233.86650625	204.0911625	187.17769375	207.23683125	150.2414625	203.529425	193.3669875	187.9385375	181.98435	223.28705625	193.7898875	211.3284125	210.80955	207.23683125	210.5832875
"ILMN_2610809"	200.56650625	205.81603125	193.3669875	174.29655	186.01159375	191.631825	196.7999	174.1205625	181.7425875	182.32083125	185.8147375	218.5558625	196.7999	167.0412125	166.5747125	158.6875
"ILMN_2958417"	4642.1986875	4735.2788125	4514.3431875	4964.116125	5235.5604375	4880.49925	4667.497625	5207.3271875	5592.9835	4819.3668125	4619.5934375	4964.116125	5035.313	4642.1986875	5071.7954375	4774.159
"ILMN_1241610"	303.2110375	290.319825	294.61255625	313.732625	281.8167875	341.61043125	282.668375	297.20371875	323.41438125	351.55851875	292.0348375	283.215625	317.6047375	287.144725	305.74060625	373.30499375
"ILMN_1239196"	241.740075	251.30326875	283.215625	285.20514375	326.28495625	257.1474375	246.43791875	318.857075	300.51006875	330.6628875	253.16974375	251.30326875	251.30326875	284.88960625	273.60645	280.7798125
"ILMN_1258929"	209.103475	200.89800625	202.5795125	168.3561625	193.07526875	185.748925	140.1893	167.6349875	148.575225	187.723625	137.077675	175.28598125	170.6414875	137.74104375	174.8182375	185.748925
"ILMN_2775751"	10674.29	11659.052625	9753.672125	9249.246625	11818.927875	12022.927	11297.6646875	9890.1793125	9972.20525	11230.1335625	10674.29	10574.6365	11495.6474375	11230.1335625	10127.8905625	11495.6474375
"ILMN_2777655"	4464.1320625	4602.2670625	4436.122	4239.0556875	4819.3668125	4799.889	4774.159	4183.4475625	4436.122	4452.0114375	4642.1986875	4619.5934375	5159.29925	4577.5029375	4396.7099375	4464.1320625
"ILMN_1244634"	133.43806875	126.36245	156.7400875	140.97510625	145.5794125	154.88060625	126.36245	184.75475625	146.9285625	122.7133125	149.48900625	138.2094375	150.11764375	165.4697625	146.57059375	134.32206875
"ILMN_1233630"	915.24975	900.229325	913.7848	894.35590625	793.42196875	784.02243125	789.96631875	778.8566	782.2742875	948.13583125	739.25601875	900.229325	793.42196875	718.119375	801.81858125	1004.4496375
"ILMN_1224021"	125.5333625	104.4697725	93.406406875	127.80019375	103.351555625	107.61843	109.081111875	130.0340125	142.76286875	99.951273125	104.433021875	111.05283625	103.629859375	135.42206875	123.29315	129.71258125
"ILMN_1230489"	1208.95903125	1203.07131875	1450.9011875	1672.5034375	1315.989225	1185.554375	1153.086725	1560.8211875	1571.518	1337.96778125	1499.0845625	1410.221575	1286.1005125	1382.81021875	1606.403875	1392.73844375
"ILMN_2655803"	337.48220625	348.55784375	307.59543125	315.527125	312.35949375	329.84598125	356.32760625	275.04995	273.0291875	311.04498125	309.742025	301.5162	302.9173875	292.76560625	331.55780625	335.0616875
"ILMN_3004931"	442.89155	511.4432375	450.09990625	404.7403875	413.1436125	471.9612875	502.513075	479.6173875	462.82	411.74715	444.5415	521.16900625	513.72638125	515.71900625	465.7442	413.6796125
"ILMN_2682516"	263.31391875	318.03841875	290.89839375	334.64200625	287.144725	317.6047375	357.68119375	346.84835	362.3423375	264.8414125	340.10790625	324.59301875	311.60259375	374.74366875	298.81056875	284.07173125
"ILMN_2661005"	3134.3626875	2998.837625	3672.7575	3971.043125	3770.3874375	3496.7734375	3049.8525625	3712.4661875	3641.0309375	3834.3006875	3074.407375	3081.9745625	3275.2453125	2770.389	3641.0309375	3232.3765
"ILMN_2677056"	8098.043625	8834.2650625	8098.043625	7935.557625	7184.1275	8492.1395	7411.148625	7144.64825	7332.76175	8212.2020625	6791.54225	7630.668	7984.2996875	7287.4495625	6900.494375	10210.935875
"ILMN_1219298"	652.601775	730.96755	769.2259125	847.2564125	777.837775	649.74345625	752.23520625	803.50789375	841.8968125	752.23520625	759.58360625	703.5802625	750.79295	1009.5939125	759.58360625	659.09488125
"ILMN_2594165"	162.6555875	160.48074375	144.38583125	152.69155	145.03638125	156.49079375	162.80370625	160.10634375	133.87325625	151.9914375	146.35961875	170.2017375	143.07578125	143.6057375	146.9285625	158.86419375
"ILMN_1247207"	198.986275	235.43113125	200.7246625	229.88585625	212.2325375	261.23531875	254.36886875	210.80955	223.11305	189.26159375	325.79024375	176.7156375	281.8167875	256.726675	225.56696875	237.7202375
"ILMN_1234672"	4152.0380625	5100.66625	4396.7099375	4152.0380625	4115.4703125	4602.2670625	5035.313	4602.2670625	4799.889	4964.116125	5284.0041875	4363.454875	4902.6641875	5859.1675625	4559.2555625	5501.0839375
"ILMN_3160992"	147.21659375	140.97510625	118.6015225	136.704875	148.33931875	141.10776875	139.04955625	137.35951875	130.79925	127.46519375	126.15359375	147.51644375	150.51230625	111.234585625	118.7239175	130.53025625
"ILMN_1242239"	552.80308125	539.54431875	503.5053625	597.95865625	468.20624375	590.2830875	593.64370625	610.22988125	634.68935625	543.97434375	706.28880625	592.42118125	673.8294125	748.15424375	566.12206875	527.93001875
"ILMN_2679823"	169.4552375	184.88224375	185.748925	171.64175	208.4504625	159.97255	185.25490625	173.90828125	158.05190625	161.68011875	138.8329125	174.6676875	139.53805	154.1588625	154.55408125	189.73489375
"ILMN_2723788"	2985.4025	2461.6148125	3199.676125	2618.0886875	2641.6040625	2668.906125	2510.9436875	2731.420875	2613.0956875	2689.4941875	2618.0886875	2890.73225	2593.7214375	2553.0296875	2541.381	2568.4504375
"ILMN_1236357"	428.86770625	421.34460625	500.1246625	491.6045875	515.71900625	478.21235625	507.9213875	560.8079	414.83418125	464.38098125	381.63321875	406.94613125	371.5558125	359.99755625	458.6657375	563.63728125
"ILMN_2933887"	151.8665125	140.8878375	169.04061875	153.695975	177.502625	171.38676875	155.432225	150.78871875	220.8166125	170.04654375	164.19486875	156.2078125	126.36245	129.95585625	183.40340625	151.9914375
"ILMN_2923445"	3074.407375	2738.6715	2426.33675	1691.932625	2112.8919375	2137.9463125	3556.7825	1495.75775	2098.2055	3610.6621875	3275.2453125	2874.069125	3041.47075	2148.8818125	2747.872	2657.9415625
"ILMN_2677696"	1440.767375	1521.487125	1440.767375	1719.596	1304.11341875	1459.97975	1450.9011875	1747.868375	1665.832375	1281.5076125	1741.11475	1470.9896875	1495.75775	1680.0055	1638.406375	1345.5829875
"ILMN_1260001"	371.001275	402.26533125	327.20638125	296.03155	268.74179375	365.57460625	332.51471875	312.35949375	420.2161375	309.742025	393.7152125	516.35701875	398.285625	428.2162625	355.68825625	308.76860625
"ILMN_1252490"	3331.7243125	3177.6788125	3808.8565	3496.7734375	2955.6293125	3125.4125	3186.193375	3436.421625	3367.8920625	3134.3626875	3177.6788125	3641.0309375	3397.958	3114.975	3248.2679375	3436.421625
"ILMN_3049778"	118.85425125	148.33931875	94.953560625	98.603208125	95.327415	127.8719875	151.7113	104.721908125	101.03895	93.816516875	136.10575625	121.24155375	151.1479625	124.6910875	107.44807875	95.61521125
"ILMN_2587859"	8212.2020625	7144.64825	7724.063375	8285.4875	8355.2378125	7984.2996875	8420.7889375	12309.0020625	9065.637	8834.2650625	8031.7658125	6578.41025	6900.494375	9346.0995	12961.611375	11230.1335625
"ILMN_3084791"	332.17845625	376.43794375	377.57789375	366.8749875	386.241725	389.97513125	348.55784375	327.851675	350.2464875	342.9916375	436.96919375	366.3423875	348.09076875	383.67525	405.7067375	415.8145375
"ILMN_1257333"	3862.5035625	4530.4624375	4137.6650625	3808.8565	4619.5934375	3883.6430625	4925.7006875	3384.2715625	3534.9343125	4396.7099375	4530.4624375	4239.0556875	4452.0114375	3953.748625	3834.3006875	4667.497625
"ILMN_1243462"	140.8878375	163.2424375	142.66521875	141.90628125	169.78939375	144.260675	125.7289875	148.8364625	153.695975	150.8607	126.36245	148.0848125	155.68575625	134.78813125	130.53025625	169.34339375
"ILMN_2743650"	264.523	292.4938	270.48401875	339.5567875	246.22676875	221.24006875	266.54350625	391.4559875	452.3838625	316.0292125	384.34065	281.8167875	296.89524375	362.3423375	386.81351875	287.6191125
"ILMN_2729743"	211.1658125	198.986275	207.45166875	232.98231875	229.5596375	189.890575	236.39815625	225.768425	236.39815625	232.98231875	225.768425	204.95320625	195.500075	214.63416875	233.70659375	247.27466875
"ILMN_1255634"	432.08651875	436.32871875	400.818975	349.856425	634.68935625	497.8212875	484.5622625	472.914975	397.36328125	438.60243125	448.20770625	377.57789375	492.8494125	395.5918375	369.6460875	434.11775625
"ILMN_1240149"	1855.0858125	1848.017125	1841.8780625	1832.8898125	1773.0195	1836.85825	1741.11475	1753.9889375	1851.1645625	1651.4259375	1848.017125	1952.964125	1613.5793125	2042.1346875	1876.157875	2042.1346875
"ILMN_2801798"	1413.892925	1357.73449375	1290.79334375	1443.8409375	1512.9835625	1470.9896875	1499.0845625	1399.6960125	1340.43134375	1389.53755625	1630.3749375	1523.2851875	1723.53475	1512.9835625	1447.2469375	1315.989225
"ILMN_2799590"	459.588925	444.0608625	423.94420625	450.87916875	452.3838625	440.4020125	450.87916875	403.4728625	451.59918125	451.59918125	373.78556875	426.13363125	430.1853875	386.241725	440.4020125	414.83418125
"ILMN_3143577"	430.63421875	432.08651875	446.23766875	444.5415	398.8783375	407.82223125	416.5290125	431.7225875	436.96919375	479.6173875	354.05960625	470.87679375	460.56375625	342.5941	447.55898125	527.07400625
"ILMN_1257117"	769.2259125	601.77260625	878.55406875	775.92039375	882.26715625	830.115225	665.2559875	932.24933125	800.142025	782.2742875	668.6408375	750.79295	724.54374375	799.0163375	809.68798125	836.24015
"ILMN_2942669"	1729.3028125	1691.932625	1541.624625	1836.85825	1585.203875	1773.0195	1836.85825	1786.308875	1753.9889375	1601.894875	1825.6773125	1761.7409375	1901.7284375	2003.673375	1737.21975	1729.3028125
"ILMN_1234781"	946.97265625	952.8408625	926.7802875	1151.43849375	928.73256875	1037.15800625	1073.825075	1284.59764375	1082.09006875	878.55406875	997.9165375	905.5100875	982.52008125	1111.68751875	1146.39284375	1115.814175
"ILMN_1244070"	5235.5604375	5592.9835	5017.492875	4559.2555625	5035.313	5207.3271875	5366.7633125	4925.7006875	4559.2555625	5284.0041875	4995.627	6210.5699375	5188.1588125	4995.627	4544.1546875	5630.295
"ILMN_2807750"	200.89800625	173.90828125	194.44226875	187.723625	171.64175	196.22610625	159.56865625	163.95495625	178.96955	176.12585	161.26354375	177.13383125	142.249075	164.0783625	156.7400875	183.0535
"ILMN_2608429"	682.99356875	701.97584375	669.95110625	546.67505625	718.119375	594.5953875	542.5852375	549.2649875	556.3031625	600.22399375	527.07400625	676.4500125	642.53469375	544.86930625	557.51616875	713.79743125
"ILMN_1256695"	164.0783625	146.57059375	164.0783625	160.37689375	157.83153125	148.42471875	182.10419375	153.46726875	135.71329375	162.4788625	160.10634375	141.10776875	172.5337625	156.10200625	155.81645625	164.3968125
"ILMN_2650911"	3583.1270625	3556.7825	3081.9745625	4036.32475	3496.7734375	3572.0115	3367.8920625	4224.2954375	4410.4075	3796.041	3808.8565	3331.7243125	3508.3631875	4152.0380625	4239.0556875	3834.3006875
"ILMN_2595283"	496.93676875	408.5570375	497.8212875	540.56240625	485.53976875	476.99363125	407.82223125	460.56375625	549.89674375	448.20770625	396.1385875	324.18878125	496.135925	615.6507375	559.57819375	477.51089375
"ILMN_2730926"	580.68080625	622.424775	571.6147875	634.68935625	553.6983625	576.2538625	457.2691	601.04705625	698.881425	501.45809375	581.747025	597.95865625	567.0161125	589.33045	592.42118125	553.6983625
"ILMN_2933346"	522.96660625	556.3031625	492.318275	551.0910625	619.76544375	603.75543125	664.2749	577.3044	478.21235625	489.587425	430.1853875	598.9458625	628.2296125	441.35880625	493.5442	507.9213875
"ILMN_2632778"	155.31084375	155.31084375	178.28668125	160.48074375	211.57503125	181.23368125	157.216325	201.08705	178.81230625	137.88758125	175.692725	166.325525	181.23368125	154.88060625	175.28598125	175.1317625
"ILMN_1244936"	1136.7809625	1165.2661875	984.3163125	868.936125	1061.20106875	1123.47035	1233.78420625	886.00486875	758.1567625	1106.1448625	917.37219375	1203.07131875	1188.904225	1075.377725	867.3996875	1185.554375
"ILMN_2908780"	984.3163125	1086.60641875	1029.641025	1071.30986875	1159.0100875	1061.20106875	982.52008125	1037.15800625	1052.4328875	987.84588125	1021.62443125	1083.9575	1035.2212625	1140.3004	1042.23654375	954.6626875
"ILMN_2691528"	7535.8325625	7411.148625	7228.3994375	7184.1275	8098.043625	6927.53375	7287.4495625	7504.3965	6791.54225	6961.1408125	7411.148625	6900.494375	7884.927125	7884.927125	7184.1275	6520.82825
"ILMN_2752408"	3114.975	3074.407375	3610.6621875	3260.6586875	3125.4125	3134.3626875	2758.6666875	3144.962875	2955.6293125	3125.4125	2721.8628125	3282.743375	2476.998875	2738.6715	3104.4561875	2816.5711875
"ILMN_1217225"	562.62983125	516.35701875	672.2165125	466.434675	625.94640625	580.68080625	507.30178125	490.5482625	483.0917625	620.669025	478.21235625	530.13569375	467.39164375	394.19975	413.1436125	603.75543125
"ILMN_2599130"	27148.123125	29198.485625	27148.123125	29198.485625	29198.485625	27148.123125	29991.60125	29198.485625	29198.485625	25477.855	31429.665	28088.250625	27148.123125	29198.485625	28088.250625	26401.904375
"ILMN_3081402"	102.045950625	90.62556	118.982745625	133.2308125	92.463158125	105.723615625	92.89908375	135.1378125	149.21289375	116.987925	153.5859125	113.7851975	95.67745375	151.9914375	145.898675	119.53205625
"ILMN_2995239"	151.1479625	174.942675	167.33055625	143.37633125	129.20803125	153.34843125	151.8665125	134.02999375	140.39288125	174.510375	130.45783125	132.53908125	146.35961875	126.36245	149.3582875	145.45378125
"ILMN_2830830"	582.72373125	552.80308125	712.6582	667.346975	555.743425	618.0341625	539.54431875	601.77260625	629.7449375	642.53469375	461.81859375	718.119375	501.45809375	552.80308125	647.28489375	631.9964875
"ILMN_2786973"	9753.672125	8640.875375	9544.25021875	7332.76175	11297.6646875	10210.935875	10210.935875	7332.76175	7535.8325625	9413.28375	7884.927125	10127.8905625	10333.5746875	7460.845875	7884.927125	9346.0995
"ILMN_2594066"	152.7839	149.79191875	167.46681875	152.90356875	148.7124	155.98471875	177.7439375	135.5993875	169.34339375	147.51644375	134.66733125	125.46033125	147.51644375	165.03119375	153.695975	131.57471875
"ILMN_1239071"	144.86123125	124.27139375	135.53380625	134.89306875	159.97255	157.83153125	171.83655	131.91349375	149.64721875	141.3552625	152.372725	127.4141875	156.49079375	124.09359375	149.02734375	140.2900875
"ILMN_2605268"	1037.15800625	1085.4797875	932.24933125	1205.7586875	844.16524375	1117.5936875	1119.3327375	1185.554375	1023.44788125	917.37219375	1351.2752375	1098.48106875	1161.1970625	1181.55914375	1062.9545625	958.827475
"ILMN_1223147"	11495.6474375	13172.297875	11938.2769375	9753.672125	9413.28375	12621.3100625	12621.3100625	9413.28375	11230.1335625	10674.29	13983.2231875	12961.611375	10674.29	13534.7125	9972.20525	8285.4875
"ILMN_2749840"	653.84860625	685.93454375	631.9964875	593.64370625	840.31154375	566.12206875	649.74345625	556.3031625	539.54431875	682.99356875	594.5953875	653.84860625	596.8079375	540.56240625	608.020025	646.166675
"ILMN_3122081"	469.40995625	465.7442	451.59918125	338.969875	510.5569375	508.66270625	471.9612875	469.928175	380.48959375	491.08171875	458.6657375	409.2603125	500.1246625	469.928175	356.66225625	488.60263125
"ILMN_2763103"	852.3978375	771.5237875	700.53440625	900.229325	769.2259125	700.53440625	849.21829375	873.73599375	775.92039375	843.17844375	934.93573125	840.31154375	873.73599375	876.168925	863.1886875	894.35590625
"ILMN_2667614"	3728.71325	3834.3006875	2781.58875	2770.389	3049.8525625	3901.5434375	4100.9669375	2963.303625	2968.9675625	2881.650875	3624.416875	4137.6650625	4048.0388125	3682.3524375	2907.421375	3144.962875
"ILMN_1213681"	1597.03825	1808.6184375	2007.6768125	2510.9436875	1825.6773125	1691.932625	1793.433875	2201.56525	1968.7001875	1753.9889375	1937.256125	1675.8665625	1988.0516875	2013.110125	2476.998875	1723.53475
"ILMN_1258501"	547.767775	421.78673125	506.4152125	480.16580625	608.020025	428.2162625	366.8749875	409.6476375	541.213475	426.63545	279.0067375	392.08263125	361.06348125	424.62724375	407.82223125	331.1162875
"ILMN_1247543"	7228.3994375	6900.494375	9065.637	7790.514875	11408.793	7790.514875	6843.291125	8098.043625	7724.063375	8994.49525	7110.6441875	7110.6441875	7411.148625	7332.76175	7790.514875	9065.637
"ILMN_2901283"	1047.83524375	1001.36695	964.61938125	943.18929375	857.74695625	970.23390625	1096.2395125	960.96005	976.8693625	941.899225	1159.0100875	939.87478125	1044.1645625	1040.3397625	934.93573125	896.56195625
"ILMN_2956932"	22662.46875	22662.46875	21883.9125	18866.55375	19253.191875	21368.33875	21883.9125	19803.4675	18650.413125	19803.4675	20157.430625	21368.33875	21368.33875	21883.9125	18866.55375	17990.79625
"ILMN_2687828"	203.36625	207.70706875	225.768425	248.3792375	211.3284125	227.120325	161.68011875	231.4094625	241.740075	208.02386875	215.532425	207.45166875	221.5099	176.99835	244.12235625	194.2015
"ILMN_2749448"	330.25861875	393.157475	323.41438125	331.1162875	281.32585625	313.27270625	398.285625	320.36241875	318.03841875	342.17348125	342.9916375	320.36241875	339.5567875	258.45333125	329.84598125	402.7885
"ILMN_2730514"	308.03741875	292.76560625	280.32616875	297.66561875	262.67929375	269.9254375	318.857075	289.80645	281.8167875	307.59543125	306.2683	292.4938	298.53729375	267.27683125	296.50191875	263.5487875
"ILMN_2620767"	106.381176875	102.045950625	128.63870625	114.37780875	108.84136875	95.8401	97.0434975	110.222861875	115.1817375	143.9201875	119.7339625	111.549485	103.1318525	112.680161875	126.7113625	138.10944375
"ILMN_2623886"	926.7802875	1061.20106875	975.55876875	1290.79334375	1259.73734375	921.2737875	1011.060025	1259.73734375	1115.814175	980.6937	991.49634375	948.13583125	1029.641025	937.8576625	1101.2866	939.87478125
"ILMN_2590350"	742.81638125	804.60284375	610.22988125	624.54245	681.12016875	661.9242375	799.0163375	667.346975	665.2559875	722.33518125	711.26331875	716.28623125	656.59380625	729.4838	637.1031	601.77260625
"ILMN_2787785"	137.35951875	133.76694375	118.85425125	114.710489375	122.50006875	126.2334375	165.03119375	116.82452	108.59527	138.33310625	110.925168125	139.53805	118.544265	119.43970125	119.7339625	120.324115625
"ILMN_2796089"	8420.7889375	8994.49525	8212.2020625	9413.28375	10210.935875	9065.637	10127.8905625	9346.0995	8640.875375	9065.637	8994.49525	7984.2996875	9671.8816875	9972.20525	9671.8816875	8729.9628125
"ILMN_2685873"	162.934825	154.1588625	158.05190625	131.7516	141.26234375	132.698425	132.4609	145.674675	153.1769625	177.622125	139.87195625	152.5911625	132.4609	152.5911625	143.6057375	150.51230625
"ILMN_2848473"	127.62435625	133.9557875	165.34283125	155.68575625	145.1658125	132.896825	107.137295625	140.2900875	125.21433125	158.1505875	139.15418125	147.93004375	125.7289875	163.95495625	140.78546875	138.39070625
"ILMN_2427869"	382.0394125	404.7403875	445.23834375	574.1261625	526.3651125	399.899675	371.001275	503.5053625	514.343425	469.40995625	405.7067375	402.7885	395.5918375	391.4559875	526.3651125	409.2603125
"ILMN_1249116"	310.557075	294.61255625	292.0348375	288.4541	303.2110375	296.03155	291.65074375	333.580125	312.7451875	313.732625	302.0011375	317.0260375	308.03741875	296.50191875	321.82924375	297.66561875
"ILMN_2643977"	574.9033	517.00189375	788.81949375	653.84860625	772.78075625	598.9458625	564.21346875	592.42118125	513.72638125	725.7171625	543.2651625	526.3651125	570.62875	582.72373125	669.95110625	608.020025
"ILMN_2594872"	146.47023125	142.66521875	166.7155	129.55834375	153.695975	150.51230625	163.813025	145.03638125	129.20803125	165.765375	162.6555875	151.9914375	166.7155	187.17769375	136.3262875	164.552225
"ILMN_2678495"	268.74179375	239.3336125	206.018925	300.83779375	145.3389	237.7202375	271.68064375	274.07449375	280.7798125	200.89800625	278.67450625	243.86538125	165.03119375	320.36241875	263.91614375	142.9232375
"ILMN_1252437"	3367.8920625	2809.6363125	3353.5210625	3064.3103125	2657.9415625	3508.3631875	2928.994125	2907.421375	2939.1021875	2710.1726875	3092.283875	3862.5035625	2809.6363125	3081.9745625	2850.1111875	2624.439625
"ILMN_2648742"	2850.1111875	2985.4025	3041.47075	2468.7893125	2939.1021875	3092.283875	3064.3103125	2476.998875	2369.0618125	2874.069125	2568.4504375	3007.439625	2864.5063125	2481.5916875	2468.7893125	3041.47075
"ILMN_2744280"	1712.4669375	1668.6805625	1476.0480625	1654.4488125	1790.375375	1521.487125	1447.2469375	1663.08725	1758.3530625	1675.8665625	1565.7745625	1601.894875	1574.8205625	1597.03825	1657.091625	1495.75775
"ILMN_2650275"	660.82371875	581.747025	628.2296125	629.7449375	541.8511625	565.08385	576.2538625	618.0341625	703.5802625	675.1991125	685.93454375	771.5237875	681.12016875	775.92039375	685.93454375	693.96675625
"ILMN_3134598"	6159.7626875	5017.492875	4880.49925	5235.5604375	5207.3271875	5390.3065625	4436.122	4834.3839375	5235.5604375	5071.7954375	4544.1546875	6520.82825	5986.11875	5501.0839375	5630.295	4436.122
"ILMN_2897476"	2816.5711875	2541.381	2608.4428125	2613.0956875	2369.0618125	2758.6666875	2657.9415625	2432.0701875	2258.226875	2264.731375	2574.93875	2448.833375	2468.7893125	2593.7214375	2568.4504375	2172.82875
"ILMN_1239221"	188.33473125	183.22048125	158.3846375	193.5339875	197.0282375	191.1588375	204.4481	171.38676875	166.49685	164.74565625	192.6032125	179.673275	174.29655	181.23368125	169.34339375	177.622125
"ILMN_2669991"	190.76133125	197.3707125	193.5339875	181.7425875	176.556675	165.954875	175.49864375	172.5337625	191.1588375	208.2482625	224.75283125	172.23488125	175.98158125	215.6734625	174.1205625	191.631825
"ILMN_2712675"	368.69168125	373.30499375	329.3921125	426.13363125	321.82924375	335.58544375	329.3921125	330.25861875	352.044	325.01405625	388.29455	336.88030625	305.29793125	370.48145625	395.5918375	338.47830625
"ILMN_1255323"	244.12235625	300.13343125	253.8598	215.532425	300.83779375	287.144725	314.3022625	217.59455	225.768425	267.27683125	295.67068125	266.54350625	342.17348125	233.70659375	254.36886875	259.10294375
"ILMN_2878021"	336.38178125	293.459625	296.50191875	311.04498125	325.01405625	282.30319375	316.35359375	326.28495625	381.63321875	287.144725	330.25861875	306.2683	389.59186875	428.86770625	394.9682625	267.27683125
"ILMN_1256608"	92.762578125	110.410105	114.97474375	123.29315	104.776445	104.4697725	110.701926875	141.5911125	132.896825	103.8220475	169.78939375	103.479665625	89.948736875	162.286325	136.4538875	105.8060175
"ILMN_2655144"	1294.65333125	1217.59461875	1031.5182875	980.6937	1101.2866	1447.2469375	1389.53755625	943.18929375	964.61938125	1086.60641875	1161.1970625	1320.76196875	1385.99768125	1262.084325	1011.060025	1011.060025
"ILMN_3107156"	3216.0641875	3114.975	3397.958	3953.748625	2963.303625	3074.407375	3134.3626875	3534.9343125	3770.3874375	3186.193375	3480.6066875	3307.411375	2747.872	3463.9809375	3672.7575	2710.1726875
"ILMN_2645295"	338.01579375	342.17348125	409.6476375	406.25033125	394.9682625	348.55784375	382.95286875	399.316725	349.856425	407.82223125	339.5567875	308.03741875	336.38178125	352.044	414.16425625	348.09076875
"ILMN_1377921"	23872.526875	23320.495625	25477.855	23872.526875	27148.123125	23320.495625	23320.495625	23872.526875	23320.495625	26401.904375	22662.46875	20822.085625	23320.495625	23872.526875	23872.526875	23872.526875
"ILMN_2594644"	257.3934125	251.9778875	250.2519625	241.5009	240.04690625	249.77924375	227.4998625	249.77924375	223.62086875	237.7202375	254.10841875	289.4902375	257.1474375	265.53608125	237.210825	225.11594375
"ILMN_3142391"	173.90828125	215.6734625	183.9246375	175.98158125	165.954875	180.01171875	210.80955	160.77475625	178.6904875	210.5832875	209.6493125	194.44226875	174.942675	165.954875	162.6555875	172.0150375
"ILMN_1234516"	613.71071875	668.6408375	578.27779375	612.4552625	678.67405625	647.28489375	642.53469375	612.4552625	594.5953875	567.74288125	700.53440625	613.71071875	630.68256875	667.346975	646.166675	610.22988125
"ILMN_1221886"	707.6533625	672.2165125	701.97584375	672.2165125	737.52373125	672.2165125	711.26331875	690.38670625	725.7171625	648.30325625	784.02243125	791.96815625	663.46655	814.58774375	692.932175	592.42118125
"ILMN_1247156"	369.0737	147.39860625	134.32206875	127.62435625	157.56325625	157.216325	129.30451875	129.10061875	133.76694375	129.64690625	139.53805	132.4016625	141.3552625	128.5330625	129.8790875	128.44940625
"ILMN_2943319"	1919.0003125	1901.7284375	1741.11475	1988.0516875	1751.0855	1747.868375	1901.7284375	1981.51975	2022.208	1778.81175	1895.11975	1691.932625	1832.8898125	1988.0516875	2033.06075	1745.095625
"ILMN_3071876"	192.157875	203.36625	213.04775625	208.2482625	220.50859375	200.56650625	176.8443625	221.7632625	182.71784375	211.57503125	171.50286875	224.75283125	225.56696875	210.5832875	209.103475	205.81603125
"ILMN_2751653"	621.29355	621.29355	681.12016875	525.57068125	601.77260625	548.38800625	620.669025	480.9888125	508.66270625	497.8212875	518.60681875	623.59819375	478.98810625	648.30325625	494.73205	567.74288125
"ILMN_2662192"	211.808925	225.29593125	208.8861375	182.32083125	225.768425	223.72760625	263.91614375	197.3707125	206.018925	224.416875	174.6676875	217.22279375	230.4721	214.38885	190.9587625	216.1693125
"ILMN_2589770"	232.463875	193.88205	165.954875	176.8443625	174.1205625	198.73825	197.56828125	147.05875	174.1205625	174.1205625	170.6414875	187.723625	178.28668125	137.35951875	174.29655	183.22048125
"ILMN_1236123"	334.0526875	349.2293625	318.03841875	293.459625	341.61043125	332.51471875	355.19934375	268.257725	307.59543125	322.15643125	359.99755625	319.296625	366.8749875	350.950725	292.0348375	284.88960625
"ILMN_2762514"	1200.59594375	1111.68751875	1217.59461875	1008.09605625	1252.1733875	1203.07131875	1006.592375	1001.36695	1188.904225	1151.43849375	1004.4496375	1167.6394625	1172.722225	987.84588125	919.02419375	1191.72529375
"ILMN_1216382"	292.4938	267.6644625	263.31391875	336.88030625	262.94540625	308.76860625	317.6047375	341.124375	293.459625	257.63335	306.74313125	341.61043125	308.76860625	306.74313125	313.732625	273.60645
"ILMN_2868927"	279.0067375	241.740075	257.3934125	237.44534375	328.90161875	252.8984	239.731575	252.8984	277.7191375	288.4541	249.77924375	260.1345875	224.75283125	277.15685625	250.65075	226.0137125
"ILMN_2980663"	2560.1100625	3216.0641875	3292.12425	4293.4258125	3232.3765	3343.45	3114.975	4436.122	4315.6864375	3672.7575	3232.3765	3049.8525625	3166.4545	3808.8565	4410.4075	3757.6965625
"ILMN_2960214"	515.00791875	554.6096625	570.62875	527.07400625	614.66899375	509.714725	555.743425	571.6147875	518.60681875	592.42118125	634.68935625	465.2150125	589.33045	637.1031	528.659375	448.20770625
"ILMN_1236553"	155.57271875	136.3262875	152.90356875	141.49523125	149.02734375	142.9232375	180.922175	152.22359375	155.432225	139.9945375	155.0321	133.87325625	161.81215625	144.00685625	166.21005625	152.515875
"ILMN_2759088"	150.8607	131.3446625	140.504525	164.19486875	137.3024375	160.77475625	128.92178125	137.59983125	141.90628125	138.60301875	127.80019375	155.81645625	173.37554375	133.379225	139.7600375	129.64690625
"ILMN_2637066"	1056.7428375	1082.09006875	1018.9702	1009.5939125	1217.59461875	1069.8680125	1174.17459375	1089.18391875	984.3163125	1047.83524375	1045.9207875	982.52008125	1104.645125	1044.1645625	984.3163125	972.734025
"ILMN_3162184"	427.6186125	460.56375625	393.7152125	423.94420625	398.285625	427.12645	460.98259375	355.68825625	483.86240625	396.1385875	483.86240625	391.4559875	448.20770625	461.81859375	378.12289375	428.86770625
"ILMN_1213645"	167.33055625	196.029325	168.3561625	177.32429375	184.75475625	184.88224375	235.43113125	196.029325	226.39001875	204.6013	211.57503125	178.14129375	184.27898125	186.44199375	200.56650625	206.84325
"ILMN_2719131"	191.9776875	140.504525	171.22390625	159.17185	139.64135625	135.35369375	124.50436875	154.42223125	184.88224375	169.34339375	157.216325	182.10419375	121.87844875	173.4603	196.7999	145.1658125
"ILMN_1237234"	646.166675	620.669025	687.17316875	724.54374375	633.27214375	588.53715	572.9692625	752.23520625	685.93454375	754.62749375	629.7449375	627.058775	564.21346875	612.4552625	721.06025	634.68935625
"ILMN_2675908"	95.8401	122.41531875	109.595425625	154.66928125	102.415140625	121.735439375	111.234585625	173.61805	133.56350625	119.687909375	139.7600375	100.797211875	111.7404775	132.7850125	124.09359375	96.820976875
"ILMN_2683528"	1279.10915	1304.11341875	1197.1950625	1093.05636875	1220.88975625	1292.25568125	1433.597	1126.81623125	1244.2882125	1233.78420625	1410.221575	1426.63413125	1412.31079375	1385.99768125	1174.17459375	1284.59764375
"ILMN_2637956"	187.9385375	182.32083125	172.5337625	171.38676875	182.85221875	152.22359375	173.61805	177.977475	161.68011875	152.22359375	139.9945375	164.88851875	194.641925	153.695975	158.53173125	170.2017375
"ILMN_1237846"	7184.1275	8355.2378125	6251.9165625	8729.9628125	6961.1408125	7504.3965	8729.9628125	7535.8325625	7411.148625	5592.9835	6927.53375	7790.514875	6666.436625	7935.557625	8420.7889375	8098.043625
"ILMN_2732877"	1733.5576875	1491.8528125	1426.63413125	976.8693625	1684.229	1544.4166875	1544.4166875	1065.40696875	1062.9545625	1577.917625	1058.70305625	1315.989225	1373.50971875	989.70889375	1122.48299375	1461.678875
"ILMN_1240274"	3041.47075	2907.421375	3104.4561875	3104.4561875	3007.439625	2916.3459375	2624.439625	3323.130125	3166.4545	3282.743375	2608.4428125	3526.0949375	3199.676125	2681.920625	2864.5063125	3508.3631875
"ILMN_2612904"	141.26234375	164.552225	177.13383125	150.2414625	174.6676875	153.038975	169.4552375	172.0150375	155.57271875	173.90828125	151.1479625	179.44441875	169.4552375	181.98435	156.10200625	177.502625
"ILMN_2762728"	9671.8816875	10724.79525	11173.0176875	10574.6365	10443.30125	9890.1793125	10060.255125	11818.927875	10574.6365	11818.927875	10574.6365	10333.5746875	10060.255125	10127.8905625	10958.433125	10333.5746875
"ILMN_1230072"	314.7001	316.0292125	335.0616875	320.69589375	353.06145	269.0900875	347.2855875	314.7001	321.82924375	319.932875	322.15643125	347.6172625	262.94540625	312.35949375	328.90161875	351.55851875
"ILMN_1251220"	181.98435	192.34130625	189.890575	201.62113125	182.32083125	203.0263	181.7425875	241.90995	229.88585625	183.9246375	217.3990625	188.50483125	190.9587625	212.56733125	239.0553	178.28668125
"ILMN_1220232"	156.2078125	147.05875	181.43729375	150.51230625	165.03119375	151.1479625	134.78813125	165.20645625	180.15525625	197.2252125	155.432225	125.36169375	145.898675	130.59743125	168.3561625	154.55408125
"ILMN_2836607"	7110.6441875	8285.4875	7504.3965	7460.845875	6627.1081875	7884.927125	9490.1536875	7984.2996875	8031.7658125	6520.82825	9413.28375	8907.919	7332.76175	10333.5746875	7630.668	6578.41025
"ILMN_2676253"	109.487064375	126.96625625	127.68379375	115.1817375	102.7052575	96.697644375	103.70723625	133.0385625	108.30596375	102.415140625	100.474668125	118.9281425	101.48536875	98.9641	126.15359375	117.7128925
"ILMN_2896492"	1058.70305625	1106.1448625	982.52008125	1006.592375	1117.5936875	1181.55914375	1098.48106875	962.9292375	1037.15800625	1040.3397625	1044.1645625	1109.27059375	1178.73895	943.18929375	1012.87120625	1149.6691
"ILMN_3004151"	474.47324375	466.434675	434.11775625	483.0917625	495.60464375	504.2750375	414.16425625	534.31181875	581.747025	435.13193125	526.3651125	457.93085	537.3564875	509.714725	576.2538625	425.43803125
"ILMN_1231457"	450.87916875	462.82	430.1853875	496.135925	473.52364375	452.3838625	522.96660625	442.89155	472.914975	513.72638125	469.40995625	421.34460625	481.47731875	545.7415125	515.71900625	410.47876875
"ILMN_1258543"	309.742025	327.851675	319.296625	374.27375	377.57789375	323.41438125	342.9916375	352.044	323.1156125	371.001275	344.2023125	295.17453125	300.83779375	363.591075	327.851675	316.35359375
"ILMN_2893063"	444.5415	441.35880625	450.87916875	494.73205	445.80331875	457.93085	409.2603125	456.45375	398.285625	382.0394125	422.1692375	430.63421875	393.157475	421.34460625	414.83418125	446.799425
"ILMN_3126458"	212.77806875	224.75283125	216.40799375	236.61770625	228.051775	206.3713125	227.67105	209.103475	222.42536875	224.75283125	243.336	190.9587625	191.631825	250.2519625	208.4504625	192.86455
"ILMN_1240471"	5920.0250625	6210.5699375	5235.5604375	4183.4475625	6059.90325	6096.572375	6332.6618125	4396.7099375	5188.1588125	5885.3009375	4834.3839375	5559.051625	6292.2961875	5261.7406875	4253.6859375	5432.2115
"ILMN_2722716"	4115.4703125	4964.116125	3971.043125	5188.1588125	4100.9669375	5071.7954375	5531.992	5824.636	5630.295	3883.6430625	5986.11875	4293.4258125	4667.497625	5920.0250625	6059.90325	3940.2430625
"ILMN_2719487"	326.28495625	335.58544375	384.34065	398.285625	428.2162625	399.316725	344.83418125	439.20473125	331.1162875	355.68825625	319.52645625	389.59186875	318.36661875	342.9916375	342.17348125	392.08263125
"ILMN_2619079"	127.09165	117.94880375	120.172779375	142.114375	115.1817375	133.31306875	119.956154375	112.6187175	129.71258125	119.53205625	108.0295425	133.76694375	111.7973125	129.55834375	117.784730625	150.11764375
"ILMN_1249888"	1651.4259375	1873.4655625	1556.765375	1571.518	1450.9011875	1741.11475	1933.3263125	1793.433875	1876.157875	1829.6575625	1974.2203125	1478.5996875	2033.06075	2056.9218125	1933.3263125	1355.16958125
"ILMN_1213838"	221.24006875	226.0137125	233.70659375	293.02445625	249.77924375	236.95804375	208.8861375	265.15980625	216.67686875	240.45228125	206.018925	249.19909375	248.81170625	217.9913875	262.67929375	203.529425
"ILMN_2748300"	195.7818	191.9776875	269.54261875	253.16974375	181.98435	252.4631	170.2017375	230.0987875	186.82786875	211.1658125	152.22359375	206.018925	233.70659375	178.14129375	229.5596375	199.52053125
"ILMN_2740159"	150.34926875	141.10776875	184.0525875	158.05190625	180.15525625	152.5911625	166.21005625	234.86673125	234.5153	154.55408125	162.286325	185.748925	156.10200625	171.50286875	183.0535	244.98325
"ILMN_1253150"	1217.59461875	1205.7586875	1181.55914375	1052.4328875	1262.084325	1290.79334375	1217.59461875	1340.43134375	1290.79334375	1159.0100875	1049.03378125	1122.48299375	1102.75900625	1249.51303125	1318.1725625	1286.1005125
"ILMN_1219118"	246.43791875	242.38879375	264.523	275.47909375	262.09323125	226.39001875	241.5009	249.460775	252.8984	225.11594375	240.692075	287.6191125	276.12820625	248.3792375	237.7202375	255.342925
"ILMN_2765378"	159.56865625	134.479925	138.10944375	132.9463	137.2026125	147.51644375	120.787834375	150.2414625	162.04371875	155.31084375	150.8607	136.89603125	138.60301875	158.2587875	147.93004375	155.0321
"ILMN_2647427"	320.96831875	303.2110375	341.61043125	308.76860625	268.257725	350.950725	288.4541	375.74753125	303.5227625	289.4902375	381.22103125	304.5775125	250.2519625	353.06145	373.30499375	298.53729375
"ILMN_2601946"	363.591075	369.6460875	325.01405625	307.59543125	310.20375625	298.53729375	362.90645625	361.06348125	375.74753125	365.182425	336.38178125	371.5558125	367.22568125	301.5162	369.0737	396.1385875
"ILMN_2522765"	421.34460625	381.22103125	415.8145375	379.9415625	379.33124375	362.3423375	405.04731875	406.94613125	334.0526875	373.30499375	440.4020125	384.34065	347.6172625	421.78673125	365.57460625	348.55784375
"ILMN_1245079"	5986.11875	5559.051625	6210.5699375	6578.41025	6900.494375	6251.9165625	5458.565	6332.6618125	6474.592	6578.41025	5720.023125	6627.1081875	5720.023125	5592.9835	6927.53375	7228.3994375
"ILMN_2673628"	183.40340625	172.70298125	205.07035	191.1588375	161.551425	190.08255	222.10299375	183.22048125	189.26159375	189.08605625	176.31839375	198.537425	155.31084375	191.45689375	193.3669875	190.26230625
"ILMN_2746107"	1073.825075	1233.78420625	1259.73734375	1208.95903125	1082.09006875	1165.2661875	1188.904225	1149.6691	1130.81324375	1203.07131875	1247.6153875	1279.10915	1228.17379375	1298.1607625	1086.60641875	1389.53755625
"ILMN_2642681"	4327.9955625	4855.10025	4239.0556875	3728.71325	3808.8565	3556.7825	4799.889	3796.041	3996.876	4206.7450625	3741.448875	3971.043125	3583.1270625	3757.6965625	3971.043125	5120.44175
"ILMN_2605094"	1140.3004	1181.55914375	1153.086725	1244.2882125	1062.9545625	1146.39284375	1157.0028125	1135.64869375	1096.2395125	1211.26603125	1181.55914375	1126.81623125	1292.25568125	1176.1765125	1056.7428375	1153.086725
"ILMN_1221225"	130.45783125	122.83345	127.09165	107.10756	148.575225	116.415918125	135.5993875	124.914075	93.885325625	127.4141875	119.687909375	121.307835625	138.9548125	121.52119	85.749341875	96.6042525
"ILMN_2963017"	163.10266875	182.85221875	145.5794125	147.8156375	153.9696625	151.39938125	158.53173125	150.51230625	143.37633125	135.53380625	174.8182375	102.66777125	155.98471875	143.68168125	171.64175	134.78813125
"ILMN_2812935"	1933.3263125	2022.208	1876.157875	2164.478	2016.9168125	1981.51975	1773.0195	2056.9218125	2105.115125	2070.5778125	2281.600125	2052.1315	1919.0003125	2016.9168125	2238.6796875	1944.8068125
"ILMN_2638511"	136.3262875	154.42223125	169.65194375	121.37270625	157.693625	172.353225	161.43203125	130.09806875	134.18521875	160.10634375	149.99069375	174.1205625	145.1658125	150.2414625	138.39070625	165.4697625
"ILMN_2745037"	1529.5255625	1569.421	1532.028875	1161.1970625	1593.675875	1574.8205625	1535.9275625	1233.78420625	1098.48106875	1505.6170625	1359.73494375	1585.203875	1526.519875	1211.26603125	1231.54114375	1412.31079375
"ILMN_2869524"	874.99784375	726.77698125	860.29973125	737.52373125	690.38670625	882.26715625	759.58360625	562.62983125	716.28623125	910.37574375	817.51023125	643.92078125	833.42680625	954.6626875	732.0853625	825.27274375
"ILMN_2607608"	2272.8855	2243.769375	1988.0516875	1968.7001875	2560.1100625	2112.8919375	2264.731375	2070.5778125	1988.0516875	2453.9903125	2369.0618125	2250.7824375	2533.3731875	2098.2055	2416.0603125	1925.171375
"ILMN_2622630"	896.56195625	1032.766675	884.5102875	878.55406875	1136.7809625	997.9165375	1014.6464	1031.5182875	877.80959375	993.2954125	855.91689375	1011.060025	978.4476	905.5100875	913.7848	915.24975
"ILMN_1214375"	659.09488125	669.95110625	549.89674375	710.4593125	651.440175	603.07173125	669.95110625	622.424775	621.29355	704.96834375	728.21921875	615.6507375	716.28623125	801.81858125	716.28623125	616.95135
"ILMN_2756686"	1094.47193125	1170.5943	1050.89158125	1135.64869375	948.13583125	1080.43248125	1077.30364375	1223.86389375	1061.20106875	965.92841875	1363.2152	1071.30986875	1080.43248125	1037.15800625	1044.1645625	980.6937
"ILMN_1223546"	551.0910625	507.9213875	460.98259375	389.59186875	466.434675	521.16900625	571.6147875	401.56864375	466.434675	554.6096625	590.2830875	567.0161125	619.76544375	502.513075	398.8783375	558.30926875
"ILMN_2741899"	724.54374375	695.1960625	692.932175	876.168925	687.17316875	681.12016875	675.1991125	865.75048125	865.75048125	728.21921875	651.440175	706.28880625	711.26331875	764.2097375	835.00675625	724.54374375
"ILMN_1223695"	132.896825	129.44345	139.9945375	114.807048125	152.1062	123.83503125	114.37780875	121.17253375	116.704525625	139.64135625	136.52760625	102.7052575	124.97909375	124.914075	110.81515	132.9463
"ILMN_2724483"	203.7438375	184.75475625	201.32313125	195.7818	204.23965625	191.8118125	179.79511875	206.3713125	185.0267625	247.27466875	226.68588125	205.07035	212.56733125	208.8861375	209.95990625	216.67686875
"ILMN_2615431"	826.7718875	718.119375	924.4569875	749.09235	765.3852875	825.27274375	843.17844375	787.17976875	715.03693125	923.3045875	660.82371875	921.2737875	749.09235	601.77260625	782.2742875	965.92841875
"ILMN_2666406"	1544.4166875	1281.5076125	1363.2152	1163.75175	1392.73844375	1501.8286875	1259.73734375	1172.722225	1228.17379375	1275.825625	1052.4328875	1571.518	1481.7319375	1315.989225	1223.86389375	1292.25568125
"ILMN_2776271"	199.67699375	246.90165	203.16753125	189.08605625	238.7891375	194.44226875	186.2141625	174.6676875	125.0597375	188.93926875	149.1243125	193.07526875	155.57271875	151.29939375	176.99835	153.038975
"ILMN_1245131"	335.0616875	365.57460625	366.8749875	338.47830625	327.20638125	338.47830625	338.969875	420.80611875	401.56864375	344.83418125	360.557825	379.33124375	352.044	393.157475	366.8749875	379.9415625
"ILMN_3145474"	212.036425	174.510375	197.0282375	197.2252125	190.08255	180.15525625	177.32429375	157.42939375	177.7439375	204.0911625	166.7155	204.23965625	191.45689375	166.325525	183.9246375	190.76133125
"ILMN_2630362"	227.120325	216.99501875	273.0291875	271.34849375	272.57405	211.1658125	190.08255	259.57115	255.342925	234.260575	246.70936875	226.0137125	190.76133125	235.25141875	211.1658125	211.1658125
"ILMN_2680440"	4436.122	4363.454875	3862.5035625	3526.0949375	3641.0309375	4082.71825	4376.21475	3275.2453125	3353.5210625	3480.6066875	3526.0949375	3901.5434375	4253.6859375	3883.6430625	3323.130125	3862.5035625
"ILMN_2619718"	186.2141625	168.20095	165.765375	200.7246625	172.70298125	177.622125	166.5747125	200.1958	190.51620625	194.2015	186.2141625	163.813025	149.64721875	180.3295625	212.77806875	164.0783625
"ILMN_2595857"	454.602775	463.44099375	375.74753125	395.5918375	371.001275	457.2691	424.62724375	338.01579375	379.33124375	436.32871875	574.9033	485.53976875	477.51089375	481.47731875	491.08171875	435.835025
"ILMN_2883952"	174.510375	177.502625	179.44441875	161.81215625	164.88851875	187.17769375	149.3582875	194.641925	184.75475625	177.977475	203.529425	225.29593125	193.88205	136.01621875	162.4788625	180.3295625
"ILMN_2644845"	323.1156125	300.83779375	302.4367625	218.5558625	285.20514375	279.61274375	239.3336125	338.47830625	263.91614375	286.81030625	262.94540625	317.6047375	299.838875	280.32616875	293.85094375	300.83779375
"ILMN_2805697"	1104.645125	999.8791	1075.377725	1062.9545625	930.27695625	1016.11661875	1031.5182875	1083.9575	939.87478125	913.7848	1114.7287	1231.54114375	995.77236875	1082.09006875	950.49096875	1071.30986875
"ILMN_2663570"	1948.114	1974.2203125	2137.9463125	1994.359875	2070.5778125	2089.5956875	1994.359875	2313.56925	2342.59925	1964.982125	2223.8230625	2037.840625	2056.9218125	2238.6796875	2264.731375	1959.502625
"ILMN_2615369"	264.24041875	261.23531875	269.9254375	318.03841875	303.5227625	281.32585625	234.260575	296.03155	270.48401875	283.215625	285.79318125	348.09076875	256.2845125	298.81056875	296.03155	267.6644625
"ILMN_2911283"	252.4631	216.1693125	221.5099	231.68000625	254.36886875	264.523	284.88960625	258.75729375	260.86174375	239.3336125	248.03146875	264.8414125	243.0280375	203.36625	212.2325375	265.15980625
"ILMN_1225390"	11065.510875	11495.6474375	11659.052625	12469.35875	10958.433125	11297.6646875	11230.1335625	11408.793	12195.6165625	11938.2769375	11230.1335625	11065.510875	11173.0176875	11938.2769375	11659.052625	12195.6165625
"ILMN_2663741"	2131.0719375	2154.306	2313.56925	2056.9218125	2238.6796875	2228.328875	2007.6768125	2042.1346875	1812.93475	2325.05	1959.502625	2208.8605	2013.110125	1928.6761875	1909.405	2183.460125
"ILMN_3008277"	29198.485625	30659.768125	24643.0425	26401.904375	28088.250625	29991.60125	30659.768125	26401.904375	24643.0425	29198.485625	24643.0425	29198.485625	30659.768125	28088.250625	24643.0425	29198.485625
"ILMN_3001135"	138.33310625	117.65351375	139.7600375	115.3052825	136.79684375	113.638276875	126.15359375	109.678511875	109.63701875	135.35369375	128.8212375	129.37900625	116.25198875	127.28783125	89.46295	143.8182375
"ILMN_2666347"	152.372725	136.52760625	161.68011875	190.08255	127.1895375	156.2078125	132.9463	154.66928125	178.5243375	130.45783125	153.46726875	135.840375	147.05875	204.95320625	159.4634125	124.6910875
"ILMN_2708920"	156.60838125	137.59983125	141.825175	148.93023125	149.3582875	142.3656125	164.88851875	116.415918125	132.205225	140.97510625	129.71258125	157.42939375	153.8393625	151.39938125	138.10944375	142.58573125
"ILMN_2639642"	1964.982125	1905.974125	1868.818125	1569.421	1668.6805625	2143.6614375	1997.4680625	1658.9980625	1680.0055	1855.0858125	1832.8898125	2070.5778125	1959.502625	1691.932625	1581.35175	1937.256125
"ILMN_2749842"	627.058775	654.93716875	627.058775	551.6918875	816.19315625	625.94640625	656.59380625	600.22399375	499.01070625	713.79743125	543.97434375	556.3031625	580.68080625	580.68080625	612.4552625	577.3044
"ILMN_2706421"	183.64101875	172.5337625	175.49864375	169.4552375	200.1958	179.79511875	186.82786875	186.2141625	172.23488125	199.27065	200.7246625	180.15525625	190.08255	196.47584375	226.68588125	172.70298125
"ILMN_2604263"	132.53908125	110.222861875	116.628699375	121.809210625	121.307835625	112.7672725	119.609384375	114.643075	127.72565625	134.18521875	115.0698675	113.480361875	133.0385625	110.64360625	123.5136625	122.6171375
"ILMN_2675681"	263.5487875	249.77924375	260.86174375	233.70659375	323.1156125	239.3336125	274.07449375	245.33235	232.463875	258.75729375	227.4998625	202.5795125	234.86673125	193.5339875	276.12820625	241.0027875
"ILMN_2647372"	96.964593125	103.079254375	101.301193125	124.0164625	74.993045625	101.9212425	85.308429375	135.00350625	139.41925	95.0255825	160.6173125	122.195053125	80.8911	139.87195625	144.260675	72.553500625
"ILMN_1255697"	1553.0540625	1532.028875	1675.8665625	1539.848	1944.8068125	1485.9148125	1560.8211875	1517.980125	1481.7319375	1695.865	1231.54114375	1461.678875	1342.66180625	1294.65333125	1363.2152	1616.891125
"ILMN_2910106"	396.1385875	384.946275	325.79024375	301.5162	388.29455	402.26533125	455.44276875	314.3022625	306.74313125	394.9682625	382.95286875	433.41804375	450.09990625	328.285625	299.09469375	398.8783375
"ILMN_2643067"	1499.0845625	1642.0229375	1488.5588125	1259.73734375	1517.980125	1467.699125	1691.932625	1237.64559375	1154.72575625	1348.860525	1412.31079375	1290.79334375	1539.848	1399.6960125	1194.77774375	1420.65530625
"ILMN_2807084"	1366.5811	1450.9011875	1385.99768125	1265.42595625	1363.2152	1323.73580625	1521.487125	1220.88975625	1153.086725	1301.79445	1505.6170625	1357.73449375	1288.97909375	1443.8409375	1279.10915	1205.7586875
"ILMN_2874128"	5791.554125	5630.295	6843.291125	5986.11875	7144.64825	6210.5699375	5791.554125	6096.572375	5920.0250625	6843.291125	6210.5699375	5720.023125	5791.554125	6578.41025	6292.2961875	5366.7633125
"ILMN_2696110"	311.04498125	372.341475	363.591075	348.55784375	316.35359375	285.20514375	384.946275	376.43794375	311.60259375	372.73630625	334.0526875	272.3043875	374.74366875	325.79024375	341.61043125	342.9916375
"ILMN_2644664"	745.71349375	874.99784375	675.1991125	729.4838	728.21921875	769.2259125	712.6582	719.046825	780.5475	730.96755	769.2259125	816.19315625	811.4076125	785.55970625	787.17976875	697.11445625
"ILMN_2602257"	1061.20106875	1071.30986875	1130.81324375	1056.7428375	874.99784375	1031.5182875	972.734025	843.17844375	932.24933125	997.9165375	1017.5196	950.49096875	958.827475	887.3855875	902.21253125	1052.4328875
"ILMN_2625094"	329.84598125	314.987925	350.2464875	357.68119375	320.36241875	343.51701875	276.746625	379.33124375	347.2855875	279.95749375	277.7191375	328.90161875	335.95439375	293.02445625	423.20989375	262.67929375
"ILMN_1216601"	117.578344375	100.057215625	125.46033125	155.57271875	97.3266925	94.993215	97.388781875	127.1895375	135.1378125	122.6171375	125.9750625	93.649435	94.415228125	107.767169375	129.20803125	133.31306875
"ILMN_2752618"	1340.43134375	1420.65530625	1086.60641875	989.70889375	1215.46968125	1167.6394625	1382.81021875	864.630725	1017.5196	1117.5936875	1217.59461875	1146.39284375	1253.613975	1203.07131875	936.561775	1006.592375
"ILMN_2750225"	174.942675	149.48900625	153.34843125	142.83349375	154.88060625	176.556675	164.552225	159.69138125	157.693625	136.89603125	187.9385375	170.387425	176.556675	177.977475	188.50483125	176.556675
"ILMN_3161263"	465.2150125	473.52364375	396.6321	442.1013375	304.5775125	419.286475	463.44099375	467.39164375	527.07400625	457.2691	549.2649875	394.9682625	433.41804375	442.1013375	423.94420625	371.5558125
"ILMN_2754054"	141.49523125	133.14736875	141.26234375	151.7113	135.92853125	150.64725625	150.11764375	142.249075	132.00056875	136.3262875	130.59743125	127.46519375	176.31839375	127.4141875	144.7298375	148.42471875
"ILMN_1227773"	189.473275	208.8861375	206.84325	211.57503125	220.8166125	195.7818	220.33043125	238.0985	219.13505625	204.23965625	236.39815625	200.56650625	208.2482625	200.89800625	205.81603125	224.75283125
"ILMN_2847950"	579.1233125	618.0341625	653.84860625	579.1233125	669.95110625	719.046825	659.09488125	543.2651625	463.44099375	616.95135	579.1233125	553.6983625	672.2165125	627.058775	605.86194375	545.7415125
"ILMN_1254067"	791.96815625	788.81949375	642.53469375	594.5953875	652.601775	772.78075625	826.7718875	578.27779375	609.015525	640.49278125	725.7171625	682.99356875	745.71349375	668.6408375	614.66899375	698.881425
"ILMN_2756733"	980.6937	958.827475	934.93573125	854.31285625	903.982275	973.91274375	868.936125	831.99635	863.1886875	943.18929375	1008.09605625	1093.05636875	976.8693625	968.52038125	930.27695625	874.99784375
"ILMN_2649610"	144.7298375	153.46726875	165.20645625	157.42939375	148.42471875	145.28875625	139.53805	138.10944375	124.914075	143.37633125	159.69138125	145.1658125	147.701675	140.78546875	123.07411875	155.68575625
"ILMN_1242942"	115.0698675	103.8220475	104.721908125	126.15359375	124.417475	120.867783125	117.863168125	138.2094375	121.048245	133.379225	142.249075	109.91764625	109.279330625	92.144394375	135.71329375	132.00056875
"ILMN_2760116"	579.95534375	551.6918875	588.53715	756.18793125	601.04705625	557.51616875	612.4552625	621.29355	610.8717375	537.3564875	737.52373125	507.9213875	593.64370625	663.46655	753.64794375	528.659375
"ILMN_2982985"	543.2651625	469.40995625	480.16580625	475.084675	484.5622625	487.0973125	519.32630625	495.60464375	507.30178125	586.82305	519.32630625	493.5442	492.318275	506.4152125	510.5569375	587.55103125
"ILMN_1260112"	468.86593125	565.08385	572.9692625	489.587425	562.62983125	544.86930625	531.53671875	764.2097375	494.18310625	623.59819375	469.928175	472.914975	469.928175	514.343425	503.5053625	648.30325625
"ILMN_1258421"	1937.256125	1812.93475	1959.502625	2016.9168125	1901.7284375	1841.8780625	1851.1645625	1864.5806875	2137.9463125	1905.974125	2042.1346875	1937.256125	1841.8780625	2078.9265625	2007.6768125	1884.99275
"ILMN_1259299"	1410.221575	1648.387625	1399.6960125	1385.99768125	1373.50971875	1495.75775	1610.26175	1597.03825	1549.452	1433.597	1574.8205625	1657.091625	1569.421	1585.203875	1461.678875	1447.2469375
"ILMN_2957898"	396.6321	348.09076875	406.94613125	386.81351875	450.87916875	366.3423875	333.03789375	313.27270625	336.38178125	333.03789375	369.0737	350.950725	343.51701875	357.68119375	371.5558125	378.71825625
"ILMN_2629897"	140.504525	167.33055625	188.93926875	147.39860625	135.2270875	175.1317625	162.934825	147.39860625	145.28875625	186.82786875	149.02734375	169.4552375	144.61973125	144.86123125	147.8156375	152.90356875
"ILMN_2658135"	157.83153125	165.765375	173.1835875	141.26234375	161.81215625	143.9201875	174.1205625	138.39070625	176.99835	163.58553125	168.585275	153.695975	167.46681875	212.036425	144.14700625	143.50841875
"ILMN_2875915"	437.71665625	415.8145375	420.2161375	471.9612875	379.9415625	420.2161375	387.2671875	474.47324375	496.93676875	432.68891875	459.588925	406.25033125	397.36328125	373.30499375	432.08651875	365.57460625
"ILMN_1214482"	110.595898125	151.9914375	101.615091875	93.44218875	107.10756	109.821780625	108.84136875	125.1430625	129.44345	119.956154375	107.10756	119.3709175	108.362078125	117.440628125	129.37900625	115.3052825
"ILMN_2987599"	335.58544375	326.82395625	301.5162	266.98208125	258.45333125	324.18878125	328.285625	229.5596375	257.63335	283.540325	329.84598125	296.89524375	292.0348375	347.2855875	245.7140625	303.5227625
"ILMN_1245425"	60944.44125	53803.0675	59554.999375	57838.04	57838.04	59554.999375	59554.999375	56178.88	57838.04	54747.480625	57838.04	56178.88	57838.04	56178.88	59554.999375	57838.04
"ILMN_2748777"	405.7067375	307.59543125	349.2293625	338.01579375	351.55851875	338.969875	294.61255625	371.001275	319.932875	331.1162875	308.440225	337.48220625	365.57460625	341.61043125	339.5567875	383.67525
"ILMN_2791665"	123.91041875	114.928289375	115.243696875	108.960214375	136.89603125	120.24917875	115.143828125	110.187594375	111.979923125	126.7113625	118.15266125	112.075176875	127.72565625	122.11165625	117.440628125	125.9750625
"ILMN_1259678"	1359.73494375	1369.38539375	1138.93230625	1059.9520625	1284.59764375	1416.0072125	1642.0229375	1018.9702	1032.766675	1183.2926625	1599.0994375	1133.0493375	1491.8528125	1563.394625	1128.48683125	1040.3397625
"ILMN_1227237"	158.3846375	105.32240875	155.57271875	189.73489375	150.64725625	143.50841875	136.61658125	159.97255	173.4603	170.6414875	147.39860625	117.94880375	236.130475	150.11764375	193.88205	168.3561625
"ILMN_3022895"	168.585275	118.9281425	140.78546875	126.8687375	156.99936875	123.07411875	152.5911625	121.809210625	131.15114375	157.42939375	134.89306875	124.61303125	133.2308125	140.2900875	117.229330625	155.127325
"ILMN_2892222"	2056.9218125	1836.85825	1994.359875	1621.1950625	2052.1315	2042.1346875	2003.673375	1729.3028125	1675.8665625	2063.82525	1588.2665625	2112.8919375	2047.0441875	1546.757625	1675.8665625	2437.573625
"ILMN_1213055"	664.2749	624.54245	639.4019375	563.63728125	609.015525	637.1031	706.28880625	548.38800625	578.27779375	651.440175	551.0910625	625.94640625	710.4593125	594.5953875	603.75543125	673.8294125
"ILMN_2847269"	4100.9669375	3808.8565	4619.5934375	4436.122	4137.6650625	4152.0380625	4152.0380625	4253.6859375	4100.9669375	4036.32475	4735.2788125	4530.4624375	4206.7450625	4183.4475625	4619.5934375	4270.5875
"ILMN_2607547"	12776.28325	14190.341875	12961.611375	13731.0364375	12469.35875	12469.35875	14190.341875	14760.245625	14190.341875	13172.297875	14760.245625	12776.28325	14190.341875	13172.297875	13983.2231875	14431.91
"ILMN_1233613"	167.6349875	155.68575625	152.5911625	151.9914375	150.99335625	140.8878375	146.69515625	167.46681875	132.4609	150.99335625	151.8665125	169.88470625	105.12222875	158.53173125	129.64690625	153.1769625
"ILMN_1249408"	10574.6365	10958.433125	10333.5746875	11297.6646875	11065.510875	11065.510875	10841.250625	12022.927	12022.927	12022.927	12309.0020625	11495.6474375	11230.1335625	12776.28325	11938.2769375	10127.8905625
"ILMN_2702193"	276.421125	244.36269375	288.4541	267.6644625	269.9254375	256.726675	227.120325	269.31935625	310.557075	267.9434	287.144725	255.71478125	236.75499375	202.26374375	282.668375	319.932875
"ILMN_2988191"	180.922175	184.0525875	178.96955	204.4481	152.69155	194.03785625	216.40799375	210.16245625	212.77806875	200.1958	222.66893125	213.347025	171.83655	231.68000625	210.80955	200.4274125
"ILMN_2687723"	616.95135	542.5852375	867.3996875	759.58360625	788.81949375	917.37219375	730.96755	685.93454375	759.58360625	588.53715	603.75543125	494.73205	718.119375	736.02556875	723.366875	784.02243125
"ILMN_2710353"	1716.46775	1464.879	1093.05636875	704.96834375	1211.26603125	1211.26603125	2158.863875	721.06025	867.3996875	1848.017125	1083.9575	1298.1607625	1638.406375	777.837775	1080.43248125	1459.97975
"ILMN_2807335"	186.66923125	203.7438375	181.23368125	225.56696875	185.59075	166.49685	183.22048125	190.26230625	166.5747125	178.5243375	173.61805	173.37554375	206.64905625	178.28668125	182.10419375	188.73664375
"ILMN_1228590"	170.992825	169.34339375	166.49685	165.34283125	187.17769375	174.1205625	182.85221875	171.64175	156.38801875	164.3968125	188.50483125	157.216325	172.23488125	155.127325	139.15418125	147.51644375
"ILMN_3119914"	235.25141875	267.9434	163.2424375	170.86271875	166.7155	234.260575	287.144725	142.58573125	187.723625	181.0369875	260.86174375	237.210825	225.29593125	276.746625	167.0412125	165.765375
"ILMN_2757019"	174.6676875	199.52053125	197.3707125	229.5596375	194.641925	155.68575625	180.588125	178.81230625	187.17769375	173.4603	207.23683125	207.23683125	150.2414625	189.473275	194.767025	225.768425
"ILMN_2923736"	9598.34675	9598.34675	9972.20525	11065.510875	8729.9628125	9671.8816875	9169.2155	10127.8905625	9753.672125	9490.1536875	9346.0995	9753.672125	9972.20525	9753.672125	9598.34675	9413.28375
"ILMN_2687612"	128.71798125	154.55408125	135.2270875	121.17253375	110.057823125	139.7600375	128.8212375	133.31306875	119.161096875	138.39070625	144.61973125	154.55408125	138.0079125	122.7133125	159.17185	149.02734375
"ILMN_2627300"	2522.957375	2228.328875	2731.420875	2416.0603125	1948.114	2453.9903125	2342.59925	2689.4941875	2608.4428125	2320.2016875	2560.1100625	2593.7214375	2624.439625	2476.998875	2432.0701875	2510.9436875
"ILMN_2653166"	1892.11275	1802.7274375	1892.11275	2131.0719375	1741.11475	1723.53475	1873.4655625	2033.06075	2007.6768125	1630.3749375	1914.436125	1672.5034375	1741.11475	1851.1645625	1981.51975	1737.21975
"ILMN_2874554"	9490.1536875	10674.29	10674.29	10210.935875	11230.1335625	9598.34675	9065.637	9598.34675	9490.1536875	9598.34675	10127.8905625	10060.255125	9065.637	9671.8816875	8729.9628125	8420.7889375
"ILMN_2948663"	206.3713125	208.02386875	248.81170625	203.9486375	239.0553	224.416875	207.70706875	216.67686875	159.81698125	209.95990625	199.67699375	221.24006875	210.16245625	192.86455	231.4094625	200.1958
"ILMN_1254562"	240.2466625	237.7202375	188.33473125	204.81031875	203.7438375	208.2482625	214.63416875	208.614425	188.93926875	208.8861375	220.50859375	217.3990625	218.5558625	175.692725	206.84325	214.63416875
"ILMN_2766279"	1071.30986875	1014.6464	1115.814175	1080.43248125	1115.814175	1058.70305625	954.6626875	986.313625	1011.060025	1194.77774375	968.52038125	1163.75175	989.70889375	980.6937	997.9165375	1029.641025
"ILMN_2723346"	123.07411875	108.11154125	126.03825625	123.91041875	129.8790875	136.98565	102.020853125	136.79684375	138.493975	121.87844875	114.42555875	133.9557875	107.661280625	138.70476875	114.643075	124.34335625
"ILMN_2710151"	401.56864375	368.69168125	373.78556875	386.241725	404.7403875	378.71825625	393.157475	342.9916375	302.4367625	366.8749875	393.157475	374.74366875	447.55898125	397.36328125	313.27270625	375.74753125
"ILMN_1234742"	314.987925	273.60645	345.7649375	419.286475	315.527125	311.953325	295.67068125	352.64973125	346.84835	276.421125	399.316725	259.10294375	286.81030625	445.80331875	359.38050625	246.43791875
"ILMN_2944601"	679.91124375	597.95865625	652.601775	659.09488125	583.84518125	778.8566	633.27214375	728.21921875	697.11445625	653.84860625	618.0341625	659.09488125	759.58360625	692.932175	668.6408375	700.53440625
"ILMN_2703621"	159.81698125	153.34843125	177.622125	179.79511875	158.86419375	173.37554375	156.60838125	166.5747125	167.203	155.68575625	143.8182375	203.9486375	152.5911625	154.55408125	170.04654375	169.4552375
"ILMN_2675765"	151.7113	152.515875	167.203	138.0079125	177.622125	123.61475625	149.64721875	121.4719	123.91041875	161.81215625	149.21289375	146.69515625	163.813025	144.14700625	119.53205625	129.30451875
"ILMN_2706057"	3155.7905625	2963.303625	2955.6293125	2721.8628125	2809.6363125	2781.58875	2770.389	2468.7893125	2468.7893125	2647.8840625	2647.8840625	2955.6293125	2613.0956875	2437.573625	2388.401875	2375.4135
"ILMN_3144761"	302.9173875	285.20514375	297.20371875	334.0526875	369.0737	284.58690625	300.51006875	324.59301875	343.51701875	329.3921125	331.1162875	274.6481375	285.20514375	307.59543125	316.0292125	325.4101375
"ILMN_1253008"	218.5558625	201.62113125	221.015275	277.7191375	276.746625	246.70936875	214.999475	208.8861375	202.26374375	214.87245625	190.26230625	224.416875	217.9913875	189.890575	231.99835625	217.9913875
"ILMN_2755059"	923.3045875	857.74695625	978.4476	864.630725	1183.2926625	955.69085625	1249.51303125	1315.989225	1071.30986875	982.52008125	894.35590625	1123.47035	857.74695625	1085.4797875	1037.15800625	1410.221575
"ILMN_1222682"	431.7225875	496.135925	437.71665625	394.9682625	428.86770625	391.4559875	487.81764375	459.588925	444.5415	437.71665625	491.08171875	476.1185375	456.45375	468.86593125	430.1853875	393.7152125
"ILMN_2667441"	541.8511625	525.57068125	496.135925	499.01070625	457.2691	513.72638125	489.587425	595.21409375	557.51616875	496.135925	537.3564875	507.30178125	543.2651625	581.747025	585.82873125	576.2538625
"ILMN_2840533"	160.10634375	153.8393625	98.185771875	99.884870625	112.075176875	136.61658125	135.92853125	102.66777125	96.087496875	108.06792375	135.00350625	177.502625	125.805925	152.372725	84.950534375	83.650224375
"ILMN_3142789"	159.17185	171.50286875	139.87195625	214.13316875	77.72694125	166.7155	147.05875	241.0027875	258.45333125	145.03638125	243.86538125	240.04690625	169.34339375	250.930975	265.15980625	122.93675
"ILMN_1252400"	173.04038125	179.673275	198.2266625	199.52053125	195.13283125	186.44199375	238.31953125	185.748925	201.62113125	196.7999	223.11305	188.33473125	192.34130625	208.614425	178.28668125	196.029325
"ILMN_1218703"	678.67405625	835.00675625	830.115225	937.8576625	716.28623125	799.0163375	902.21253125	1151.43849375	1140.3004	729.4838	1288.97909375	704.96834375	784.02243125	1191.72529375	1392.73844375	701.97584375
"ILMN_2753589"	1288.97909375	1426.63413125	1357.73449375	1082.09006875	1470.9896875	1197.1950625	1481.7319375	1228.17379375	970.23390625	1447.2469375	1447.2469375	1183.2926625	1395.78575	1402.53706875	1153.086725	1138.93230625
"ILMN_3160697"	1269.33360625	1373.50971875	1231.54114375	1521.487125	1075.377725	1405.39675625	1205.7586875	1337.96778125	1529.5255625	1351.2752375	1521.487125	1249.51303125	1252.1733875	1450.9011875	1549.452	1154.72575625
"ILMN_3127491"	172.0150375	174.1205625	154.42223125	127.537025	133.14736875	165.765375	194.03785625	146.57059375	141.10776875	178.96955	143.9201875	136.10575625	143.50841875	153.46726875	140.8878375	135.5993875
"ILMN_2668886"	262.67929375	243.0280375	286.13239375	242.168325	260.86174375	310.20375625	229.88585625	271.34849375	299.09469375	248.3792375	228.59040625	291.3637	342.9916375	249.460775	264.24041875	279.61274375
"ILMN_1214753"	1517.980125	1723.53475	1700.66975	1588.2665625	1521.487125	1412.31079375	1758.3530625	1389.53755625	1523.2851875	1395.78575	1747.868375	1237.64559375	1369.38539375	1642.0229375	1311.92510625	1170.5943
"ILMN_2669540"	3770.3874375	3445.8880625	3796.041	3445.8880625	4706.18725	3920.65875	3610.6621875	3496.7734375	3496.7734375	4016.5993125	3445.8880625	3358.915875	3699.664375	3307.411375	3480.6066875	3610.6621875
"ILMN_2987015"	184.75475625	203.9486375	186.82786875	183.22048125	161.68011875	168.20095	172.353225	176.12585	185.748925	169.214	195.2914625	187.40104375	200.7246625	177.7439375	189.73489375	205.3047125
"ILMN_2647048"	5207.3271875	5120.44175	5261.7406875	4479.1653125	4880.49925	5559.051625	5071.7954375	4166.331375	4152.0380625	4951.3425625	4206.7450625	5458.565	4951.3425625	4514.3431875	3901.5434375	5284.0041875
"ILMN_2599935"	468.20624375	512.05889375	455.44276875	467.39164375	464.38098125	568.67436875	517.00189375	533.3672125	486.43069375	465.7442	582.72373125	411.01455625	556.3031625	512.05889375	496.93676875	464.38098125
"ILMN_1219231"	1142.3346125	1470.9896875	1001.36695	892.5835875	1167.6394625	1161.1970625	1453.836625	934.93573125	948.13583125	1058.70305625	1355.16958125	1252.1733875	1363.2152	1342.66180625	1050.89158125	1025.50926875
"ILMN_2733465"	130.59743125	139.53805	121.580483125	145.3389	133.76694375	156.7400875	131.80700625	135.2270875	137.2026125	110.873780625	145.674675	147.21659375	146.69515625	139.28285	121.653625	106.745404375
"ILMN_1246127"	120.706985625	141.26234375	124.09359375	133.6731375	120.324115625	120.706985625	141.3552625	134.560175	120.787834375	157.56325625	119.53205625	130.19934375	121.809210625	132.60215	125.1430625	167.33055625
"ILMN_1254878"	3104.4561875	3343.45	3384.2715625	3883.6430625	3114.975	3358.915875	3275.2453125	3862.5035625	3508.3631875	3808.8565	3422.046375	3463.9809375	3248.2679375	3546.5745	3699.664375	3463.9809375
"ILMN_3005211"	535.7323125	636.204775	468.20624375	562.62983125	463.44099375	507.30178125	515.00791875	593.64370625	542.5852375	430.1853875	549.89674375	549.89674375	679.91124375	527.93001875	567.0161125	551.0910625
"ILMN_2842802"	208.614425	237.210825	210.16245625	200.56650625	215.532425	218.88428125	192.86455	216.00235625	191.45689375	199.52053125	241.90995	187.17769375	208.4504625	213.7162125	189.26159375	193.3669875
"ILMN_1243149"	2432.0701875	2388.401875	2070.5778125	2568.4504375	2698.729	2416.0603125	2334.2050625	2624.439625	2827.8411875	2574.93875	2582.3805	2164.478	2916.3459375	2631.082625	2792.5048125	2453.9903125
"ILMN_1229430"	456.45375	526.3651125	638.36458125	622.424775	565.08385	515.00791875	492.8494125	591.56195625	631.9964875	552.80308125	503.5053625	570.62875	463.44099375	528.659375	571.6147875	530.13569375
"ILMN_1231868"	478.98810625	450.87916875	489.587425	567.74288125	546.67505625	538.40756875	448.8247125	486.43069375	570.62875	538.40756875	371.5558125	373.78556875	425.43803125	409.6476375	545.7415125	466.434675
"ILMN_2677197"	152.515875	132.205225	160.10634375	148.42471875	150.11764375	165.03119375	139.41925	172.353225	147.21659375	143.68168125	139.64135625	119.7339625	150.64725625	163.58553125	160.77475625	159.4634125
"ILMN_3138743"	269.0900875	269.54261875	246.43791875	265.53608125	241.740075	295.17453125	279.95749375	255.71478125	222.66893125	233.70659375	267.9434	283.540325	241.740075	295.17453125	239.731575	234.260575
"ILMN_1251534"	193.88205	211.808925	223.11305	231.4094625	202.7771	196.029325	185.43579375	213.7162125	220.08603125	214.999475	217.9913875	192.6032125	194.03785625	209.6493125	216.67686875	181.58448125
"ILMN_3031706"	156.38801875	136.10575625	151.9914375	125.31658125	154.2992875	130.53025625	123.83503125	161.26354375	128.71798125	128.44940625	136.4538875	164.74565625	129.8790875	139.15418125	145.45378125	157.216325
"ILMN_2701207"	423.20989375	396.1385875	418.7329625	392.08263125	334.64200625	436.32871875	373.30499375	448.20770625	438.60243125	396.6321	424.62724375	401.56864375	444.5415	417.2681625	392.65998125	334.64200625
"ILMN_2446990"	258.45333125	253.16974375	243.336	259.57115	184.27898125	268.74179375	259.57115	277.15685625	272.57405	212.56733125	333.03789375	300.13343125	212.036425	318.857075	248.81170625	224.416875
"ILMN_2860479"	1988.0516875	1663.08725	1651.4259375	1781.5615	1654.4488125	1876.157875	1859.51175	1848.017125	2029.4189375	1581.35175	1420.65530625	2042.1346875	1817.268875	1781.5615	1959.502625	1968.7001875
"ILMN_2671266"	449.41195625	467.39164375	411.74715	449.41195625	358.44570625	430.1853875	421.78673125	465.7442	513.18336875	400.818975	542.5852375	509.714725	471.9612875	534.31181875	477.51089375	350.2464875
"ILMN_1251273"	6474.592	6332.6618125	6383.8138125	6474.592	5390.3065625	6292.2961875	5824.636	6292.2961875	5859.1675625	5986.11875	6292.2961875	6136.195875	5762.73775	5885.3009375	5791.554125	6210.5699375
"ILMN_2894057"	176.556675	165.4697625	184.75475625	144.00685625	168.20095	165.20645625	156.2078125	157.693625	150.34926875	179.673275	158.1505875	160.48074375	140.97510625	138.0079125	151.39938125	124.09359375
"ILMN_2671436"	148.575225	155.57271875	153.46726875	144.61973125	130.90685	138.0079125	121.12578875	144.14700625	141.5911125	155.57271875	137.59983125	143.6057375	155.0321	149.64721875	141.26234375	144.53268125
"ILMN_2746055"	955.69085625	976.8693625	900.229325	1042.23654375	1080.43248125	1093.05636875	1054.36065625	997.9165375	946.97265625	877.80959375	1135.64869375	1014.6464	1119.3327375	849.21829375	987.84588125	962.9292375
"ILMN_2704927"	253.5756875	287.144725	256.2845125	274.07449375	294.1801625	228.59040625	242.69094375	272.57405	248.03146875	284.88960625	245.33235	262.94540625	265.969925	183.40340625	264.523	266.54350625
"ILMN_2664040"	25477.855	25477.855	21368.33875	17990.79625	19803.4675	23872.526875	25477.855	18650.413125	19803.4675	21883.9125	23320.495625	26401.904375	23872.526875	22662.46875	20157.430625	23320.495625
"ILMN_3006643"	1290.79334375	1159.0100875	1606.403875	1625.73425	1308.2683375	1255.287775	1172.722225	1426.63413125	1569.421	1467.699125	1262.084325	1423.25485	1167.6394625	1311.92510625	1499.0845625	1672.5034375
"ILMN_2704690"	952.8408625	1002.61314375	874.99784375	819.3952875	805.97924375	844.16524375	811.4076125	965.92841875	894.35590625	964.61938125	880.3431	876.168925	975.55876875	865.75048125	823.80625	944.894575
"ILMN_2919489"	1304.11341875	1413.892925	1174.17459375	1188.904225	1351.2752375	1392.73844375	1402.53706875	1265.42595625	1423.25485	1363.2152	1408.1082625	1412.31079375	1410.221575	1447.2469375	1351.2752375	1325.81468125
"ILMN_1216987"	188.73664375	201.32313125	159.81698125	163.10266875	191.631825	210.80955	205.3047125	154.1588625	164.88851875	140.1893	186.82786875	214.38885	223.28705625	170.04654375	173.37554375	175.28598125
"ILMN_2594779"	206.64905625	232.463875	209.95990625	227.67105	197.96421875	245.7140625	230.4721	194.2015	216.00235625	200.4274125	191.45689375	234.5153	231.05068125	238.0985	201.62113125	241.90995
"ILMN_2881272"	2118.75825	2238.6796875	1974.2203125	2364.6356875	2355.1674375	2375.4135	2148.8818125	3064.3103125	2047.0441875	1884.99275	1851.1645625	2437.573625	2007.6768125	2022.208	2593.7214375	2342.59925
"ILMN_2637180"	242.69094375	284.07173125	230.4721	221.015275	252.4631	282.668375	210.16245625	216.1693125	244.98325	207.23683125	246.90165	221.015275	267.27683125	252.8984	241.90995	250.01338125
"ILMN_2986899"	14190.341875	15811.34625	15649.82375	15066.27	13731.0364375	15811.34625	14431.91	15649.82375	15066.27	14431.91	15312.959375	15811.34625	15066.27	15811.34625	14431.91	13172.297875
"ILMN_1220620"	105.974695	119.900904375	126.15359375	89.4129325	109.87727375	103.933105	96.964593125	124.0164625	110.701926875	122.83345	104.293158125	108.84136875	110.595898125	110.010455625	118.39256	138.493975
"ILMN_2963432"	593.64370625	492.8494125	523.6465625	541.8511625	492.318275	499.01070625	431.7225875	567.0161125	491.08171875	508.66270625	587.55103125	631.9964875	549.89674375	434.11775625	525.57068125	582.72373125
"ILMN_1259794"	202.05618125	226.68588125	180.01171875	201.32313125	243.86538125	208.02386875	220.50859375	233.4838625	244.12235625	233.86650625	220.33043125	196.7999	240.45228125	253.16974375	217.59455	222.66893125
"ILMN_3156058"	491.08171875	454.602775	484.5622625	487.81764375	462.82	522.96660625	411.01455625	463.44099375	541.8511625	453.05573125	476.1185375	491.6045875	502.513075	451.59918125	514.343425	453.55994375
"ILMN_2747792"	196.22610625	245.33235	285.20514375	244.12235625	260.1345875	216.99501875	241.90995	251.30326875	230.4721	357.10310625	251.9778875	212.2325375	179.79511875	246.70936875	242.69094375	285.20514375
"ILMN_2974280"	1083.9575	1135.64869375	1111.68751875	926.7802875	1281.5076125	1098.48106875	1101.2866	889.0091875	833.42680625	1255.287775	908.8836125	1205.7586875	1153.086725	1008.09605625	906.973	1265.42595625
"ILMN_2654624"	476.99363125	778.8566	376.43794375	596.8079375	305.29793125	492.318275	618.0341625	590.2830875	585.82873125	292.4938	649.74345625	582.72373125	533.3672125	804.60284375	408.5570375	519.32630625
"ILMN_2706652"	240.692075	215.26519375	228.59040625	212.77806875	243.64128125	229.10846875	216.1693125	237.210825	219.43544375	205.81603125	237.7202375	208.2482625	201.62113125	174.29655	228.051775	244.12235625
"ILMN_2673768"	143.8182375	153.695975	172.353225	139.15418125	188.0836	164.88851875	147.93004375	130.28583125	146.69515625	173.61805	157.42939375	147.32380625	146.249475	143.8182375	141.90628125	164.19486875
"ILMN_2872246"	292.0348375	269.9254375	282.668375	331.55780625	301.5162	325.01405625	304.5775125	292.76560625	277.15685625	269.9254375	301.5162	282.30319375	267.6644625	308.03741875	304.96008125	269.0900875
"ILMN_2598972"	59554.999375	59554.999375	60944.44125	59554.999375	59554.999375	60944.44125	57838.04	59554.999375	59554.999375	60944.44125	60944.44125	60944.44125	59554.999375	59554.999375	60944.44125	60944.44125
"ILMN_2941972"	204.6013	194.44226875	200.89800625	209.32098125	202.5795125	190.76133125	253.8598	174.8182375	211.3284125	205.3047125	267.27683125	185.88055	207.45166875	215.26519375	250.01338125	214.87245625
"ILMN_2667709"	358.44570625	329.84598125	350.950725	479.6173875	261.23531875	361.06348125	341.61043125	405.7067375	413.1436125	271.0086	418.7329625	363.99298125	296.03155	349.856425	439.64811875	362.90645625
"ILMN_2920008"	351.55851875	361.62028125	444.5415	381.22103125	354.05960625	356.32760625	350.950725	415.8145375	390.72719375	369.6460875	356.32760625	359.99755625	332.17845625	408.5570375	357.10310625	432.68891875
"ILMN_1214358"	948.13583125	943.18929375	804.60284375	928.73256875	876.168925	847.2564125	894.35590625	1023.44788125	1058.70305625	871.928325	1102.75900625	946.97265625	1042.23654375	1228.17379375	1028.2021375	906.973
"ILMN_2711688"	496.135925	398.285625	510.5569375	440.4020125	571.6147875	478.98810625	419.286475	452.3838625	402.7885	467.39164375	361.06348125	546.67505625	491.6045875	344.2023125	469.40995625	516.35701875
"ILMN_2752600"	177.13383125	227.4998625	211.3284125	210.29248125	272.3043875	229.5596375	226.68588125	203.529425	211.808925	221.24006875	189.73489375	223.28705625	244.36269375	217.3990625	199.52053125	234.5153
"ILMN_1234824"	1373.50971875	1440.767375	1114.7287	1240.6907125	905.5100875	1549.452	1337.96778125	1423.25485	1292.25568125	1142.3346125	1311.92510625	1377.04380625	1630.3749375	1252.1733875	1185.554375	1382.81021875
"ILMN_1221418"	691.70765625	793.42196875	739.25601875	609.015525	639.4019375	712.6582	726.77698125	700.53440625	733.7992	789.96631875	715.03693125	817.51023125	747.19006875	782.2742875	640.49278125	744.27988125
"ILMN_1215893"	352.64973125	321.4583	291.3637	245.33235	302.0011375	352.64973125	374.27375	240.2466625	249.77924375	312.35949375	279.95749375	353.06145	345.7649375	308.440225	260.1345875	346.84835
"ILMN_1222246"	643.92078125	639.4019375	619.76544375	474.47324375	695.1960625	693.96675625	566.12206875	558.30926875	497.8212875	601.04705625	483.0917625	551.6918875	595.21409375	504.2750375	417.2681625	630.68256875
"ILMN_1252689"	1154.72575625	997.9165375	1194.77774375	1304.11341875	937.8576625	1085.4797875	1004.4496375	1142.3346125	1203.07131875	1082.09006875	1142.3346125	1114.7287	1028.2021375	1275.825625	1265.42595625	1062.9545625
"ILMN_2758459"	149.3582875	126.6088375	124.76700625	142.48908125	97.240651875	139.64135625	137.74104375	142.0322125	165.765375	120.005404375	164.3968125	161.26354375	164.0783625	180.70965	150.99335625	151.29939375
"ILMN_2992239"	666.30194375	687.17316875	903.982275	835.00675625	835.00675625	682.99356875	666.30194375	844.16524375	987.84588125	886.00486875	640.49278125	572.9692625	503.5053625	1165.2661875	855.91689375	957.3368875
"ILMN_1241909"	108.11154125	130.97268125	113.965685625	122.41531875	112.037173125	129.03165	98.020995625	114.012673125	117.162448125	99.279328125	129.95585625	120.324115625	102.1418825	111.32158375	122.062223125	110.5282575
"ILMN_2595469"	250.65075	226.39001875	200.56650625	219.13505625	267.6644625	223.62086875	244.69550625	220.8166125	236.95804375	260.1345875	219.13505625	245.7140625	278.2667625	283.215625	262.09323125	255.90626875
"ILMN_1248788"	208.02386875	249.460775	221.7632625	253.5756875	246.90165	200.89800625	267.27683125	212.77806875	199.52053125	218.7287625	236.95804375	194.98645	211.808925	208.2482625	222.9096625	171.38676875
"ILMN_1218058"	30659.768125	33503.791875	30659.768125	33503.791875	25477.855	29198.485625	32505.79625	32505.79625	34808.40625	29991.60125	39382.785	31429.665	29991.60125	39382.785	34808.40625	30659.768125
"ILMN_2684413"	500.1246625	418.7329625	555.743425	496.93676875	501.45809375	500.1246625	523.6465625	669.95110625	548.38800625	565.08385	492.8494125	474.47324375	548.38800625	547.767775	595.21409375	565.08385
"ILMN_2634591"	88.92308	81.961036875	84.225499375	135.840375	68.964610625	77.424754375	88.69066375	101.27138125	120.079114375	86.50411875	126.2334375	77.04211875	84.405641875	138.60301875	112.5711125	89.9772
"ILMN_1248005"	129.30451875	121.12578875	119.074268125	120.005404375	138.33310625	115.78272625	124.6910875	108.8992025	109.448013125	115.143828125	110.746616875	129.71258125	141.68094375	108.06792375	125.6313	113.209359375
"ILMN_2728038"	1405.39675625	1719.596	1165.2661875	1174.17459375	1040.3397625	1541.624625	1723.53475	1165.2661875	1355.16958125	1014.6464	1781.5615	1359.73494375	1560.8211875	1695.865	1157.0028125	865.75048125
"ILMN_2950622"	123.61475625	110.486279375	127.537025	137.88758125	133.43806875	132.10626875	136.4538875	126.96625625	127.2450625	127.2450625	121.24155375	108.8992025	105.35851	115.906464375	146.47023125	145.28875625
"ILMN_1225014"	252.8984	254.36886875	253.5756875	389.97513125	275.04995	254.10841875	273.0291875	299.838875	264.24041875	251.9778875	333.580125	286.44878125	227.67105	297.20371875	260.86174375	260.86174375
"ILMN_2757232"	322.15643125	254.823675	259.57115	363.591075	232.7016375	271.68064375	246.22676875	315.527125	427.6186125	314.7001	274.07449375	200.1958	288.4541	290.319825	335.58544375	341.61043125
"ILMN_3079138"	114.532839375	102.33945	134.78813125	216.1693125	93.9439675	95.12855375	114.11353375	221.5099	218.25731875	106.42664125	181.43729375	139.04955625	100.5552075	246.22676875	258.45333125	100.59616
"ILMN_2894960"	137.59983125	145.898675	136.01621875	142.0322125	149.21289375	142.83349375	127.3510375	131.15114375	149.1243125	143.20033125	105.12222875	135.2270875	151.7113	129.44345	126.79658125	112.147399375
"ILMN_2749143"	2731.420875	2668.906125	2613.0956875	3081.9745625	3104.4561875	2522.957375	3125.4125	3282.743375	2800.7055	2681.920625	3216.0641875	2426.33675	2939.1021875	2731.420875	3007.439625	2432.0701875
"ILMN_2635738"	131.7516	121.307835625	124.417475	129.37900625	129.03165	110.81515	133.76694375	130.59743125	125.5333625	108.960214375	109.081111875	115.50622375	121.653625	109.595425625	107.562243125	122.41531875
"ILMN_2753109"	1751.0855	1884.99275	1948.114	1761.7409375	2582.3805	1796.3114375	1832.8898125	1868.818125	1914.436125	1895.11975	2143.6614375	2089.5956875	1928.6761875	1895.11975	1919.0003125	2131.0719375
"ILMN_2592266"	1832.8898125	1832.8898125	2334.2050625	2098.2055	2243.769375	2098.2055	1892.11275	2355.1674375	2461.6148125	1988.0516875	1802.7274375	1817.268875	1944.8068125	1880.222375	2201.56525	2264.731375
"ILMN_1251065"	1481.7319375	1478.5996875	1325.81468125	1597.03825	1402.53706875	1408.1082625	1416.0072125	1412.31079375	1405.39675625	1377.04380625	1616.891125	1402.53706875	1457.8441875	1733.5576875	1541.624625	1279.10915
"ILMN_2682046"	1663.08725	1978.2611875	2047.0441875	1868.818125	2533.3731875	1812.93475	2105.115125	1644.4888125	1733.5576875	2272.8855	1859.51175	2082.9988125	1914.436125	1658.9980625	1873.4655625	2137.9463125
"ILMN_1241444"	136.10575625	144.14700625	135.840375	139.7600375	149.64721875	151.8665125	151.1479625	148.93023125	141.26234375	129.37900625	166.325525	134.89306875	145.79421875	165.765375	188.93926875	137.35951875
"ILMN_2756223"	298.53729375	278.2667625	388.29455	405.7067375	422.1692375	401.56864375	298.53729375	481.47731875	363.99298125	454.602775	330.6628875	314.7001	403.4728625	254.10841875	340.65205625	430.63421875
"ILMN_2630884"	210.16245625	216.00235625	231.4094625	219.84864375	215.6734625	209.95990625	202.05618125	249.19909375	229.10846875	218.25731875	190.08255	227.120325	207.70706875	235.79373125	209.6493125	203.0263
"ILMN_1255745"	304.96008125	279.0067375	368.19235625	324.59301875	408.5570375	311.04498125	343.51701875	345.38940625	298.81056875	295.67068125	324.18878125	359.38050625	324.59301875	318.36661875	331.1162875	316.0292125
"ILMN_2754690"	511.4432375	522.02868125	624.54245	405.04731875	707.6533625	502.513075	476.1185375	406.25033125	355.68825625	570.62875	335.58544375	459.588925	418.7329625	324.18878125	386.241725	551.6918875
"ILMN_2891688"	2158.863875	2383.1305	2369.0618125	2574.93875	2196.211625	2172.82875	2250.7824375	2568.4504375	2432.0701875	2281.600125	2383.1305	2647.8840625	2148.8818125	2624.439625	2272.8855	2118.75825
"ILMN_2643291"	693.96675625	572.9692625	664.2749	820.2931	712.6582	870.534625	744.27988125	640.49278125	741.15223125	673.8294125	690.38670625	543.97434375	774.922225	939.87478125	726.77698125	627.058775
"ILMN_1252210"	1829.6575625	1510.2215	1373.50971875	1340.43134375	1093.05636875	1410.221575	1459.97975	1288.97909375	1495.75775	1133.0493375	1556.765375	1510.2215	1523.2851875	1825.6773125	1205.7586875	1178.73895
"ILMN_2747331"	1997.4680625	1505.6170625	2118.75825	2258.226875	1892.11275	1901.7284375	1505.6170625	2105.115125	2118.75825	2172.82875	1648.387625	1644.4888125	1873.4655625	1761.7409375	2022.208	2013.110125
"ILMN_2744459"	360.557825	363.591075	281.32585625	257.83005	355.68825625	355.68825625	361.06348125	235.25141875	267.6644625	278.67450625	272.79385	331.55780625	346.35661875	271.0086	228.38930625	368.69168125
"ILMN_1236572"	262.94540625	262.67929375	245.7140625	273.60645	230.76646875	212.036425	249.460775	300.83779375	250.2519625	241.740075	289.026225	224.07854375	268.74179375	305.74060625	254.10841875	253.5756875
"ILMN_2668927"	256.2845125	244.98325	189.473275	176.31839375	252.8984	263.5487875	251.62058125	209.6493125	261.69506875	187.40104375	241.740075	234.86673125	272.79385	264.24041875	175.692725	216.40799375
"ILMN_1229082"	6578.41025	6753.8141875	5986.11875	6251.9165625	6292.2961875	6666.436625	6251.9165625	6900.494375	6432.159625	6666.436625	5859.1675625	6927.53375	6627.1081875	6059.90325	5458.565	6136.195875
"ILMN_2754997"	10958.433125	10210.935875	10574.6365	8834.2650625	9346.0995	10443.30125	11065.510875	9249.246625	9413.28375	10574.6365	10060.255125	12309.0020625	10841.250625	10210.935875	9490.1536875	10574.6365
"ILMN_2523256"	1796.3114375	1733.5576875	2033.06075	1925.171375	2131.0719375	1909.405	1638.406375	2013.110125	1793.433875	2052.1315	1501.8286875	1873.4655625	1668.6805625	1751.0855	1855.0858125	1719.596
"ILMN_2642876"	194.767025	196.47584375	177.502625	181.58448125	204.6013	175.49864375	198.537425	158.53173125	214.13316875	196.029325	210.80955	217.59455	176.99835	178.6904875	187.9385375	165.954875
"ILMN_2890301"	1163.75175	982.52008125	1418.00461875	1359.73494375	1288.97909375	1040.3397625	878.55406875	1359.73494375	1205.7586875	1249.51303125	912.53776875	928.73256875	739.25601875	1047.83524375	1197.1950625	1181.55914375
"ILMN_2953301"	1220.88975625	1325.81468125	955.69085625	1115.814175	852.3978375	1228.17379375	1429.7836125	1203.07131875	1172.722225	1083.9575	1290.79334375	1181.55914375	1488.5588125	1320.76196875	1138.93230625	1049.03378125
"ILMN_1258552"	628.2296125	682.99356875	565.08385	682.99356875	584.78806875	628.2296125	692.932175	663.46655	661.9242375	652.601775	794.63866875	600.22399375	742.81638125	809.68798125	728.21921875	625.94640625
"ILMN_2597936"	1159.0100875	1077.30364375	1049.03378125	1065.40696875	1109.27059375	964.61938125	1016.11661875	958.827475	962.9292375	1111.68751875	1138.93230625	1040.3397625	1086.60641875	1049.03378125	995.77236875	1151.43849375
"ILMN_2696247"	2208.8605	2148.8818125	2158.863875	2214.44325	2281.600125	2056.9218125	2070.5778125	2305.095875	2334.2050625	2342.59925	1675.8665625	2214.44325	2208.8605	2033.06075	2118.75825	2196.211625
"ILMN_2639402"	453.05573125	474.47324375	420.80611875	459.588925	489.587425	432.68891875	464.38098125	450.09990625	432.08651875	445.23834375	419.286475	400.818975	411.74715	521.16900625	480.9888125	418.11000625
"ILMN_2688236"	840.31154375	1075.377725	957.3368875	952.8408625	944.894575	1135.64869375	936.561775	1080.43248125	1080.43248125	1075.377725	1002.61314375	1047.83524375	1050.89158125	835.00675625	1052.4328875	1098.48106875
"ILMN_1219375"	229.5596375	275.04995	238.7891375	228.38930625	243.0280375	253.8598	234.5153	206.64905625	221.24006875	223.11305	221.015275	250.01338125	227.4998625	197.56828125	228.82529375	222.9096625
"ILMN_2629856"	365.57460625	371.001275	330.6628875	345.38940625	371.5558125	359.38050625	382.0394125	311.60259375	345.7649375	373.78556875	399.899675	357.10310625	384.34065	317.0260375	338.01579375	364.36604375
"ILMN_2611295"	148.0848125	107.33387125	130.79925	131.43111875	155.81645625	105.60140375	144.260675	132.7850125	126.430475	142.0322125	104.346954375	139.15418125	107.973544375	131.15114375	117.863168125	132.4609
"ILMN_2783940"	129.44345	124.6910875	108.30596375	138.493975	133.0385625	138.493975	132.698425	131.80700625	118.15266125	129.44345	133.2308125	145.03638125	131.3446625	116.704525625	143.68168125	153.9696625
"ILMN_1238805"	136.89603125	126.03825625	140.2900875	151.8665125	130.28583125	145.5794125	142.249075	117.578344375	106.42664125	102.638103125	114.754201875	116.628699375	102.33945	128.71798125	121.12578875	110.010455625
"ILMN_1242011"	165.20645625	166.325525	188.0836	202.5795125	142.83349375	166.87675	165.34283125	182.71784375	165.03119375	157.693625	162.17669375	169.34339375	168.585275	149.99069375	169.65194375	146.69515625
"ILMN_2596230"	227.4998625	218.88428125	194.641925	326.82395625	184.88224375	196.47584375	231.99835625	340.10790625	392.65998125	177.502625	423.94420625	262.09323125	276.421125	409.2603125	377.57789375	174.8182375
"ILMN_2694659"	1115.814175	1008.09605625	1062.9545625	1233.78420625	809.68798125	1056.7428375	1104.645125	1318.1725625	1200.59594375	958.827475	1357.73449375	954.6626875	1054.36065625	976.8693625	1109.27059375	870.534625
"ILMN_2649579"	125.31658125	114.807048125	118.2936625	137.5014625	124.27139375	101.368103125	106.525805625	118.2936625	113.846940625	112.7672725	106.525805625	135.1378125	108.159053125	138.2094375	139.9945375	100.7160925
"ILMN_2622671"	9890.1793125	9169.2155	8285.4875	6136.195875	7591.974125	8420.7889375	9972.20525	6136.195875	6753.8141875	9249.246625	5920.0250625	8994.49525	8492.1395	6474.592	6210.5699375	8640.875375
"ILMN_2789346"	433.41804375	393.7152125	405.04731875	304.13445625	331.55780625	395.5918375	412.55158125	334.0526875	354.61660625	261.69506875	293.02445625	310.20375625	351.55851875	440.4020125	382.43631875	360.557825
"ILMN_1231705"	777.837775	732.0853625	695.1960625	574.9033	685.93454375	651.440175	704.96834375	664.2749	647.28489375	697.11445625	718.119375	695.1960625	715.03693125	789.96631875	588.53715	704.96834375
"ILMN_2745889"	836.24015	926.7802875	730.96755	830.115225	756.18793125	777.837775	1008.09605625	744.27988125	876.168925	808.3092375	838.49383125	799.0163375	809.68798125	788.81949375	811.4076125	867.3996875
"ILMN_1255570"	854.31285625	673.8294125	936.561775	1018.9702	841.8968125	1065.40696875	814.58774375	863.1886875	871.928325	732.0853625	819.3952875	741.15223125	851.2181625	1016.11661875	976.8693625	887.3855875
"ILMN_1253984"	312.35949375	270.48401875	340.10790625	332.17845625	237.210825	465.2150125	236.75499375	358.44570625	327.20638125	275.47909375	310.20375625	318.857075	307.59543125	299.09469375	352.64973125	298.077875
"ILMN_2920753"	148.21475	139.04955625	149.02734375	133.56350625	131.0427625	164.19486875	147.21659375	166.325525	144.00685625	149.21289375	137.88758125	132.9463	135.71329375	142.58573125	144.86123125	128.71798125
"ILMN_2683277"	1002.61314375	950.49096875	1056.7428375	950.49096875	973.91274375	886.00486875	932.24933125	999.8791	855.91689375	976.8693625	843.17844375	986.313625	764.2097375	838.49383125	892.5835875	840.31154375
"ILMN_2876010"	1049.03378125	1467.699125	1065.40696875	955.69085625	1001.36695	972.734025	1464.879	868.936125	1123.47035	1069.8680125	1416.0072125	1021.62443125	1056.7428375	1577.917625	1001.36695	1226.33259375
"ILMN_2704919"	255.342925	238.0985	213.347025	236.130475	200.56650625	232.463875	173.1835875	244.98325	203.529425	239.0553	207.04245	267.9434	216.00235625	236.39815625	217.22279375	279.95749375
"ILMN_2932474"	219.13505625	204.95320625	182.10419375	225.768425	163.41111875	189.73489375	200.7246625	184.49761875	184.49761875	214.38885	217.59455	200.7246625	229.88585625	216.00235625	211.808925	190.51620625
"ILMN_1217864"	133.31306875	132.60215	116.704525625	132.205225	125.9750625	117.784730625	108.362078125	125.5333625	114.37780875	134.2687625	116.415918125	133.14736875	124.914075	107.28637	124.97909375	132.53908125
"ILMN_2597248"	531.53671875	491.08171875	454.602775	411.01455625	455.44276875	523.6465625	493.5442	382.43631875	351.55851875	473.52364375	479.6173875	591.56195625	578.27779375	426.63545	403.4728625	465.2150125
"ILMN_2737381"	150.51230625	176.556675	143.50841875	165.4697625	132.698425	162.6555875	152.90356875	167.0412125	163.95495625	145.45378125	169.4552375	148.8364625	152.22359375	161.551425	161.81215625	143.68168125
"ILMN_1235782"	128.162825	135.35369375	154.55408125	109.22851625	127.46519375	131.80700625	132.00056875	184.88224375	147.05875	114.42555875	128.2565	143.37633125	116.917326875	140.97510625	148.575225	167.0412125
"ILMN_2899022"	231.05068125	244.69550625	267.9434	235.25141875	280.7798125	258.45333125	236.95804375	237.7202375	219.84864375	228.82529375	222.9096625	251.62058125	249.19909375	240.04690625	267.6644625	231.4094625
"ILMN_2757838"	528.659375	546.67505625	560.8079	493.5442	542.5852375	513.18336875	536.63215625	444.5415	502.513075	549.89674375	589.33045	557.51616875	508.66270625	487.81764375	527.93001875	450.09990625
"ILMN_2601525"	1817.268875	1864.5806875	1873.4655625	1948.114	1919.0003125	1864.5806875	1654.4488125	1937.256125	1848.017125	1796.3114375	1751.0855	2047.0441875	1781.5615	1841.8780625	1802.7274375	1829.6575625
"ILMN_2646001"	245.33235	287.6191125	235.25141875	251.62058125	291.65074375	275.47909375	276.12820625	220.33043125	272.79385	245.33235	249.19909375	252.4631	254.10841875	251.62058125	251.62058125	233.2049125
"ILMN_1240537"	150.64725625	158.86419375	108.418080625	124.97909375	109.37994875	137.077675	121.52119	148.21475	142.0322125	152.1062	144.14700625	167.7883625	137.2026125	140.8878375	120.172779375	134.18521875
"ILMN_2629718"	392.08263125	440.4020125	431.16281875	377.57789375	518.60681875	433.41804375	446.23766875	399.899675	384.34065	475.084675	380.48959375	477.51089375	428.2162625	376.90229375	361.62028125	409.6476375
"ILMN_3105343"	690.38670625	831.99635	693.96675625	638.36458125	630.68256875	816.19315625	713.79743125	661.9242375	736.02556875	745.71349375	778.8566	908.8836125	780.5475	796.67608125	691.70765625	716.28623125
"ILMN_2854157"	127.68379375	127.4141875	110.27779375	98.66685125	107.814646875	169.04061875	111.32158375	109.487064375	108.689604375	111.7404775	124.97909375	137.5014625	178.81230625	96.479358125	101.583679375	127.72565625
"ILMN_1240716"	251.9778875	210.80955	252.4631	280.7798125	244.12235625	238.31953125	252.4631	254.10841875	266.98208125	274.6481375	261.69506875	304.96008125	243.86538125	311.953325	288.4541	214.999475
"ILMN_1246992"	1786.308875	1761.7409375	1786.308875	1880.222375	1716.46775	1665.832375	1588.2665625	2016.9168125	1952.964125	2089.5956875	1812.93475	1848.017125	1825.6773125	1778.81175	1751.0855	1997.4680625
"ILMN_2737771"	97.71902875	98.098093125	119.900904375	131.80700625	129.7814125	120.172779375	138.2094375	134.479925	121.307835625	122.50006875	109.448013125	116.5506525	120.787834375	93.801605	137.3024375	136.61658125
"ILMN_1236716"	525.57068125	548.38800625	535.7323125	581.747025	477.51089375	531.53671875	483.0917625	515.71900625	558.30926875	585.82873125	560.8079	580.68080625	523.6465625	564.21346875	535.7323125	583.84518125
"ILMN_2746000"	225.11594375	272.3043875	224.75283125	189.473275	212.56733125	261.69506875	243.336	228.82529375	223.72760625	222.66893125	230.76646875	208.8861375	232.98231875	221.5099	204.95320625	220.50859375
"ILMN_3143842"	124.27139375	114.872921875	124.55214375	126.2334375	143.20033125	118.39256	117.370764375	140.78546875	134.02999375	124.97909375	127.09165	135.92853125	108.11154125	124.76700625	127.68379375	114.0558675
"ILMN_3139103"	803.50789375	882.26715625	579.1233125	844.16524375	543.97434375	841.8968125	924.4569875	880.3431	952.8408625	706.28880625	1146.39284375	910.37574375	915.24975	1031.5182875	958.827475	854.31285625
"ILMN_2589838"	506.4152125	568.67436875	583.84518125	591.56195625	538.40756875	468.86593125	563.63728125	579.95534375	615.6507375	579.1233125	577.3044	536.63215625	588.53715	559.57819375	583.84518125	621.29355
"ILMN_2713060"	1610.26175	1585.203875	2154.306	2297.81	1868.818125	1654.4488125	1668.6805625	2448.833375	1994.359875	1751.0855	1399.6960125	1790.375375	1315.989225	1544.4166875	1928.6761875	2082.9988125
"ILMN_2965123"	353.06145	330.25861875	322.15643125	287.97133125	390.72719375	355.19934375	369.6460875	296.89524375	276.746625	298.81056875	284.88960625	302.0011375	354.05960625	294.61255625	289.4902375	332.17845625
"ILMN_3122864"	333.580125	359.38050625	428.86770625	341.124375	362.3423375	376.90229375	335.58544375	344.83418125	338.01579375	346.84835	320.96831875	382.43631875	338.01579375	319.296625	368.69168125	356.32760625
"ILMN_2874422"	296.50191875	221.5099	265.969925	253.8598	324.59301875	241.2465625	242.168325	264.523	214.999475	295.17453125	225.11594375	247.27466875	239.0553	263.5487875	232.463875	230.4721
"ILMN_2914347"	117.7128925	135.1378125	149.3582875	162.80370625	145.898675	153.46726875	118.15266125	143.6057375	155.31084375	135.92853125	108.9940325	144.53268125	133.9557875	167.33055625	173.61805	129.44345
"ILMN_2973897"	15811.34625	15649.82375	14190.341875	16150.026875	16150.026875	15066.27	16461.675	17009.528125	15649.82375	14760.245625	17009.528125	14431.91	17009.528125	18287.449375	15312.959375	13983.2231875
"ILMN_2776700"	162.4788625	141.49523125	130.4140875	191.9776875	153.46726875	160.48074375	177.13383125	176.556675	162.934825	141.26234375	190.9587625	170.992825	167.0412125	217.59455	179.79511875	126.79658125
"ILMN_1215233"	730.96755	765.3852875	748.15424375	725.7171625	831.99635	849.21829375	819.3952875	804.60284375	788.81949375	825.27274375	754.62749375	769.2259125	863.1886875	719.046825	761.0036625	898.38510625
"ILMN_1222607"	1668.6805625	1541.624625	1964.982125	1859.51175	1599.0994375	1719.596	1443.8409375	1799.4763125	1716.46775	1700.66975	1644.4888125	1786.308875	1515.7341875	1651.4259375	1781.5615	1691.932625
"ILMN_1243752"	1928.6761875	1964.982125	1812.93475	1532.028875	1829.6575625	1802.7274375	1981.51975	1812.93475	1684.229	1729.3028125	1790.375375	2158.863875	2042.1346875	1952.964125	1747.868375	1712.4669375
"ILMN_1246298"	125.36169375	114.643075	157.56325625	150.11764375	127.9695	130.45783125	127.4141875	149.02734375	150.11764375	137.077675	139.41925	115.243696875	117.29396875	142.114375	149.21289375	124.14365
"ILMN_1241088"	147.93004375	132.30241875	148.93023125	149.79191875	139.53805	127.09165	118.9281425	120.867783125	111.149335625	135.5993875	152.5911625	146.57059375	123.67819375	135.53380625	130.19934375	124.85291875
"ILMN_2919777"	1884.99275	1563.394625	1825.6773125	1467.699125	2491.2391875	1851.1645625	1651.4259375	1610.26175	1491.8528125	1593.675875	1255.287775	1716.46775	1884.99275	1429.7836125	1436.6275	1630.3749375
"ILMN_2727980"	166.5747125	159.17185	155.0321	146.57059375	156.2078125	168.80715	199.27065	146.35961875	148.0848125	173.04038125	121.735439375	151.8665125	159.69138125	152.22359375	159.3464375	165.20645625
"ILMN_2875251"	406.25033125	386.241725	287.97133125	250.01338125	279.61274375	309.742025	372.341475	319.52645625	330.25861875	302.4367625	364.36604375	327.851675	414.16425625	388.29455	304.5775125	336.88030625
"ILMN_2655586"	112.450651875	146.828925	135.42206875	132.896825	171.38676875	134.66733125	140.599075	130.97268125	116.345684375	135.1378125	113.0331475	149.87991875	152.372725	127.46519375	148.7124	144.86123125
"ILMN_3150296"	389.97513125	423.20989375	342.5941	392.65998125	363.591075	393.157475	467.39164375	466.434675	432.68891875	389.59186875	438.60243125	436.32871875	431.7225875	492.8494125	451.59918125	324.18878125
"ILMN_2677065"	141.90628125	160.23875	155.432225	140.1893	146.0064625	140.504525	163.10266875	133.87325625	118.39256	164.552225	137.35951875	153.8393625	162.286325	130.97268125	134.32206875	160.23875
"ILMN_2984647"	1691.932625	1630.3749375	1565.7745625	1288.97909375	1909.405	1675.8665625	1778.81175	1377.04380625	1541.624625	1565.7745625	1470.9896875	1560.8211875	1994.359875	1470.9896875	1485.9148125	1793.433875
"ILMN_3095257"	571.6147875	584.78806875	661.9242375	762.295575	622.424775	543.2651625	560.8079	785.55970625	819.3952875	569.2850875	567.74288125	579.1233125	541.213475	608.020025	725.7171625	690.38670625
"ILMN_2731592"	107.973544375	124.85291875	116.987925	128.2565	110.486279375	108.30596375	105.904315625	108.11154125	117.7128925	102.840029375	112.6187175	102.30998375	100.3090925	106.286755625	147.39860625	133.56350625
"ILMN_3121784"	217.3990625	203.16753125	176.8443625	208.614425	198.986275	219.84864375	165.4697625	248.81170625	255.71478125	192.157875	257.3934125	242.69094375	221.7632625	206.84325	203.7438375	177.7439375
"ILMN_1258998"	166.49685	172.0150375	190.76133125	167.7883625	185.25490625	175.28598125	149.48900625	240.45228125	194.767025	191.631825	172.353225	144.9504375	177.622125	212.77806875	238.31953125	251.9778875
"ILMN_2635260"	121.653625	139.7600375	142.48908125	185.0267625	116.75566875	135.92853125	143.9201875	167.96165625	204.6013	120.867783125	198.537425	130.97268125	144.7298375	189.26159375	157.9106125	141.3552625
"ILMN_2629648"	490.5482625	369.0737	477.51089375	543.2651625	541.213475	492.8494125	445.23834375	457.2691	496.135925	459.588925	432.08651875	554.6096625	457.93085	389.97513125	555.743425	475.084675
"ILMN_1236376"	467.39164375	453.55994375	527.07400625	439.64811875	535.7323125	503.5053625	456.45375	502.513075	467.39164375	469.928175	417.2681625	483.0917625	403.94156875	468.20624375	460.98259375	484.5622625
"ILMN_2610810"	253.16974375	217.9913875	227.120325	204.6013	226.39001875	204.95320625	229.5596375	188.73664375	200.1958	219.84864375	210.16245625	230.0987875	276.746625	221.24006875	202.26374375	204.6013
"ILMN_2767227"	1325.81468125	1065.40696875	1226.33259375	1382.81021875	1342.66180625	1205.7586875	1135.64869375	1429.7836125	1308.2683375	1423.25485	1328.9357	1128.48683125	1237.64559375	1244.2882125	1416.0072125	1231.54114375
"ILMN_2908546"	502.513075	491.6045875	488.60263125	484.5622625	552.80308125	495.60464375	511.4432375	491.08171875	490.5482625	484.5622625	539.54431875	579.95534375	458.6657375	460.56375625	481.47731875	521.16900625
"ILMN_2742293"	1226.33259375	1331.98633125	1279.10915	1377.04380625	1379.9554375	1298.1607625	1405.39675625	1325.81468125	1359.73494375	1253.613975	1488.5588125	1269.33360625	1298.1607625	1499.0845625	1440.767375	1217.59461875
"ILMN_2878486"	166.87675	195.13283125	206.64905625	195.2914625	219.43544375	173.61805	204.0911625	250.01338125	213.04775625	236.75499375	218.7287625	241.90995	209.6493125	229.10846875	287.97133125	258.45333125
"ILMN_3163572"	190.9587625	231.05068125	219.84864375	174.6676875	196.22610625	215.26519375	187.40104375	192.157875	190.76133125	201.62113125	178.5243375	209.32098125	225.11594375	184.0525875	195.2914625	203.16753125
"ILMN_2839313"	236.61770625	289.80645	148.575225	138.10944375	151.9914375	183.22048125	302.9173875	171.83655	161.551425	147.05875	219.84864375	260.86174375	220.33043125	210.29248125	141.10776875	211.3284125
"ILMN_2713879"	146.249475	156.99936875	172.23488125	178.5243375	156.10200625	193.3669875	183.0535	184.0525875	176.31839375	182.10419375	150.78871875	162.80370625	168.20095	182.85221875	188.73664375	163.95495625
"ILMN_3127704"	220.33043125	203.0263	226.2570875	228.051775	203.9486375	197.96421875	169.04061875	223.72760625	224.75283125	213.347025	193.07526875	203.36625	205.3047125	202.7771	205.3047125	211.808925
"ILMN_2917540"	2890.73225	2533.3731875	2721.8628125	2305.095875	3186.193375	2800.7055	2850.1111875	2258.226875	2125.5966875	2641.6040625	2364.6356875	2731.420875	2582.3805	2334.2050625	2369.0618125	2468.7893125
"ILMN_2605630"	937.8576625	955.69085625	1140.3004	1136.7809625	1102.75900625	965.92841875	877.80959375	968.52038125	978.4476	1029.641025	896.56195625	976.8693625	896.56195625	896.56195625	991.49634375	1126.81623125
"ILMN_2712427"	482.1791625	509.714725	513.18336875	510.5569375	446.23766875	485.53976875	513.72638125	545.7415125	503.5053625	485.53976875	492.318275	593.64370625	468.86593125	660.82371875	627.058775	460.98259375
"ILMN_3160750"	110.746616875	105.504701875	130.45783125	119.23269	143.9201875	122.31927	112.6187175	126.79658125	137.077675	116.82452	99.08414	119.53205625	103.526888125	121.24155375	133.56350625	115.83833375
"ILMN_2880346"	219.43544375	199.94305625	247.57271875	246.43791875	255.71478125	226.2570875	263.5487875	204.6013	230.0987875	220.33043125	193.5339875	231.99835625	228.38930625	211.3284125	222.42536875	223.62086875
"ILMN_1221011"	1416.0072125	1382.81021875	1574.8205625	1668.6805625	1290.79334375	1413.892925	1272.7707375	1351.2752375	1457.8441875	1325.81468125	1389.53755625	1499.0845625	1284.59764375	1408.1082625	1426.63413125	1281.5076125
"ILMN_3066763"	160.37689375	150.99335625	143.9201875	151.49008125	149.99069375	130.28583125	136.79684375	114.0558675	131.27735	142.249075	140.8878375	110.5282575	138.70476875	197.0282375	128.71798125	116.917326875
"ILMN_2679591"	136.61658125	132.896825	158.6875	164.3968125	144.53268125	135.840375	145.79421875	198.2266625	170.387425	156.49079375	134.18521875	163.95495625	132.9463	136.89603125	164.74565625	141.10776875
"ILMN_1247302"	244.36269375	208.2482625	224.416875	216.00235625	248.81170625	226.0137125	214.13316875	218.7287625	215.6734625	210.16245625	210.5832875	255.342925	262.67929375	216.67686875	243.86538125	218.5558625
"ILMN_2758300"	863.1886875	855.91689375	721.06025	782.2742875	752.23520625	756.18793125	958.827475	830.115225	943.18929375	851.2181625	900.229325	915.24975	803.50789375	854.31285625	894.35590625	946.97265625
"ILMN_2799667"	2881.650875	2939.1021875	2631.082625	2461.6148125	2721.8628125	2809.6363125	3216.0641875	2364.6356875	2305.095875	2608.4428125	2955.6293125	2770.389	2907.421375	2928.994125	2183.460125	2681.920625
"ILMN_2640203"	1467.699125	1377.04380625	1211.26603125	1423.25485	1459.97975	1464.879	1377.04380625	1485.9148125	1648.387625	1357.73449375	1476.0480625	1373.50971875	1535.9275625	1574.8205625	1526.519875	1515.7341875
"ILMN_2904819"	3883.6430625	3699.664375	3031.3415	3331.7243125	3367.8920625	3996.876	3796.041	3508.3631875	3592.45975	3041.47075	3699.664375	4036.32475	3834.3006875	4059.5295	3526.0949375	3186.193375
"ILMN_2658153"	388.98266875	372.73630625	442.1013375	327.851675	405.7067375	336.88030625	400.818975	416.5290125	405.04731875	388.29455	413.1436125	365.182425	375.74753125	416.5290125	353.62091875	395.5918375
"ILMN_2761181"	10724.79525	10574.6365	10210.935875	10127.8905625	10127.8905625	11659.052625	11173.0176875	10443.30125	10210.935875	10841.250625	12195.6165625	11230.1335625	10958.433125	11173.0176875	10724.79525	10443.30125
"ILMN_1226520"	282.30319375	336.88030625	317.6047375	272.3043875	352.044	262.09323125	386.81351875	308.76860625	243.64128125	322.65033125	423.20989375	261.69506875	265.15980625	422.1692375	297.20371875	219.43544375
"ILMN_2611352"	1377.04380625	1359.73494375	1499.0845625	1515.7341875	1581.35175	1402.53706875	1359.73494375	1459.97975	1601.894875	1703.268	1402.53706875	1408.1082625	1512.9835625	1423.25485	1585.203875	1405.39675625
"ILMN_2846731"	912.53776875	894.35590625	894.35590625	941.899225	986.313625	923.3045875	777.837775	964.61938125	1028.2021375	902.21253125	1106.1448625	854.31285625	954.6626875	982.52008125	941.899225	919.02419375
"ILMN_2767057"	183.0535	163.95495625	194.98645	191.631825	182.10419375	154.2992875	170.992825	162.934825	171.50286875	179.20448125	163.41111875	167.46681875	170.387425	151.8665125	168.585275	153.34843125
"ILMN_3041584"	135.71329375	146.0064625	120.931299375	117.863168125	126.0942125	121.994118125	141.68094375	121.52119	114.97474375	115.45249	111.496716875	119.825093125	111.382021875	98.255631875	115.570525	125.36169375
"ILMN_2998593"	2355.1674375	2320.2016875	2453.9903125	2491.2391875	2148.8818125	2272.8855	2461.6148125	2593.7214375	2397.767	2297.81	2238.6796875	2541.381	2183.460125	2618.0886875	2453.9903125	2613.0956875
"ILMN_1244424"	146.0064625	147.701675	127.9695	128.63870625	118.15266125	128.2565	165.20645625	133.379225	143.8182375	140.504525	175.1317625	111.979923125	145.45378125	144.9504375	142.83349375	138.33310625
"ILMN_2697918"	3853.270625	4559.2555625	4253.6859375	3624.416875	3834.3006875	4115.4703125	4253.6859375	4152.0380625	3920.65875	4514.3431875	4964.116125	3996.876	4479.1653125	4559.2555625	4344.53675	4253.6859375
"ILMN_2958099"	19803.4675	19253.191875	19803.4675	20822.085625	20157.430625	19803.4675	17009.528125	20822.085625	20157.430625	20157.430625	18650.413125	19803.4675	17526.455625	15649.82375	19253.191875	21368.33875
"ILMN_3093622"	122.93675	105.28630125	120.867783125	140.599075	94.271165625	119.609384375	146.9285625	147.93004375	124.6910875	124.85291875	123.17825	120.403178125	129.37900625	127.2450625	138.0079125	123.5136625
"ILMN_3125764"	285.79318125	333.03789375	112.89919625	115.570525	151.29939375	277.15685625	281.8167875	150.11764375	215.532425	152.90356875	334.64200625	276.421125	328.90161875	382.0394125	149.99069375	167.203
"ILMN_1235196"	272.3043875	287.97133125	291.65074375	284.88960625	249.19909375	311.60259375	255.71478125	292.0348375	342.17348125	338.01579375	215.6734625	358.44570625	313.27270625	257.3934125	304.13445625	328.90161875
"ILMN_2700126"	177.32429375	179.20448125	202.7771	212.56733125	200.4274125	195.500075	163.95495625	213.347025	225.11594375	196.47584375	259.10294375	173.61805	160.23875	263.31391875	257.83005	142.3656125
"ILMN_2749383"	134.093925	137.5014625	132.00056875	121.994118125	123.372175	124.85291875	113.846940625	122.062223125	106.146181875	105.931525	115.70334	141.68094375	117.94880375	107.814646875	114.012673125	99.41942625
"ILMN_2725807"	494.73205	427.6186125	544.86930625	517.529525	543.2651625	494.18310625	486.43069375	473.52364375	538.40756875	476.99363125	374.27375	364.36604375	479.6173875	543.97434375	466.434675	490.5482625
"ILMN_1223327"	108.0295425	110.27779375	107.661280625	146.69515625	94.81676375	97.700478125	133.0385625	111.979923125	114.4755325	95.7701925	132.30241875	116.415918125	113.562564375	125.88055625	116.13573125	90.783840625
"ILMN_1241785"	395.5918375	375.74753125	341.124375	361.62028125	372.341475	320.69589375	431.16281875	411.01455625	384.946275	364.36604375	345.38940625	349.2293625	364.36604375	327.851675	329.3921125	329.3921125
"ILMN_2859778"	1848.017125	1700.66975	1997.4680625	1914.436125	2078.9265625	1988.0516875	1895.11975	1790.375375	1745.095625	1808.6184375	1836.85825	1859.51175	1796.3114375	1476.0480625	1914.436125	1621.1950625
"ILMN_2790512"	578.27779375	677.79639375	597.95865625	685.93454375	568.67436875	587.55103125	672.2165125	684.55906875	732.0853625	612.4552625	741.15223125	681.12016875	661.9242375	713.79743125	739.25601875	654.93716875
"ILMN_3143358"	166.325525	172.23488125	197.56828125	165.20645625	195.500075	160.10634375	195.500075	172.70298125	159.0277875	177.7439375	156.7400875	144.00685625	171.64175	168.3561625	146.828925	205.534625
"ILMN_2648034"	124.50436875	143.9201875	138.0079125	157.216325	134.32206875	146.57059375	117.7128925	128.8212375	147.8156375	127.9695	142.48908125	137.74104375	128.2565	114.250825	122.245771875	141.68094375
"ILMN_2752665"	269.9254375	226.2570875	283.540325	259.10294375	244.98325	260.1345875	271.34849375	313.732625	237.7202375	249.19909375	209.95990625	311.60259375	253.8598	239.731575	238.7891375	289.026225
"ILMN_1248657"	341.124375	361.06348125	418.11000625	355.19934375	399.899675	382.43631875	369.0737	410.47876875	371.5558125	393.7152125	325.01405625	340.65205625	321.4583	340.10790625	418.11000625	480.9888125
"ILMN_1245813"	446.23766875	605.86194375	442.89155	428.86770625	410.47876875	437.71665625	684.55906875	418.7329625	448.8247125	471.9612875	645.18645625	420.2161375	453.05573125	728.21921875	405.04731875	480.16580625
"ILMN_1248347"	137.077675	155.432225	140.8878375	136.4538875	128.020125	136.4538875	124.09359375	155.127325	138.8329125	124.914075	134.479925	146.249475	125.9750625	127.62435625	141.5911125	122.062223125
"ILMN_1258638"	173.61805	138.493975	169.214	214.999475	178.96955	161.81215625	144.14700625	195.13283125	198.73825	159.3464375	160.23875	178.81230625	155.432225	167.7883625	203.36625	176.31839375
"ILMN_2695526"	1075.377725	1044.1645625	1002.61314375	882.26715625	1597.03825	1032.766675	1115.814175	857.74695625	913.7848	1185.554375	703.5802625	873.73599375	1144.45039375	754.62749375	896.56195625	1086.60641875
"ILMN_1221102"	607.033175	530.13569375	543.2651625	524.4077875	548.38800625	570.62875	590.2830875	610.8717375	593.64370625	581.747025	716.28623125	544.86930625	621.29355	605.86194375	574.1261625	569.9199
"ILMN_1235751"	1091.12875625	984.3163125	1163.75175	1054.36065625	1231.54114375	1172.722225	1061.20106875	1054.36065625	1009.5939125	1128.48683125	1025.50926875	1091.12875625	964.61938125	962.9292375	968.52038125	1342.66180625
"ILMN_1249032"	1574.8205625	1601.894875	2214.44325	1544.4166875	1812.93475	1440.767375	1457.8441875	1433.597	1157.0028125	1723.53475	1157.0028125	1729.3028125	1098.48106875	1220.88975625	1288.97909375	1418.00461875
"ILMN_2657175"	8834.2650625	8420.7889375	7935.557625	7504.3965	7884.927125	8285.4875	8212.2020625	7184.1275	8212.2020625	8729.9628125	8729.9628125	8492.1395	9249.246625	8907.919	8994.49525	9490.1536875
"ILMN_1240735"	254.36886875	310.557075	289.80645	308.03741875	327.851675	244.12235625	289.80645	266.54350625	271.34849375	321.4583	325.4101375	235.43113125	299.09469375	323.41438125	291.65074375	312.7451875
"ILMN_1232195"	178.28668125	184.27898125	229.10846875	255.342925	201.32313125	167.96165625	154.55408125	205.81603125	225.29593125	223.62086875	194.767025	160.37689375	165.765375	195.500075	204.0911625	198.2266625
"ILMN_2757087"	166.7155	222.66893125	214.63416875	194.44226875	218.5558625	183.40340625	216.00235625	182.32083125	202.05618125	206.84325	153.34843125	154.2992875	213.93013125	163.41111875	181.43729375	136.01621875
"ILMN_3133817"	179.44441875	190.51620625	225.29593125	220.08603125	206.018925	220.50859375	188.33473125	216.99501875	209.95990625	199.67699375	179.44441875	179.79511875	237.44534375	188.50483125	184.88224375	186.44199375
"ILMN_3052726"	219.84864375	260.86174375	234.86673125	293.85094375	208.02386875	226.68588125	308.76860625	283.540325	296.03155	233.4838625	304.96008125	310.557075	312.7451875	296.89524375	292.76560625	226.2570875
"ILMN_3160792"	9169.2155	9065.637	8492.1395	6791.54225	9671.8816875	9249.246625	9346.0995	6716.896125	6716.896125	8907.919	7504.3965	9065.637	9346.0995	7630.668	6520.82825	8907.919
"ILMN_1214239"	2491.2391875	2297.81	2816.5711875	3018.412625	2172.82875	2364.6356875	2258.226875	2541.381	2618.0886875	2533.3731875	2453.9903125	2747.872	2003.673375	2608.4428125	2738.6715	2325.05
"ILMN_2617775"	182.71784375	194.641925	169.34339375	223.28705625	175.49864375	215.6734625	181.23368125	205.3047125	201.08705	178.28668125	194.2015	163.10266875	204.81031875	204.0911625	182.32083125	177.977475
"ILMN_1247585"	121.37270625	112.970866875	147.701675	129.95585625	124.6910875	116.87479875	109.279330625	132.698425	119.609384375	138.70476875	99.843674375	119.161096875	120.867783125	132.00056875	117.370764375	146.47023125
"ILMN_2946608"	1974.2203125	1981.51975	1933.3263125	1753.9889375	2593.7214375	1919.0003125	2223.8230625	1892.11275	2016.9168125	2137.9463125	1988.0516875	1812.93475	2223.8230625	1884.99275	2003.673375	2148.8818125
"ILMN_2949217"	132.30241875	130.53025625	121.12578875	130.4140875	115.3635675	137.35951875	123.372175	129.64690625	142.66521875	147.39860625	124.0164625	152.1062	148.575225	126.430475	109.448013125	148.7124
"ILMN_1216842"	169.65194375	152.1062	150.64725625	160.10634375	111.61705875	161.04661875	160.77475625	177.622125	171.22390625	153.038975	179.673275	166.7155	170.2017375	158.05190625	154.42223125	134.66733125
"ILMN_2627557"	629.7449375	709.30966875	747.19006875	732.0853625	739.25601875	715.03693125	614.66899375	900.229325	784.02243125	716.28623125	601.04705625	709.30966875	657.738425	567.74288125	665.2559875	952.8408625
"ILMN_2706014"	198.73825	219.84864375	214.38885	220.8166125	224.07854375	214.38885	295.17453125	320.96831875	257.3934125	230.0987875	203.36625	193.3669875	180.15525625	192.157875	195.13283125	260.1345875
"ILMN_1230505"	173.1835875	197.96421875	212.77806875	294.1801625	199.27065	189.08605625	166.325525	228.38930625	242.38879375	232.463875	208.8861375	216.40799375	182.71784375	205.81603125	227.4998625	243.86538125
"ILMN_2733356"	999.8791	917.37219375	1017.5196	1028.2021375	896.56195625	948.13583125	928.73256875	1008.09605625	936.561775	1161.1970625	932.24933125	1054.36065625	968.52038125	952.8408625	1115.814175	1220.88975625
"ILMN_1226035"	825.27274375	764.2097375	1011.060025	905.5100875	854.31285625	905.5100875	823.80625	817.51023125	957.3368875	863.1886875	854.31285625	807.2088	943.18929375	917.37219375	845.59393125	844.16524375
"ILMN_1255564"	172.353225	160.6173125	203.36625	224.07854375	214.87245625	176.8443625	180.15525625	257.83005	200.4274125	213.04775625	148.0848125	167.0412125	164.19486875	176.7156375	219.43544375	258.75729375
"ILMN_1220132"	250.01338125	273.0291875	233.86650625	254.10841875	244.69550625	248.03146875	209.6493125	259.83235	252.4631	256.2845125	269.31935625	253.5756875	233.4838625	274.07449375	271.68064375	227.4998625
"ILMN_2607474"	130.6918125	142.249075	115.017581875	127.3510375	166.87675	117.515893125	142.48908125	124.76700625	103.16863125	119.609384375	121.653625	114.97474375	141.5911125	110.1219775	135.92853125	119.43970125
"ILMN_2706964"	153.038975	159.81698125	169.88470625	153.9696625	157.9106125	155.81645625	156.99936875	166.7155	171.38676875	147.93004375	172.23488125	139.41925	156.60838125	138.9548125	158.2587875	147.93004375
"ILMN_2943685"	469.928175	492.318275	515.00791875	538.40756875	569.2850875	464.38098125	588.53715	552.80308125	461.81859375	452.3838625	569.9199	514.343425	515.00791875	571.6147875	512.05889375	574.1261625
"ILMN_2635348"	539.54431875	541.213475	622.424775	556.3031625	566.12206875	524.4077875	522.02868125	564.21346875	563.63728125	559.57819375	545.7415125	523.6465625	538.40756875	583.84518125	533.3672125	549.2649875
"ILMN_2690772"	814.58774375	867.3996875	759.58360625	787.17976875	803.50789375	845.59393125	903.982275	766.57840625	886.00486875	788.81949375	867.3996875	808.3092375	860.29973125	787.17976875	744.27988125	754.62749375
"ILMN_2607964"	171.22390625	257.63335	159.97255	197.3707125	193.3669875	163.2424375	241.740075	197.75609375	159.3464375	170.387425	231.68000625	166.21005625	158.53173125	170.387425	177.977475	170.6414875
"ILMN_2653881"	3610.6621875	3796.041	3496.7734375	3610.6621875	3409.3478125	3353.5210625	3572.0115	3770.3874375	3572.0115	3353.5210625	3583.1270625	3658.924875	3445.8880625	3534.9343125	3358.915875	3672.7575
"ILMN_1257485"	739.25601875	608.020025	608.020025	588.53715	660.82371875	639.4019375	607.033175	637.1031	574.9033	666.30194375	609.015525	569.2850875	652.601775	647.28489375	579.1233125	664.2749
"ILMN_2637624"	457.93085	409.6476375	534.31181875	465.2150125	416.5290125	517.00189375	427.12645	518.60681875	456.45375	439.64811875	505.60308125	471.9612875	442.1013375	464.38098125	428.86770625	482.1791625
"ILMN_1223176"	424.62724375	451.59918125	432.68891875	513.18336875	494.73205	445.23834375	395.5918375	436.96919375	376.90229375	395.5918375	437.71665625	346.35661875	378.71825625	382.95286875	454.602775	411.01455625
"ILMN_3116330"	2864.5063125	2710.1726875	3007.439625	2827.8411875	3353.5210625	2838.8095625	2827.8411875	3104.4561875	3074.407375	3331.7243125	2850.1111875	2907.421375	2792.5048125	2939.1021875	3074.407375	2838.8095625
"ILMN_2642517"	610.8717375	647.28489375	557.51616875	652.601775	420.80611875	627.058775	701.97584375	603.75543125	691.70765625	543.2651625	758.1567625	607.033175	678.67405625	596.8079375	656.59380625	560.8079
"ILMN_2664660"	4293.4258125	4490.201	4544.1546875	4206.7450625	4490.201	4166.331375	4680.85275	4880.49925	4206.7450625	4490.201	4270.5875	4396.7099375	4464.1320625	4327.9955625	3953.748625	4137.6650625
"ILMN_2877367"	21368.33875	21368.33875	18287.449375	21883.9125	20822.085625	20157.430625	19803.4675	21883.9125	23872.526875	19253.191875	23872.526875	20157.430625	21883.9125	24643.0425	22662.46875	20157.430625
"ILMN_2718974"	1577.917625	1544.4166875	1761.7409375	1635.846125	1695.865	1700.66975	1621.1950625	1539.848	1464.879	1868.818125	1526.519875	1808.6184375	1556.765375	1581.35175	1588.2665625	1560.8211875
"ILMN_3162499"	976.8693625	987.84588125	1058.70305625	1101.2866	1032.766675	991.49634375	865.75048125	1049.03378125	1135.64869375	874.99784375	1094.47193125	1135.64869375	890.8846625	923.3045875	1089.18391875	941.899225
"ILMN_2756157"	190.51620625	176.31839375	176.556675	230.0987875	202.26374375	170.992825	197.75609375	221.015275	207.04245	175.28598125	241.0027875	218.25731875	236.61770625	276.12820625	223.62086875	189.890575
"ILMN_2640453"	281.32585625	251.62058125	260.1345875	240.04690625	298.81056875	257.3934125	262.94540625	267.27683125	235.79373125	292.76560625	247.57271875	284.58690625	247.27466875	227.4998625	269.0900875	257.63335
"ILMN_2645865"	200.7246625	180.70965	225.11594375	216.40799375	170.2017375	167.203	159.3464375	222.66893125	241.90995	224.07854375	178.28668125	204.4481	189.08605625	198.73825	235.43113125	236.95804375
"ILMN_2783519"	3092.283875	3353.5210625	3018.412625	2864.5063125	3534.9343125	3275.2453125	3260.6586875	3134.3626875	2792.5048125	3534.9343125	2916.3459375	2568.4504375	3323.130125	3134.3626875	3049.8525625	3081.9745625
"ILMN_2672767"	357.68119375	354.61660625	404.7403875	504.2750375	300.13343125	351.55851875	439.20473125	442.1013375	551.0910625	350.2464875	528.659375	436.96919375	438.60243125	473.52364375	663.46655	431.16281875
"ILMN_2707088"	319.932875	343.51701875	355.68825625	333.03789375	298.077875	318.36661875	355.68825625	304.13445625	311.953325	335.58544375	388.98266875	335.95439375	329.84598125	334.0526875	379.33124375	376.43794375
"ILMN_2606180"	1311.92510625	1395.78575	1311.92510625	1311.92510625	1429.7836125	1461.678875	1418.00461875	1247.6153875	1211.26603125	1443.8409375	1464.879	1340.43134375	1357.73449375	1172.722225	1337.96778125	1301.79445
"ILMN_2959729"	1098.48106875	1340.43134375	1044.1645625	1021.62443125	843.17844375	952.8408625	1080.43248125	1052.4328875	986.313625	930.27695625	936.561775	932.24933125	917.37219375	1065.40696875	932.24933125	712.6582
"ILMN_1235811"	2052.1315	1909.405	1851.1645625	2189.738	1485.9148125	1959.502625	1733.5576875	1997.4680625	2033.06075	1997.4680625	2082.9988125	2007.6768125	1895.11975	1657.091625	2223.8230625	2063.82525
"ILMN_2674228"	356.32760625	351.55851875	339.5567875	296.89524375	373.78556875	366.8749875	335.0616875	282.30319375	319.296625	311.60259375	315.527125	325.4101375	353.06145	252.4631	318.36661875	340.65205625
"ILMN_2669982"	2325.05	2172.82875	1773.0195	1481.7319375	1510.2215	2082.9988125	2183.460125	1680.0055	1577.917625	1529.5255625	2148.8818125	1914.436125	2164.478	2426.33675	1668.6805625	1758.3530625
"ILMN_2748850"	513.72638125	610.22988125	646.166675	968.52038125	645.18645625	656.59380625	569.9199	1119.3327375	973.91274375	932.24933125	803.50789375	603.75543125	725.7171625	446.799425	1183.2926625	1104.645125
"ILMN_2781118"	391.4559875	385.60209375	426.63545	402.26533125	513.72638125	363.591075	432.08651875	389.97513125	418.11000625	413.6796125	365.57460625	386.241725	388.29455	349.2293625	524.4077875	388.29455
"ILMN_2728255"	193.3669875	185.59075	196.7999	200.89800625	207.04245	197.75609375	162.286325	186.01159375	159.56865625	192.6032125	183.0535	173.1835875	169.78939375	184.49761875	178.6904875	176.7156375
"ILMN_3011719"	625.94640625	761.0036625	843.17844375	745.71349375	725.7171625	811.4076125	645.18645625	726.77698125	762.295575	817.51023125	766.57840625	756.18793125	823.80625	710.4593125	742.81638125	732.0853625
"ILMN_1227103"	370.48145625	321.82924375	321.4583	325.01405625	335.0616875	306.2683	334.64200625	323.1156125	336.88030625	319.296625	352.64973125	326.82395625	330.25861875	326.28495625	347.2855875	331.55780625
"ILMN_2686975"	1944.8068125	1778.81175	1796.3114375	1767.103375	2125.5966875	1895.11975	1729.3028125	1758.3530625	1905.974125	1952.964125	1778.81175	2056.9218125	1855.0858125	1716.46775	1851.1645625	2214.44325
"ILMN_1219188"	148.33931875	139.28285	136.52760625	157.56325625	135.35369375	165.4697625	167.96165625	124.97909375	141.3552625	159.4634125	152.69155	159.69138125	193.7898875	146.249475	145.1658125	178.5243375
"ILMN_1212993"	185.748925	180.588125	259.83235	228.59040625	203.36625	262.94540625	180.01171875	188.50483125	240.2466625	178.81230625	207.45166875	239.0553	196.47584375	232.463875	240.45228125	216.00235625
"ILMN_1249783"	50036.076875	48357.90875	52440.6725	50036.076875	48357.90875	53803.0675	48357.90875	50036.076875	50036.076875	48357.90875	50036.076875	50036.076875	48357.90875	54747.480625	46726.258125	46726.258125
"ILMN_2751248"	145.28875625	151.8665125	147.39860625	155.0321	164.74565625	140.97510625	130.90685	153.34843125	161.04661875	159.17185	162.80370625	137.88758125	143.6057375	131.49894375	178.14129375	156.2078125
"ILMN_3006644"	1146.39284375	1045.9207875	1599.0994375	1510.2215	1188.904225	1109.27059375	1083.9575	1290.79334375	1223.86389375	1392.73844375	1133.0493375	1174.17459375	986.313625	964.61938125	1294.65333125	1272.7707375
"ILMN_2796798"	725.7171625	800.142025	852.3978375	721.06025	689.3837625	759.58360625	737.52373125	646.166675	756.18793125	701.97584375	764.2097375	638.36458125	664.2749	812.9982	745.71349375	649.74345625
"ILMN_2852533"	172.5337625	177.13383125	173.4603	178.6904875	181.43729375	163.813025	201.08705	156.2078125	172.353225	169.78939375	198.73825	167.96165625	188.33473125	190.51620625	181.58448125	151.7113
"ILMN_1217827"	1476.0480625	1392.73844375	1420.65530625	1433.597	1723.53475	1563.394625	1304.11341875	1648.387625	1741.11475	1638.406375	1491.8528125	1505.6170625	1532.028875	1610.26175	1729.3028125	1510.2215
"ILMN_2959372"	164.19486875	148.21475	140.1893	173.4603	166.21005625	167.33055625	152.372725	175.49864375	188.50483125	148.42471875	200.56650625	139.87195625	146.828925	166.7155	170.992825	184.27898125
"ILMN_3130719"	867.3996875	762.295575	835.00675625	948.13583125	821.9814125	852.3978375	864.630725	954.6626875	868.936125	785.55970625	775.92039375	793.42196875	820.2931	840.31154375	857.74695625	692.932175
"ILMN_2589651"	114.754201875	117.29396875	134.3977375	129.30451875	99.524593125	134.78813125	125.31658125	114.5831625	130.97268125	134.32206875	138.33310625	124.27139375	116.415918125	114.710489375	127.8719875	130.09806875
"ILMN_2711532"	143.6057375	145.79421875	152.7839	145.1658125	156.7400875	152.1062	137.077675	127.46519375	118.85425125	102.18582	140.39288125	146.35961875	139.64135625	107.3906325	134.3977375	131.49894375
"ILMN_1250382"	259.57115	236.95804375	243.0280375	262.09323125	238.0985	258.75729375	277.15685625	242.168325	248.81170625	221.015275	273.60645	294.1801625	240.692075	273.60645	243.0280375	230.0987875
"ILMN_2857095"	96.6042525	109.87727375	89.34560125	93.769056875	100.758626875	106.48073625	128.71798125	99.08414	108.80015625	125.805925	129.30451875	97.17267625	131.49894375	111.382021875	111.4405175	111.979923125
"ILMN_2680628"	446.799425	338.47830625	263.91614375	210.5832875	271.0086	409.2603125	319.296625	251.9778875	264.8414125	246.43791875	307.59543125	423.94420625	369.6460875	367.22568125	247.57271875	286.81030625
"ILMN_2689138"	747.19006875	698.881425	703.5802625	601.77260625	697.11445625	794.63866875	719.046825	645.18645625	657.738425	777.837775	612.4552625	784.02243125	789.96631875	613.71071875	638.36458125	778.8566
"ILMN_2813286"	142.9232375	126.8687375	138.60301875	130.0340125	127.68379375	133.56350625	145.28875625	121.994118125	125.88055625	146.249475	118.7239175	131.80700625	116.13573125	114.012673125	123.17825	150.8607
"ILMN_2661786"	114.4755325	118.471008125	109.735179375	111.05283625	127.8719875	119.161096875	118.025370625	127.72565625	90.70953375	107.0372	122.11165625	97.29614	122.31927	129.8790875	152.90356875	116.5506525
"ILMN_2942000"	541.213475	547.767775	614.66899375	506.4152125	585.82873125	530.13569375	533.3672125	570.62875	431.16281875	516.35701875	449.41195625	440.4020125	449.41195625	467.39164375	476.99363125	517.00189375
"ILMN_1252832"	1808.6184375	1855.0858125	1733.5576875	1729.3028125	1665.832375	1751.0855	1719.596	1719.596	1382.81021875	1450.9011875	1433.597	1719.596	1467.699125	1440.767375	1532.028875	1864.5806875
"ILMN_1240266"	460.56375625	389.97513125	446.799425	446.799425	481.47731875	542.5852375	495.60464375	444.0608625	470.87679375	429.66280625	471.9612875	427.12645	399.316725	445.23834375	546.67505625	419.286475
"ILMN_1214975"	340.10790625	426.63545	360.557825	344.2023125	331.1162875	346.84835	382.43631875	445.80331875	405.7067375	416.5290125	401.56864375	398.285625	356.66225625	411.01455625	340.10790625	397.36328125
"ILMN_2738536"	9065.637	8907.919	9890.1793125	8640.875375	10333.5746875	8994.49525	9413.28375	10333.5746875	9598.34675	9753.672125	8834.2650625	8834.2650625	9890.1793125	9169.2155	10060.255125	9169.2155
"ILMN_1216099"	135.5993875	139.87195625	146.69515625	153.34843125	155.68575625	125.36169375	128.63870625	157.216325	126.6088375	145.3389	130.28583125	151.39938125	104.346954375	131.80700625	123.67819375	149.99069375
"ILMN_1253452"	2618.0886875	2731.420875	2668.906125	2816.5711875	2838.8095625	2553.0296875	2890.73225	2998.837625	3186.193375	2850.1111875	2481.5916875	2264.731375	2758.6666875	2461.6148125	2827.8411875	2881.650875
"ILMN_2613696"	517.529525	419.286475	494.73205	433.41804375	440.4020125	491.6045875	504.2750375	453.05573125	484.5622625	522.02868125	379.33124375	481.47731875	495.60464375	455.44276875	505.60308125	513.18336875
"ILMN_2635968"	601.04705625	582.72373125	595.21409375	516.35701875	519.32630625	517.529525	517.529525	596.8079375	533.3672125	518.60681875	585.82873125	496.93676875	517.00189375	549.2649875	494.18310625	539.54431875
"ILMN_2744356"	522.02868125	458.6657375	487.81764375	409.6476375	569.9199	506.4152125	465.2150125	425.43803125	409.6476375	523.6465625	488.60263125	463.44099375	496.93676875	493.5442	424.62724375	492.8494125
"ILMN_2676726"	228.051775	225.768425	254.36886875	274.6481375	266.98208125	235.25141875	230.0987875	246.22676875	284.88960625	260.86174375	232.463875	239.3336125	228.82529375	203.16753125	272.79385	275.47909375
"ILMN_3108440"	4452.0114375	4253.6859375	4577.5029375	4706.18725	4951.3425625	4253.6859375	4082.71825	4819.3668125	4758.6421875	5100.66625	4036.32475	4224.2954375	4619.5934375	4224.2954375	4758.6421875	4619.5934375
"ILMN_2720930"	334.64200625	317.6047375	374.27375	324.18878125	374.74366875	363.99298125	378.12289375	361.62028125	314.01744375	341.124375	363.591075	316.0292125	337.48220625	338.01579375	324.18878125	336.38178125
"ILMN_2602406"	1495.75775	1410.221575	1331.98633125	1405.39675625	1420.65530625	1369.38539375	1440.767375	1499.0845625	1588.2665625	1436.6275	1203.07131875	1512.9835625	1379.9554375	1668.6805625	1571.518	1379.9554375
"ILMN_2751158"	295.17453125	276.421125	290.319825	267.27683125	241.90995	278.67450625	286.13239375	312.7451875	233.4838625	262.67929375	283.215625	263.31391875	320.96831875	261.69506875	225.11594375	221.015275
"ILMN_2757445"	762.295575	906.973	890.8846625	804.60284375	750.79295	804.60284375	805.97924375	917.37219375	902.21253125	855.91689375	836.24015	886.00486875	766.57840625	706.28880625	877.80959375	830.115225
"ILMN_3036678"	201.62113125	199.27065	151.1479625	154.88060625	147.8156375	208.4504625	189.26159375	191.8118125	175.28598125	145.674675	226.0137125	254.36886875	205.81603125	214.13316875	150.78871875	169.04061875
"ILMN_2647084"	823.80625	812.9982	1117.5936875	1050.89158125	838.49383125	933.34199375	835.00675625	1311.92510625	972.734025	1061.20106875	840.31154375	863.1886875	736.02556875	843.17844375	1071.30986875	1259.73734375
"ILMN_1250068"	23320.495625	23872.526875	22662.46875	27148.123125	23872.526875	24643.0425	22662.46875	27148.123125	31429.665	24643.0425	28088.250625	24643.0425	25477.855	26401.904375	27148.123125	25477.855
"ILMN_2851455"	191.1588375	157.693625	182.85221875	148.8364625	194.44226875	185.25490625	213.04775625	188.0836	177.977475	231.05068125	204.23965625	203.0263	215.6734625	193.88205	194.03785625	208.614425
"ILMN_2918440"	1012.87120625	1122.48299375	1032.766675	1012.87120625	1253.613975	1054.36065625	1176.1765125	1069.8680125	864.630725	1089.18391875	1062.9545625	1023.44788125	1071.30986875	1215.46968125	1067.32936875	847.2564125
"ILMN_3127411"	99.657041875	119.609384375	108.6479925	134.560175	123.29315	125.21433125	94.350438125	131.27735	112.266955	125.1430625	125.31658125	95.79510375	91.34104125	147.39860625	110.363198125	115.50622375
"ILMN_3135640"	357.10310625	442.89155	315.527125	372.73630625	313.732625	340.10790625	364.36604375	398.8783375	393.157475	339.5567875	466.434675	332.17845625	333.580125	444.0608625	348.09076875	334.0526875
"ILMN_1244393"	1563.394625	1593.675875	1269.33360625	1459.97975	1453.836625	1712.4669375	1644.4888125	1420.65530625	1453.836625	1517.980125	1841.8780625	1597.03825	1745.095625	1864.5806875	1553.0540625	1585.203875
"ILMN_2735877"	800.142025	898.38510625	857.74695625	736.02556875	804.60284375	750.79295	775.92039375	808.3092375	816.19315625	919.02419375	825.27274375	826.7718875	787.17976875	749.09235	844.16524375	876.168925
"ILMN_2627205"	347.2855875	386.81351875	304.5775125	409.2603125	274.07449375	300.83779375	354.05960625	446.799425	434.11775625	340.65205625	447.55898125	287.97133125	391.4559875	489.587425	406.94613125	251.62058125
"ILMN_1257872"	3018.412625	3144.962875	3282.743375	3199.676125	3358.915875	2928.994125	3031.3415	3248.2679375	3728.71325	3166.4545	3358.915875	3018.412625	3125.4125	3260.6586875	3384.2715625	3104.4561875
"ILMN_2682333"	118.9281425	110.010455625	103.629859375	111.4405175	147.05875	126.430475	108.418080625	107.562243125	113.15592625	120.787834375	107.189019375	134.32206875	118.982745625	114.928289375	116.415918125	133.76694375
"ILMN_2691982"	817.51023125	864.630725	736.02556875	621.29355	778.8566	887.3855875	870.534625	732.0853625	679.91124375	685.93454375	749.09235	878.55406875	923.3045875	730.96755	584.78806875	737.52373125
"ILMN_1244908"	1723.53475	1741.11475	1185.554375	1512.9835625	1630.3749375	1799.4763125	1745.095625	1585.203875	1581.35175	1657.091625	1737.21975	1488.5588125	1812.93475	1786.308875	1613.5793125	1606.403875
"ILMN_2598520"	614.66899375	619.76544375	594.5953875	615.6507375	753.64794375	609.015525	603.07173125	569.2850875	639.4019375	719.046825	514.343425	571.6147875	607.033175	569.9199	624.54245	684.55906875
"ILMN_2807665"	2223.8230625	2288.631	2406.897125	2375.4135	2510.9436875	2388.401875	2355.1674375	2208.8605	2448.833375	2624.439625	2297.81	2416.0603125	2461.6148125	2397.767	2214.44325	2364.6356875
"ILMN_2646836"	122.31927	142.3656125	161.81215625	157.693625	140.1893	127.4141875	127.28783125	156.38801875	185.25490625	127.80019375	161.551425	141.825175	136.89603125	172.0150375	170.387425	134.2687625
"ILMN_2918499"	346.84835	347.6172625	335.95439375	362.3423375	296.03155	346.35661875	349.856425	350.950725	402.26533125	336.88030625	348.55784375	314.3022625	374.27375	364.36604375	376.43794375	333.03789375
"ILMN_1212653"	293.85094375	315.527125	310.20375625	252.8984	344.83418125	300.51006875	327.20638125	276.12820625	271.68064375	300.13343125	293.85094375	263.5487875	289.026225	298.077875	270.48401875	264.24041875
"ILMN_2723474"	551.6918875	613.71071875	553.6983625	808.3092375	424.62724375	543.97434375	580.68080625	768.13921875	769.2259125	447.55898125	852.3978375	560.8079	565.08385	829.02494375	707.6533625	548.38800625
"ILMN_1228048"	128.020125	130.59743125	147.51644375	128.020125	95.8401	138.70476875	104.433021875	148.42471875	135.42206875	130.59743125	130.4140875	126.03825625	114.532839375	149.02734375	130.09806875	130.28583125
"ILMN_1231439"	642.53469375	630.68256875	741.15223125	664.2749	507.9213875	710.4593125	608.020025	628.2296125	682.99356875	769.2259125	638.36458125	745.71349375	830.115225	631.9964875	784.02243125	672.2165125
"ILMN_3155342"	132.7850125	134.89306875	129.10061875	146.9285625	116.5506525	133.14736875	98.87488625	109.63701875	138.9548125	148.0848125	107.137295625	127.09165	147.32380625	118.025370625	156.60838125	158.53173125
"ILMN_2916008"	1001.36695	742.81638125	887.3855875	960.96005	906.973	919.02419375	762.295575	811.4076125	880.3431	912.53776875	860.29973125	836.24015	836.24015	921.2737875	887.3855875	788.81949375
"ILMN_2953513"	197.96421875	188.50483125	144.9504375	156.49079375	167.33055625	204.23965625	178.14129375	134.32206875	157.42939375	183.64101875	163.58553125	184.75475625	198.537425	182.32083125	166.325525	142.0322125
"ILMN_2624145"	1389.53755625	1408.1082625	1213.3972125	1154.72575625	1395.78575	1275.825625	1470.9896875	1085.4797875	1089.18391875	1485.9148125	1461.678875	1188.904225	1416.0072125	1392.73844375	1412.31079375	1172.722225
"ILMN_2591853"	171.50286875	135.53380625	143.20033125	167.6349875	175.692725	139.15418125	142.9232375	151.9914375	131.80700625	138.9548125	103.079254375	159.17185	160.77475625	152.515875	125.21433125	147.21659375
"ILMN_2756628"	4880.49925	4327.9955625	4819.3668125	5159.29925	5284.0041875	4964.116125	4166.331375	4995.627	5159.29925	5035.313	4577.5029375	4799.889	4530.4624375	4464.1320625	4706.18725	5316.6859375
"ILMN_1232907"	153.9696625	155.0321	126.36245	153.1769625	138.10944375	140.1893	174.29655	133.2308125	147.701675	127.62435625	107.44807875	155.432225	109.487064375	154.42223125	125.7289875	118.805108125
"ILMN_2696100"	112.075176875	121.17253375	116.2029875	128.34369375	95.15692	114.5831625	115.1817375	132.00056875	111.05283625	111.32158375	143.07578125	101.03895	112.6187175	118.7239175	141.825175	109.487064375
"ILMN_2595637"	968.52038125	1023.44788125	1101.2866	1106.1448625	970.23390625	1073.825075	946.97265625	923.3045875	1002.61314375	1042.23654375	962.9292375	926.7802875	1062.9545625	997.9165375	975.55876875	1073.825075
"ILMN_3000536"	215.6734625	176.8443625	226.0137125	184.49761875	225.29593125	203.36625	178.81230625	181.7425875	176.8443625	212.2325375	197.75609375	157.83153125	176.7156375	175.1317625	232.98231875	223.11305
"ILMN_1218573"	703.5802625	559.57819375	768.13921875	836.24015	836.24015	836.24015	554.6096625	825.27274375	709.30966875	868.936125	652.601775	835.00675625	756.18793125	586.82305	764.2097375	829.02494375
"ILMN_2675152"	177.7439375	177.32429375	160.37689375	206.84325	140.2900875	184.75475625	178.96955	187.17769375	152.90356875	162.934825	193.3669875	214.87245625	208.614425	201.08705	179.673275	179.79511875
"ILMN_2635801"	1799.4763125	1654.4488125	1745.095625	1663.08725	1841.8780625	1873.4655625	1571.518	1630.3749375	1832.8898125	1859.51175	1523.2851875	1909.405	1707.034625	1569.421	1786.308875	1914.436125
"ILMN_2935734"	122.50006875	111.6766175	106.286755625	165.765375	91.301034375	119.3709175	116.345684375	134.18521875	167.0412125	122.41531875	153.695975	104.166151875	110.410105	160.37689375	143.50841875	97.84343
"ILMN_2706140"	112.970866875	107.661280625	109.123379375	192.6032125	85.8410875	121.12578875	129.55834375	176.8443625	153.8393625	100.673979375	230.4721	142.3656125	121.994118125	189.73489375	186.01159375	94.510800625
"ILMN_1241561"	689.3837625	753.64794375	737.52373125	750.79295	640.49278125	698.881425	693.96675625	579.1233125	745.71349375	739.25601875	707.6533625	762.295575	723.366875	707.6533625	700.53440625	677.79639375
"ILMN_2997923"	2998.837625	2968.9675625	3092.283875	2955.6293125	4016.5993125	3166.4545	2975.30275	3049.8525625	2747.872	3216.0641875	2998.837625	3216.0641875	3144.962875	2668.906125	2890.73225	3166.4545
"ILMN_1213026"	2148.8818125	1948.114	1758.3530625	1751.0855	1859.51175	1964.982125	1909.405	1808.6184375	1799.4763125	1876.157875	2089.5956875	1829.6575625	2154.306	1981.51975	1712.4669375	1812.93475
"ILMN_2696146"	163.41111875	162.17669375	184.49761875	174.510375	145.674675	144.53268125	174.942675	207.23683125	169.4552375	190.26230625	153.9696625	165.20645625	163.2424375	186.01159375	193.07526875	145.79421875
"ILMN_2728697"	3292.12425	3331.7243125	3248.2679375	3031.3415	3920.65875	3436.421625	3592.45975	2939.1021875	3041.47075	3463.9809375	2975.30275	3064.3103125	3853.270625	3007.439625	3275.2453125	3641.0309375
"ILMN_2928453"	196.7999	188.33473125	193.07526875	199.67699375	202.05618125	211.57503125	190.76133125	224.416875	168.3561625	185.25490625	195.7818	214.13316875	203.0263	178.81230625	182.71784375	179.673275
"ILMN_2625855"	2238.6796875	2082.9988125	2078.9265625	2158.863875	2214.44325	1974.2203125	2118.75825	2437.573625	2553.0296875	2112.8919375	2468.7893125	1978.2611875	2137.9463125	2288.631	2582.3805	2078.9265625
"ILMN_2662990"	234.86673125	234.260575	239.731575	222.9096625	236.130475	250.01338125	246.90165	211.57503125	221.015275	241.2465625	237.44534375	254.823675	235.43113125	220.50859375	194.2015	244.69550625
"ILMN_2748914"	1959.502625	2089.5956875	2522.957375	2143.6614375	2003.673375	1997.4680625	1948.114	2125.5966875	1978.2611875	2013.110125	2228.328875	2305.095875	1876.157875	2223.8230625	1997.4680625	2208.8605
"ILMN_1221820"	107.0372	102.561534375	125.7289875	99.78551375	144.7298375	119.7339625	124.0164625	132.10626875	127.28783125	144.00685625	131.57471875	120.079114375	131.43111875	112.50059875	122.11165625	119.956154375
"ILMN_2860750"	540.56240625	515.71900625	593.64370625	600.22399375	559.57819375	574.1261625	551.6918875	605.16504375	516.35701875	527.93001875	566.12206875	511.4432375	485.53976875	623.59819375	551.6918875	574.9033
"ILMN_2620803"	356.66225625	318.36661875	312.7451875	396.6321	378.12289375	372.73630625	370.48145625	380.48959375	417.2681625	354.05960625	378.71825625	369.0737	386.81351875	425.43803125	486.43069375	438.60243125
"ILMN_2697174"	238.31953125	218.25731875	264.8414125	246.22676875	228.59040625	322.15643125	243.0280375	386.81351875	234.260575	268.257725	213.93013125	234.260575	251.9778875	267.6644625	281.8167875	332.51471875
"ILMN_2729103"	1240.6907125	1308.2683375	1157.0028125	1170.5943	884.5102875	1281.5076125	1301.79445	1082.09006875	1337.96778125	1292.25568125	1117.5936875	1436.6275	1275.825625	1126.81623125	1320.76196875	1457.8441875
"ILMN_3161382"	2297.81	2042.1346875	2541.381	3463.9809375	2631.082625	2481.5916875	1964.982125	3166.4545	3248.2679375	2593.7214375	2437.573625	2201.56525	2272.8855	2406.897125	3216.0641875	2698.729
"ILMN_1221592"	1117.5936875	1058.70305625	1308.2683375	1272.7707375	1174.17459375	1183.2926625	1161.1970625	1505.6170625	1122.48299375	995.77236875	986.313625	1233.78420625	1001.36695	892.5835875	1191.72529375	1237.64559375
"ILMN_3161327"	515.71900625	514.343425	504.2750375	511.4432375	499.01070625	541.8511625	601.04705625	493.5442	571.6147875	546.67505625	586.82305	504.2750375	579.95534375	522.96660625	578.27779375	506.4152125
"ILMN_1259747"	289.026225	207.23683125	333.03789375	446.23766875	308.03741875	318.03841875	275.04995	483.86240625	494.73205	299.09469375	265.53608125	322.15643125	302.0011375	282.30319375	383.67525	319.52645625
"ILMN_2637698"	2098.2055	2258.226875	2305.095875	2208.8605	1928.6761875	2297.81	2137.9463125	2196.211625	2281.600125	2208.8605	2250.7824375	2364.6356875	2172.82875	2364.6356875	2325.05	2288.631
"ILMN_1234456"	125.88055625	165.20645625	124.0164625	119.825093125	119.609384375	142.0322125	155.68575625	136.24591875	120.706985625	113.69159375	142.76286875	118.025370625	129.55834375	119.161096875	106.579585	105.32240875
"ILMN_2682063"	3624.416875	3166.4545	4206.7450625	4253.6859375	4363.454875	3728.71325	3248.2679375	3883.6430625	3624.416875	4363.454875	2770.389	3672.7575	3741.448875	3092.283875	3592.45975	4048.0388125
"ILMN_2605575"	608.020025	663.46655	587.55103125	523.6465625	594.5953875	556.3031625	621.29355	537.3564875	515.71900625	628.2296125	541.8511625	480.16580625	620.669025	569.2850875	488.60263125	638.36458125
"ILMN_2931918"	123.0109875	112.5711125	129.03165	127.4141875	100.59616	112.266955	139.7600375	134.89306875	128.34369375	106.643790625	130.97268125	127.72565625	128.92178125	120.787834375	120.867783125	132.60215
"ILMN_2980661"	8285.4875	8492.1395	10127.8905625	11230.1335625	9249.246625	9169.2155	8640.875375	11938.2769375	11408.793	9890.1793125	9169.2155	8031.7658125	8729.9628125	9598.34675	11065.510875	9671.8816875
"ILMN_2798079"	249.460775	249.19909375	249.460775	266.54350625	197.3707125	224.07854375	215.6734625	236.95804375	267.9434	253.16974375	253.8598	223.62086875	233.2049125	269.31935625	262.94540625	238.0985
"ILMN_2699624"	170.2017375	152.372725	163.58553125	186.2141625	159.4634125	170.387425	154.2992875	181.23368125	184.27898125	181.7425875	164.74565625	172.353225	178.5243375	181.7425875	185.88055	182.10419375
"ILMN_2808939"	349.2293625	308.440225	272.3043875	354.61660625	336.38178125	315.527125	324.18878125	366.3423875	312.35949375	323.1156125	316.35359375	278.2667625	284.58690625	303.2110375	287.6191125	264.523
"ILMN_2602630"	1868.818125	1745.095625	1529.5255625	1884.99275	1638.406375	2016.9168125	1648.387625	1672.5034375	1773.0195	1691.932625	1909.405	1895.11975	1925.171375	1909.405	1767.103375	1778.81175
"ILMN_2760514"	649.74345625	642.53469375	616.95135	665.2559875	540.56240625	591.56195625	552.80308125	631.9964875	645.18645625	572.9692625	684.55906875	594.5953875	558.30926875	554.6096625	527.07400625	538.40756875
"ILMN_2972521"	2568.4504375	1994.359875	2874.069125	2601.580625	2514.93025	2189.738	1925.171375	2975.30275	2426.33675	2388.401875	2183.460125	2196.211625	1952.964125	2047.0441875	2196.211625	1964.982125
"ILMN_2616000"	2228.328875	2063.82525	2183.460125	1864.5806875	2183.460125	2158.863875	2388.401875	1994.359875	2013.110125	2125.5966875	2070.5778125	2355.1674375	2196.211625	2342.59925	2013.110125	2029.4189375
"ILMN_2694346"	161.68011875	166.87675	172.0150375	146.0064625	134.78813125	137.88758125	128.44940625	121.87844875	116.628699375	162.80370625	103.70723625	163.41111875	119.7339625	109.37994875	119.900904375	129.20803125
"ILMN_2599739"	368.19235625	366.3423875	383.67525	633.27214375	357.68119375	394.9682625	379.33124375	672.2165125	654.93716875	328.285625	507.30178125	431.7225875	421.34460625	587.55103125	574.9033	352.044
"ILMN_1223812"	379.9415625	340.10790625	362.3423375	314.987925	384.946275	375.74753125	323.1156125	351.55851875	364.36604375	380.48959375	292.4938	339.5567875	404.7403875	359.38050625	333.580125	347.2855875
"ILMN_2791121"	2003.673375	2375.4135	2416.0603125	2047.0441875	2164.478	2238.6796875	2164.478	2388.401875	2052.1315	2131.0719375	2007.6768125	2154.306	2201.56525	1978.2611875	1884.99275	2258.226875
"ILMN_2920752"	244.69550625	250.01338125	256.726675	255.71478125	240.2466625	257.63335	219.84864375	236.130475	236.61770625	223.28705625	216.40799375	292.0348375	226.39001875	247.27466875	230.76646875	249.19909375
"ILMN_1222829"	1418.00461875	1348.860525	1315.989225	1389.53755625	1165.2661875	1328.9357	1315.989225	1392.73844375	1345.5829875	1323.73580625	1252.1733875	1577.917625	1366.5811	1281.5076125	1281.5076125	1363.2152
"ILMN_1256334"	187.40104375	185.0267625	190.9587625	175.692725	187.40104375	169.34339375	182.548525	185.25490625	162.6555875	186.01159375	183.9246375	244.12235625	174.6676875	242.168325	151.29939375	188.50483125
"ILMN_1220452"	1178.73895	1215.46968125	1191.72529375	1172.722225	1301.79445	1102.75900625	1178.73895	1061.20106875	1093.05636875	1153.086725	1188.904225	1106.1448625	1115.814175	1213.3972125	1091.12875625	1083.9575
"ILMN_2693835"	217.9913875	215.532425	278.2667625	240.2466625	276.12820625	209.32098125	216.67686875	191.1588375	254.823675	209.103475	231.99835625	216.1693125	214.999475	287.97133125	257.3934125	169.88470625
"ILMN_2660414"	464.38098125	453.05573125	474.47324375	482.1791625	483.0917625	465.7442	418.7329625	496.93676875	481.47731875	458.6657375	482.1791625	487.0973125	461.81859375	465.7442	471.9612875	454.602775
"ILMN_2747501"	538.40756875	527.93001875	481.47731875	483.86240625	516.35701875	564.21346875	441.35880625	516.35701875	547.767775	504.2750375	473.52364375	497.8212875	527.93001875	469.40995625	511.4432375	465.7442
"ILMN_2736566"	116.08336	119.319458125	134.2687625	132.30241875	133.6731375	126.0942125	137.2026125	131.0427625	158.6875	157.216325	126.8687375	115.1817375	140.599075	112.724624375	142.249075	148.0848125
"ILMN_2798674"	787.17976875	823.80625	793.42196875	930.27695625	672.2165125	697.11445625	756.18793125	887.3855875	892.5835875	865.75048125	950.49096875	794.63866875	719.046825	791.96815625	960.96005	656.59380625
"ILMN_1252267"	290.319825	299.838875	268.257725	267.9434	287.6191125	253.16974375	322.65033125	412.55158125	286.44878125	257.3934125	305.29793125	279.95749375	295.67068125	311.04498125	249.460775	250.65075
"ILMN_1216042"	1133.0493375	1130.81324375	1091.12875625	995.77236875	1416.0072125	1457.8441875	1495.75775	1017.5196	1040.3397625	1174.17459375	1104.645125	1301.79445	1146.39284375	1091.12875625	1075.377725	1262.084325
"ILMN_2612090"	205.534625	206.64905625	191.45689375	199.27065	186.82786875	192.34130625	181.43729375	212.56733125	240.45228125	201.32313125	210.29248125	213.7162125	203.16753125	206.3713125	173.04038125	166.87675
"ILMN_1223307"	2416.0603125	2500.73225	2770.389	2397.767	2731.420875	2533.3731875	2541.381	2369.0618125	2325.05	2613.0956875	2334.2050625	2641.6040625	2657.9415625	1873.4655625	2397.767	2560.1100625
"ILMN_2592496"	294.61255625	288.4541	309.742025	353.62091875	330.6628875	345.7649375	291.3637	336.38178125	360.557825	317.0260375	338.969875	330.6628875	308.440225	378.71825625	363.591075	352.64973125
"ILMN_2707782"	183.9246375	232.7016375	163.41111875	199.94305625	235.79373125	220.8166125	239.0553	225.56696875	182.10419375	227.120325	228.38930625	215.6734625	233.86650625	245.7140625	171.83655	232.463875
"ILMN_2878060"	4758.6421875	4925.7006875	4344.53675	4951.3425625	3940.2430625	4315.6864375	4452.0114375	5284.0041875	4774.159	4183.4475625	4951.3425625	5120.44175	5017.492875	4880.49925	5432.2115	3971.043125
"ILMN_3000080"	2426.33675	2481.5916875	2618.0886875	2522.957375	2553.0296875	2288.631	2416.0603125	2608.4428125	2582.3805	2657.9415625	2553.0296875	2721.8628125	2383.1305	2710.1726875	2613.0956875	2641.6040625
"ILMN_2957614"	176.8443625	162.286325	195.2914625	180.3295625	212.77806875	193.5339875	159.97255	169.65194375	171.83655	197.96421875	154.66928125	197.56828125	159.97255	153.1769625	164.19486875	189.08605625
"ILMN_2629375"	305.29793125	272.57405	266.98208125	278.67450625	338.47830625	300.13343125	284.58690625	290.319825	266.54350625	291.3637	281.8167875	284.07173125	278.67450625	269.0900875	320.96831875	262.94540625
"ILMN_2712878"	141.825175	151.58565625	141.10776875	127.46519375	136.10575625	128.34369375	145.3389	136.10575625	155.127325	161.551425	153.8393625	119.074268125	130.0340125	156.38801875	134.02999375	168.20095
"ILMN_2600627"	248.3792375	320.69589375	255.71478125	231.05068125	292.76560625	289.026225	264.523	250.65075	244.36269375	262.09323125	258.75729375	239.731575	258.75729375	243.336	246.70936875	231.05068125
"ILMN_1222734"	362.3423375	323.41438125	447.55898125	393.7152125	369.6460875	479.6173875	321.82924375	421.78673125	342.5941	439.20473125	250.01338125	416.5290125	396.6321	265.969925	355.19934375	503.5053625
"ILMN_2957904"	978.4476	957.3368875	1142.3346125	1217.59461875	1140.3004	1086.60641875	1089.18391875	1091.12875625	1104.645125	1044.1645625	1016.11661875	1094.47193125	1012.87120625	1028.2021375	1104.645125	1176.1765125
"ILMN_2944272"	312.7451875	370.48145625	271.34849375	311.953325	235.43113125	331.55780625	340.65205625	270.48401875	335.0616875	308.440225	450.87916875	303.2110375	370.48145625	458.6657375	335.0616875	374.74366875
"ILMN_2659879"	83.349858125	87.422581875	69.614368125	107.44807875	69.0384925	75.465415625	86.417745625	125.31658125	111.234585625	76.79559375	130.53025625	81.5321	89.58484375	132.698425	143.8182375	77.424754375
"ILMN_2776952"	928.73256875	785.55970625	917.37219375	915.24975	1016.11661875	876.168925	825.27274375	836.24015	766.57840625	1001.36695	753.64794375	890.8846625	941.899225	744.27988125	890.8846625	975.55876875
"ILMN_1255511"	2305.095875	2131.0719375	2258.226875	1944.8068125	1786.308875	2125.5966875	2089.5956875	2397.767	2164.478	1841.8780625	2137.9463125	2281.600125	2189.738	2125.5966875	1925.171375	1928.6761875
"ILMN_1219565"	188.93926875	189.473275	164.88851875	194.767025	174.29655	199.52053125	168.20095	183.0535	216.99501875	174.8182375	234.5153	240.692075	180.01171875	236.130475	235.79373125	170.04654375
"ILMN_2943270"	325.01405625	267.27683125	263.5487875	225.11594375	253.5756875	304.5775125	292.4938	248.03146875	256.2845125	386.241725	185.59075	335.58544375	293.459625	172.70298125	206.64905625	468.86593125
"ILMN_2734855"	2164.478	2105.115125	1914.436125	1716.46775	1758.3530625	2250.7824375	1988.0516875	1553.0540625	1535.9275625	1668.6805625	1606.403875	2189.738	1790.375375	1553.0540625	1408.1082625	1880.222375
"ILMN_2998135"	1737.21975	1703.268	1657.091625	1476.0480625	1426.63413125	1621.1950625	1613.5793125	1436.6275	1389.53755625	1523.2851875	1544.4166875	1549.452	1529.5255625	1613.5793125	1501.8286875	1565.7745625
"ILMN_2807474"	1412.31079375	1188.904225	1510.2215	1440.767375	1657.091625	1337.96778125	1269.33360625	1574.8205625	1399.6960125	1569.421	1331.98633125	1337.96778125	1311.92510625	1279.10915	1616.891125	1323.73580625
"ILMN_2678355"	353.62091875	414.16425625	394.9682625	399.316725	368.19235625	392.08263125	389.59186875	430.1853875	400.818975	433.41804375	442.1013375	431.16281875	434.11775625	482.1791625	372.341475	432.08651875
"ILMN_1243516"	475.084675	475.084675	470.87679375	478.21235625	590.2830875	534.31181875	474.47324375	475.084675	489.587425	549.2649875	507.9213875	487.81764375	507.9213875	487.0973125	554.6096625	535.7323125
"ILMN_2596007"	2689.4941875	2747.872	2201.56525	2082.9988125	2375.4135	2369.0618125	2816.5711875	2078.9265625	2388.401875	2375.4135	2657.9415625	2613.0956875	2437.573625	2574.93875	2125.5966875	2593.7214375
"ILMN_2822842"	405.04731875	501.45809375	387.2671875	347.2855875	344.2023125	444.5415	420.80611875	356.32760625	325.79024375	382.95286875	350.2464875	448.8247125	382.0394125	384.34065	284.07173125	345.7649375
"ILMN_2625352"	12469.35875	15066.27	12776.28325	14190.341875	13983.2231875	12776.28325	12469.35875	13731.0364375	12961.611375	13534.7125	14431.91	13172.297875	13534.7125	14190.341875	13172.297875	12961.611375
"ILMN_1217767"	8907.919	9490.1536875	8729.9628125	8994.49525	7630.668	9490.1536875	8907.919	8640.875375	9249.246625	8031.7658125	9065.637	9972.20525	8834.2650625	9065.637	9065.637	7884.927125
"ILMN_2644238"	315.527125	325.79024375	317.0260375	370.48145625	352.64973125	357.68119375	359.99755625	323.41438125	326.82395625	332.17845625	362.90645625	292.76560625	320.69589375	322.15643125	334.0526875	325.01405625
"ILMN_2688721"	324.59301875	296.03155	342.17348125	306.2683	360.557825	304.13445625	298.077875	299.09469375	293.02445625	332.51471875	319.932875	361.06348125	315.527125	345.7649375	294.61255625	323.1156125
"ILMN_1258136"	222.9096625	212.77806875	235.43113125	244.36269375	210.80955	225.11594375	232.98231875	244.69550625	253.5756875	226.2570875	236.61770625	222.10299375	216.67686875	242.69094375	257.1474375	218.88428125
"ILMN_2673121"	181.58448125	167.96165625	171.83655	162.04371875	203.529425	209.6493125	193.88205	200.4274125	163.813025	175.49864375	184.0525875	181.58448125	207.23683125	161.68011875	164.552225	174.942675
"ILMN_2896944"	4253.6859375	4464.1320625	4115.4703125	4376.21475	4642.1986875	4735.2788125	4530.4624375	4239.0556875	4253.6859375	3920.65875	3853.270625	4327.9955625	4396.7099375	4376.21475	4152.0380625	4396.7099375
"ILMN_1238706"	161.81215625	173.4603	149.21289375	166.49685	176.7156375	161.551425	157.693625	154.55408125	154.88060625	155.81645625	182.71784375	169.78939375	177.7439375	223.11305	174.510375	139.7600375
"ILMN_1251766"	3672.7575	3682.3524375	3049.8525625	4048.0388125	3728.71325	3770.3874375	4327.9955625	3757.6965625	3583.1270625	3199.676125	4464.1320625	3409.3478125	4183.4475625	4774.159	4036.32475	3699.664375
"ILMN_1234558"	1781.5615	1829.6575625	1544.4166875	1505.6170625	1526.519875	1761.7409375	1700.66975	1457.8441875	1546.757625	1773.0195	1597.03825	1464.879	1712.4669375	1700.66975	1512.9835625	1695.865
"ILMN_2766493"	324.18878125	319.52645625	356.66225625	447.55898125	419.286475	326.82395625	336.88030625	450.87916875	403.4728625	326.28495625	357.68119375	279.61274375	298.077875	342.17348125	429.66280625	323.41438125
"ILMN_1231132"	1025.50926875	878.55406875	1035.2212625	1023.44788125	807.2088	944.894575	801.81858125	878.55406875	930.27695625	864.630725	1047.83524375	1052.4328875	843.17844375	900.229325	944.894575	831.99635
"ILMN_1236993"	1532.028875	1499.0845625	1413.892925	1535.9275625	1621.1950625	1436.6275	1563.394625	1546.757625	1416.0072125	1331.98633125	1392.73844375	1281.5076125	1348.860525	1461.678875	1457.8441875	1385.99768125
"ILMN_2680686"	163.813025	156.89665	157.83153125	187.9385375	175.1317625	207.45166875	265.53608125	165.4697625	165.4697625	165.03119375	193.88205	200.4274125	204.6013	225.11594375	161.551425	195.13283125
"ILMN_2836173"	221.015275	202.7771	244.69550625	217.9913875	257.83005	243.336	200.4274125	204.23965625	179.44441875	265.969925	185.0267625	228.82529375	240.2466625	150.51230625	192.34130625	185.0267625
"ILMN_1230145"	681.12016875	649.74345625	666.30194375	890.8846625	710.4593125	721.06025	581.747025	874.99784375	829.02494375	622.424775	721.06025	726.77698125	713.79743125	679.91124375	917.37219375	607.033175
"ILMN_2738031"	243.64128125	304.96008125	243.86538125	249.19909375	235.25141875	234.5153	311.953325	241.5009	233.70659375	269.0900875	239.0553	243.0280375	264.24041875	204.4481	255.90626875	314.7001
"ILMN_2892479"	108.80015625	111.7404775	120.324115625	144.7298375	132.00056875	126.79658125	130.4140875	109.031705	107.562243125	113.525858125	94.60855375	106.023879375	138.33310625	136.98565	128.34369375	103.57234
"ILMN_1254307"	673.8294125	772.78075625	715.03693125	852.3978375	799.0163375	692.932175	627.058775	769.2259125	874.99784375	758.1567625	768.13921875	660.82371875	691.70765625	808.3092375	816.19315625	892.5835875
"ILMN_2792809"	5188.1588125	4706.18725	5188.1588125	4166.331375	4902.6641875	4774.159	4706.18725	4036.32475	4396.7099375	6096.572375	3572.0115	5235.5604375	5071.7954375	3556.7825	3920.65875	5791.554125
"ILMN_2728802"	174.8182375	181.58448125	162.934825	158.86419375	127.537025	178.14129375	144.38583125	167.7883625	169.88470625	154.1588625	166.49685	168.585275	144.38583125	178.5243375	166.49685	146.9285625
"ILMN_2725493"	300.83779375	392.65998125	334.64200625	403.94156875	441.35880625	319.932875	365.182425	382.0394125	416.5290125	436.96919375	451.59918125	403.4728625	325.4101375	279.95749375	390.72719375	312.35949375
"ILMN_2621472"	2608.4428125	2553.0296875	2510.9436875	2250.7824375	3422.046375	2624.439625	2574.93875	2320.2016875	2601.580625	2758.6666875	2631.082625	2968.9675625	3081.9745625	2568.4504375	2522.957375	2668.906125
"ILMN_3160574"	548.38800625	605.16504375	507.9213875	707.6533625	393.157475	571.6147875	558.30926875	565.08385	678.67405625	507.30178125	610.8717375	574.9033	493.5442	649.74345625	523.6465625	515.71900625
"ILMN_2983565"	129.64690625	124.14365	119.319458125	128.8212375	129.71258125	125.6313	126.8687375	128.2565	121.17253375	117.370764375	103.23180875	114.643075	117.784730625	87.74708125	128.020125	129.03165
"ILMN_2669146"	504.2750375	571.6147875	552.80308125	605.16504375	459.588925	536.63215625	497.8212875	630.68256875	601.04705625	576.2538625	553.6983625	517.529525	519.32630625	624.54245	630.68256875	491.08171875
"ILMN_1241128"	378.71825625	364.36604375	385.60209375	488.60263125	359.38050625	398.8783375	421.34460625	448.8247125	457.93085	378.71825625	562.62983125	374.27375	441.35880625	480.16580625	483.86240625	343.51701875
"ILMN_1213728"	118.6015225	122.062223125	101.16119125	108.06792375	117.515893125	103.526888125	127.46519375	111.844568125	121.24155375	104.82532	122.6171375	128.8212375	110.873780625	124.34335625	112.680161875	108.362078125
"ILMN_2612325"	316.35359375	282.668375	355.19934375	311.60259375	366.3423875	360.557825	287.6191125	377.57789375	314.987925	372.341475	287.6191125	348.55784375	291.3637	249.19909375	326.82395625	391.4559875
"ILMN_2622354"	290.89839375	250.930975	305.29793125	285.79318125	282.30319375	291.65074375	278.67450625	310.20375625	295.67068125	308.76860625	302.9173875	269.31935625	322.65033125	276.421125	265.53608125	259.57115
"ILMN_2636384"	52440.6725	52440.6725	50036.076875	54747.480625	52440.6725	52440.6725	52440.6725	57838.04	60944.44125	59554.999375	56178.88	57838.04	53803.0675	57838.04	57838.04	56178.88
"ILMN_2756496"	432.68891875	418.11000625	416.5290125	342.5941	380.48959375	421.34460625	406.94613125	392.08263125	348.09076875	427.12645	343.51701875	441.35880625	381.22103125	373.78556875	319.932875	426.63545
"ILMN_2764019"	2955.6293125	2593.7214375	3526.0949375	3508.3631875	2792.5048125	2907.421375	2383.1305	3556.7825	3064.3103125	2864.5063125	2593.7214375	2881.650875	2721.8628125	2689.4941875	3155.7905625	2874.069125
"ILMN_2734924"	298.81056875	223.11305	193.7898875	304.5775125	236.75499375	234.86673125	200.1958	269.54261875	238.7891375	240.692075	246.43791875	264.24041875	277.15685625	236.75499375	259.57115	184.75475625
"ILMN_2613851"	287.97133125	290.89839375	300.13343125	326.28495625	239.3336125	274.6481375	245.7140625	294.61255625	321.4583	230.76646875	281.32585625	312.35949375	260.86174375	283.540325	314.987925	281.32585625
"ILMN_2765080"	1040.3397625	1146.39284375	1167.6394625	1047.83524375	1194.77774375	1136.7809625	1009.5939125	1159.0100875	1047.83524375	1172.722225	1089.18391875	1028.2021375	1069.8680125	948.13583125	1249.51303125	1117.5936875
"ILMN_1222503"	1556.765375	1429.7836125	1429.7836125	1574.8205625	1610.26175	1638.406375	1532.028875	1577.917625	1556.765375	1546.757625	1642.0229375	1616.891125	1593.675875	1464.879	1556.765375	1644.4888125
"ILMN_1230043"	1876.157875	1712.4669375	2281.600125	2196.211625	2406.897125	2063.82525	1919.0003125	2164.478	2037.840625	2118.75825	1767.103375	1884.99275	1680.0055	1836.85825	2281.600125	2098.2055
"ILMN_2646771"	1510.2215	1767.103375	1485.9148125	1220.88975625	1546.757625	1535.9275625	1597.03825	1153.086725	1301.79445	1606.403875	1443.8409375	1565.7745625	1733.5576875	1436.6275	1284.59764375	1541.624625
"ILMN_2935386"	807.2088	808.3092375	732.0853625	874.99784375	865.75048125	723.366875	820.2931	841.8968125	796.67608125	840.31154375	887.3855875	725.7171625	701.97584375	958.827475	831.99635	652.601775
"ILMN_3161819"	135.2270875	149.21289375	141.5911125	131.15114375	170.6414875	147.39860625	120.324115625	137.88758125	156.99936875	123.83503125	149.79191875	126.96625625	142.114375	151.49008125	134.093925	128.162825
"ILMN_1244879"	2172.82875	2214.44325	2052.1315	1549.452	2437.573625	2078.9265625	2320.2016875	1526.519875	1638.406375	2228.328875	1864.5806875	2297.81	2397.767	1933.3263125	1654.4488125	2281.600125
"ILMN_2636624"	111.7404775	116.25198875	140.599075	91.162525	123.17825	102.738751875	108.11154125	84.5879675	114.928289375	93.769056875	140.0592625	123.67819375	110.057823125	155.68575625	95.545695625	79.85424
"ILMN_1214918"	19253.191875	18650.413125	19253.191875	20157.430625	21368.33875	18866.55375	20822.085625	22662.46875	21368.33875	17990.79625	17990.79625	18650.413125	18866.55375	20157.430625	21368.33875	21883.9125
"ILMN_1224012"	280.7798125	296.50191875	160.6173125	171.22390625	195.2914625	322.65033125	252.8984	180.70965	172.5337625	167.7883625	282.668375	394.19975	279.0067375	304.13445625	137.2026125	126.430475
"ILMN_1235047"	558.30926875	593.64370625	494.18310625	569.9199	513.18336875	467.39164375	574.9033	476.99363125	560.8079	496.93676875	623.59819375	517.00189375	547.767775	619.76544375	534.31181875	468.20624375
"ILMN_2702061"	9346.0995	9671.8816875	8994.49525	9598.34675	9065.637	6383.8138125	10674.29	8994.49525	8907.919	7535.8325625	10958.433125	8420.7889375	8994.49525	10724.79525	9413.28375	8492.1395
"ILMN_3157649"	3682.3524375	3741.448875	3592.45975	3672.7575	3682.3524375	3534.9343125	3883.6430625	4016.5993125	3808.8565	3853.270625	4327.9955625	3796.041	4036.32475	3920.65875	3853.270625	3556.7825
"ILMN_1218325"	3081.9745625	3534.9343125	3409.3478125	4016.5993125	3883.6430625	3741.448875	3699.664375	3996.876	4059.5295	3422.046375	3953.748625	3260.6586875	3996.876	3996.876	4270.5875	3741.448875
"ILMN_2653735"	3445.8880625	2631.082625	3436.421625	3007.439625	2522.957375	3216.0641875	2668.906125	2968.9675625	2881.650875	2426.33675	3104.4561875	3367.8920625	2731.420875	3031.3415	2647.8840625	2731.420875
"ILMN_1225374"	371.5558125	401.56864375	485.53976875	490.5482625	418.11000625	435.13193125	366.3423875	541.8511625	440.4020125	488.60263125	427.6186125	432.08651875	392.65998125	388.98266875	482.1791625	483.86240625
"ILMN_2718144"	130.90685	121.809210625	123.91041875	120.706985625	111.05283625	115.017581875	140.0592625	111.149335625	121.37270625	110.486279375	110.410105	142.58573125	127.537025	153.038975	124.76700625	130.97268125
"ILMN_1216901"	138.9548125	164.74565625	161.26354375	127.09165	177.7439375	132.30241875	156.89665	143.9201875	149.3582875	153.9696625	156.38801875	150.8607	162.17669375	134.093925	140.97510625	147.05875
"ILMN_1213070"	1337.96778125	1342.66180625	1281.5076125	1159.0100875	1244.2882125	1252.1733875	1351.2752375	1176.1765125	1111.68751875	1215.46968125	1037.15800625	1385.99768125	1337.96778125	1101.2866	1140.3004	1253.613975
"ILMN_2877443"	114.30433375	123.61475625	137.077675	136.3262875	125.36169375	96.667564375	138.10944375	128.5330625	169.214	127.537025	150.2414625	129.03165	115.3635675	156.2078125	152.515875	150.99335625
"ILMN_1238939"	878.55406875	905.5100875	838.49383125	814.58774375	965.92841875	898.38510625	923.3045875	820.2931	843.17844375	908.8836125	874.99784375	972.734025	876.168925	819.3952875	807.2088	926.7802875
"ILMN_1221936"	3275.2453125	3358.915875	2448.833375	2437.573625	2881.650875	3307.411375	3445.8880625	2416.0603125	2647.8840625	2618.0886875	3384.2715625	3757.6965625	3031.3415	3199.676125	2297.81	3092.283875
"ILMN_2762863"	438.60243125	494.73205	421.34460625	485.53976875	406.25033125	386.81351875	466.434675	549.89674375	543.97434375	446.799425	472.914975	500.1246625	473.52364375	450.09990625	418.7329625	446.23766875
"ILMN_1218226"	106.525805625	119.956154375	131.15114375	113.846940625	133.2308125	101.54980625	169.78939375	99.167053125	126.30664375	125.21433125	125.21433125	106.146181875	124.55214375	116.021529375	120.079114375	120.787834375
"ILMN_2977129"	366.8749875	314.7001	328.285625	296.50191875	253.16974375	349.2293625	320.36241875	316.35359375	325.01405625	346.35661875	280.7798125	312.7451875	355.68825625	295.67068125	344.2023125	353.62091875
"ILMN_2875089"	12309.0020625	12469.35875	11818.927875	15811.34625	12961.611375	13172.297875	12776.28325	14190.341875	17009.528125	12621.3100625	16150.026875	11659.052625	13983.2231875	17009.528125	15811.34625	12022.927
"ILMN_2724719"	1106.1448625	1154.72575625	1104.645125	933.34199375	1197.1950625	1111.68751875	1028.2021375	1045.9207875	1126.81623125	1228.17379375	1115.814175	1178.73895	1126.81623125	1096.2395125	1049.03378125	1133.0493375
"ILMN_2756486"	17009.528125	20822.085625	23872.526875	25477.855	22662.46875	20822.085625	18650.413125	25477.855	27148.123125	23320.495625	19253.191875	19253.191875	19803.4675	21368.33875	23320.495625	22662.46875
"ILMN_1217567"	518.60681875	513.18336875	483.86240625	568.67436875	531.53671875	511.4432375	579.95534375	536.63215625	569.9199	555.743425	578.27779375	549.2649875	553.6983625	636.204775	562.62983125	495.60464375
"ILMN_2828512"	1259.73734375	1208.95903125	1253.613975	1200.59594375	1096.2395125	1240.6907125	1071.30986875	1252.1733875	1117.5936875	1135.64869375	1096.2395125	1136.7809625	1149.6691	972.734025	1085.4797875	1085.4797875
"ILMN_2837195"	1342.66180625	1237.64559375	1753.9889375	1747.868375	1443.8409375	1429.7836125	1181.55914375	1796.3114375	1781.5615	1535.9275625	1532.028875	1323.73580625	1185.554375	1345.5829875	1517.980125	1610.26175
"ILMN_2709279"	118.7239175	134.560175	117.440628125	122.062223125	117.65351375	144.38583125	138.70476875	105.0368925	139.7600375	120.079114375	117.162448125	128.162825	138.8329125	131.66101875	110.222861875	115.906464375
"ILMN_2895284"	127.2450625	144.9504375	162.6555875	131.3446625	165.4697625	158.86419375	136.52760625	125.88055625	120.867783125	148.93023125	132.53908125	180.3295625	149.99069375	157.693625	149.48900625	131.15114375
"ILMN_1228334"	1745.095625	1716.46775	1737.21975	2042.1346875	2297.81	1786.308875	1796.3114375	2172.82875	2143.6614375	1737.21975	1884.99275	1868.818125	1880.222375	1868.818125	2148.8818125	1892.11275
"ILMN_2594873"	144.9504375	146.47023125	132.10626875	100.028670625	143.37633125	165.34283125	148.0848125	121.24155375	136.79684375	147.32380625	129.10061875	139.9945375	137.077675	151.58565625	126.5154875	162.04371875
"ILMN_2872011"	124.55214375	129.7814125	104.166151875	124.09359375	112.724624375	99.34294875	112.147399375	103.036055625	101.871035625	103.295068125	98.1335425	132.7850125	91.23300625	106.1220575	94.697405	102.1418825
"ILMN_1222516"	750.79295	844.16524375	709.30966875	620.669025	711.26331875	908.8836125	788.81949375	715.03693125	774.922225	847.2564125	814.58774375	800.142025	826.7718875	877.80959375	789.96631875	821.9814125
"ILMN_2932814"	712.6582	744.27988125	729.4838	772.78075625	692.932175	654.93716875	715.03693125	749.09235	730.96755	698.881425	742.81638125	605.86194375	752.23520625	704.96834375	769.2259125	689.3837625
"ILMN_1222602"	212.56733125	223.28705625	197.75609375	435.13193125	155.57271875	201.08705	206.84325	335.58544375	475.084675	180.01171875	522.02868125	260.4962375	257.83005	549.89674375	373.78556875	183.40340625
"ILMN_2593338"	133.56350625	117.7128925	151.7113	138.70476875	128.92178125	114.0558675	148.8364625	165.765375	156.49079375	137.74104375	121.307835625	146.0064625	136.01621875	163.10266875	143.20033125	156.7400875
"ILMN_2868440"	123.67819375	116.08336	108.8992025	109.87727375	120.403178125	118.2936625	113.965685625	136.61658125	97.550354375	113.846940625	123.07411875	132.896825	136.4538875	112.5711125	111.844568125	110.486279375
"ILMN_2975779"	151.29939375	165.34283125	146.57059375	132.10626875	166.325525	148.33931875	138.0079125	146.47023125	123.67819375	161.04661875	175.98158125	156.7400875	119.825093125	147.8156375	148.8364625	143.6057375
"ILMN_2805261"	2641.6040625	2721.8628125	2916.3459375	2968.9675625	2476.998875	2647.8840625	2272.8855	2985.4025	2574.93875	3092.283875	2388.401875	2522.957375	2342.59925	2541.381	2800.7055	2541.381
"ILMN_2993567"	133.14736875	146.9285625	131.49894375	101.27138125	118.7239175	127.1895375	136.704875	123.372175	108.8992025	113.965685625	141.3552625	116.021529375	127.4141875	134.560175	118.084984375	114.754201875
"ILMN_2619836"	3125.4125	3031.3415	3216.0641875	3534.9343125	3556.7825	3526.0949375	2985.4025	3409.3478125	3556.7825	3384.2715625	3282.743375	2998.837625	3155.7905625	3508.3631875	3658.924875	3282.743375
"ILMN_1239742"	54747.480625	56178.88	54747.480625	53803.0675	53803.0675	50036.076875	56178.88	53803.0675	54747.480625	46726.258125	53803.0675	52440.6725	52440.6725	46726.258125	51201.501875	52440.6725
"ILMN_1231371"	764.2097375	782.2742875	728.21921875	794.63866875	819.3952875	742.81638125	854.31285625	774.922225	768.13921875	835.00675625	849.21829375	752.23520625	844.16524375	890.8846625	830.115225	835.00675625
"ILMN_2596249"	147.701675	157.216325	126.6088375	137.3024375	138.493975	135.00350625	171.64175	156.99936875	119.23269	130.97268125	145.03638125	131.7516	140.78546875	170.992825	117.578344375	165.03119375
"ILMN_3158937"	254.10841875	342.9916375	277.15685625	250.65075	356.66225625	257.83005	254.823675	267.6644625	253.8598	246.90165	300.13343125	253.8598	252.4631	222.66893125	232.7016375	320.83210625
"ILMN_2694767"	241.0027875	230.4721	235.79373125	234.260575	243.336	228.38930625	228.38930625	239.731575	241.2465625	244.69550625	197.2252125	225.768425	230.76646875	255.71478125	214.87245625	204.95320625
"ILMN_3162133"	387.2671875	355.19934375	389.97513125	367.22568125	322.15643125	342.9916375	372.73630625	341.61043125	361.62028125	374.27375	382.0394125	399.316725	342.5941	369.6460875	349.856425	319.296625
"ILMN_3154640"	932.24933125	1069.8680125	814.58774375	908.8836125	754.62749375	864.630725	1001.36695	970.23390625	1008.09605625	1035.2212625	1029.641025	860.29973125	1093.05636875	1080.43248125	921.2737875	937.8576625
"ILMN_3163403"	150.2414625	159.56865625	145.45378125	188.93926875	134.560175	126.03825625	137.59983125	173.37554375	183.0535	146.35961875	180.01171875	160.10634375	154.66928125	161.26354375	174.6676875	140.39288125
"ILMN_3007862"	1138.93230625	1231.54114375	1042.23654375	1037.15800625	1094.47193125	1366.5811	1255.287775	1062.9545625	1159.0100875	1226.33259375	952.8408625	1144.45039375	1340.43134375	986.313625	1017.5196	1096.2395125
"ILMN_2645208"	4577.5029375	4059.5295	4758.6421875	4995.627	4530.4624375	4577.5029375	3682.3524375	4410.4075	4376.21475	4902.6641875	4137.6650625	4667.497625	4735.2788125	4239.0556875	4819.3668125	4902.6641875
"ILMN_2454307"	243.0280375	243.336	232.7016375	206.018925	198.2266625	223.28705625	250.01338125	217.9913875	204.23965625	251.30326875	239.3336125	248.3792375	203.9486375	228.051775	207.45166875	206.3713125
"ILMN_1231567"	340.65205625	409.2603125	392.08263125	382.0394125	378.71825625	372.341475	345.38940625	373.78556875	339.5567875	409.2603125	270.48401875	462.82	304.96008125	282.668375	352.044	393.157475
"ILMN_2822000"	224.416875	223.62086875	273.60645	156.60838125	226.2570875	200.4274125	247.27466875	147.51644375	189.08605625	172.23488125	264.24041875	191.45689375	187.723625	341.124375	155.0321	130.90685
"ILMN_2797061"	32505.79625	32505.79625	32505.79625	30659.768125	31429.665	30659.768125	31429.665	28088.250625	26401.904375	34808.40625	29198.485625	33503.791875	33503.791875	29991.60125	29991.60125	32505.79625
"ILMN_1235281"	2453.9903125	2272.8855	2476.998875	2758.6666875	2258.226875	2426.33675	2154.306	2522.957375	3018.412625	2481.5916875	2668.906125	2514.93025	2364.6356875	2657.9415625	2657.9415625	2189.738
"ILMN_2635606"	133.76694375	136.61658125	131.3446625	140.0592625	132.53908125	125.7289875	130.79925	134.093925	144.86123125	131.57471875	158.2587875	135.5993875	157.693625	144.53268125	157.83153125	128.8212375
"ILMN_2972929"	132.205225	151.39938125	130.28583125	158.3846375	192.34130625	146.0064625	156.38801875	153.8393625	128.8212375	152.7839	141.26234375	155.68575625	154.88060625	115.50622375	139.53805	142.48908125
"ILMN_2741238"	125.46033125	150.64725625	119.609384375	142.66521875	120.51551125	126.15359375	112.83226375	139.15418125	147.32380625	130.09806875	148.93023125	138.60301875	127.28783125	174.1205625	135.35369375	149.21289375
"ILMN_2748941"	2047.0441875	2098.2055	1855.0858125	1737.21975	1855.0858125	2281.600125	2196.211625	1733.5576875	1761.7409375	1880.222375	2264.731375	1994.359875	2228.328875	2007.6768125	1778.81175	1981.51975
"ILMN_1226642"	173.37554375	144.00685625	191.8118125	153.038975	200.7246625	154.55408125	155.81645625	164.3968125	161.26354375	158.53173125	146.249475	191.8118125	135.1378125	134.479925	132.9463	167.46681875
"ILMN_2597332"	382.43631875	327.20638125	319.932875	381.63321875	376.43794375	325.4101375	388.29455	327.20638125	350.950725	405.04731875	392.08263125	336.38178125	341.124375	400.818975	332.51471875	313.27270625
"ILMN_2712957"	1773.0195	1817.268875	2016.9168125	1905.974125	1994.359875	1884.99275	1952.964125	1895.11975	1747.868375	1761.7409375	1829.6575625	1747.868375	1635.846125	1802.7274375	1859.51175	1841.8780625
"ILMN_1233531"	3144.962875	3104.4561875	2647.8840625	2689.4941875	2874.069125	3041.47075	3232.3765	2641.6040625	2689.4941875	3104.4561875	3292.12425	2631.082625	2881.650875	3422.046375	2939.1021875	2533.3731875
"ILMN_2890399"	752.23520625	707.6533625	691.70765625	841.8968125	934.93573125	758.1567625	845.59393125	919.02419375	789.96631875	624.54245	691.70765625	742.81638125	676.4500125	932.24933125	852.3978375	772.78075625
"ILMN_2755981"	1665.832375	1495.75775	1610.26175	1997.4680625	1275.825625	1450.9011875	1395.78575	2029.4189375	1928.6761875	1515.7341875	1892.11275	1700.66975	1447.2469375	1848.017125	2105.115125	1512.9835625
"ILMN_2614853"	675.1991125	747.19006875	676.4500125	552.80308125	627.058775	643.92078125	838.49383125	525.57068125	668.6408375	766.57840625	723.366875	673.8294125	754.62749375	654.93716875	654.93716875	799.0163375
"ILMN_1254554"	145.3389	152.7839	146.0064625	146.47023125	130.53025625	147.05875	135.00350625	159.4634125	124.0164625	157.9106125	159.97255	144.7298375	154.55408125	157.56325625	142.0322125	163.10266875
"ILMN_2645763"	484.5622625	531.53671875	563.63728125	477.51089375	574.1261625	462.82	506.4152125	482.1791625	510.5569375	597.95865625	521.16900625	483.86240625	480.9888125	423.20989375	520.452825	501.45809375
"ILMN_2893471"	172.70298125	159.4634125	185.59075	178.96955	163.58553125	174.510375	187.9385375	166.87675	160.6173125	164.19486875	176.7156375	204.81031875	214.38885	196.029325	176.7156375	170.86271875
"ILMN_2675672"	145.45378125	135.92853125	126.430475	135.2270875	144.86123125	126.7113625	133.43806875	139.04955625	133.31306875	160.48074375	126.0942125	137.3024375	140.1893	113.965685625	128.5330625	135.53380625
"ILMN_2686187"	382.95286875	476.99363125	398.8783375	439.20473125	362.90645625	308.03741875	387.961875	374.74366875	435.835025	366.3423875	457.93085	409.6476375	283.540325	436.96919375	379.9415625	367.22568125
"ILMN_3160963"	5261.7406875	5531.992	5316.6859375	4925.7006875	5531.992	5720.023125	4735.2788125	4667.497625	5120.44175	6015.1349375	5501.0839375	5316.6859375	5207.3271875	5432.2115	5691.950125	5390.3065625
"ILMN_2993745"	291.65074375	241.0027875	151.29939375	130.28583125	146.69515625	221.7632625	211.808925	137.74104375	153.46726875	131.80700625	263.91614375	242.38879375	228.59040625	246.90165	135.53380625	140.599075
"ILMN_2596970"	479.6173875	551.0910625	459.588925	454.602775	393.7152125	494.73205	569.2850875	491.6045875	543.2651625	500.1246625	681.12016875	458.6657375	563.63728125	690.38670625	446.23766875	537.3564875
"ILMN_2645719"	1392.73844375	1284.59764375	1286.1005125	1284.59764375	1157.0028125	1340.43134375	1226.33259375	1255.287775	1311.92510625	1272.7707375	1213.3972125	1429.7836125	1240.6907125	1485.9148125	1345.5829875	1203.07131875
"ILMN_2680463"	416.5290125	416.5290125	382.43631875	445.80331875	447.55898125	394.19975	521.16900625	385.60209375	439.20473125	382.43631875	402.26533125	423.20989375	464.38098125	339.5567875	398.285625	451.59918125
"ILMN_2596421"	236.39815625	247.57271875	191.1588375	172.5337625	223.72760625	199.27065	231.4094625	178.14129375	186.01159375	208.4504625	298.077875	232.463875	177.502625	190.26230625	177.622125	200.7246625
"ILMN_2975375"	483.0917625	403.94156875	517.00189375	614.66899375	493.5442	526.3651125	444.5415	540.56240625	591.56195625	524.4077875	517.529525	534.31181875	405.7067375	478.21235625	666.30194375	455.44276875
"ILMN_1238246"	600.22399375	574.9033	630.68256875	530.13569375	587.55103125	607.033175	557.51616875	656.59380625	605.86194375	578.27779375	647.28489375	634.68935625	666.30194375	579.1233125	636.204775	622.424775
"ILMN_2650739"	130.4140875	135.840375	157.216325	183.64101875	173.61805	132.205225	146.828925	139.41925	187.40104375	146.69515625	133.6731375	155.127325	146.9285625	106.05800125	133.0385625	158.3846375
"ILMN_2619307"	346.35661875	316.35359375	330.25861875	349.2293625	305.74060625	369.6460875	353.62091875	359.99755625	340.10790625	307.1202375	311.60259375	307.59543125	322.15643125	308.76860625	311.60259375	324.59301875
"ILMN_2636349"	141.68094375	161.04661875	118.544265	151.1479625	128.8212375	144.00685625	145.03638125	162.04371875	181.0369875	140.78546875	128.71798125	161.551425	184.49761875	135.71329375	128.44940625	185.88055
"ILMN_2786860"	2082.9988125	2070.5778125	2056.9218125	2148.8818125	2481.5916875	1948.114	1876.157875	2154.306	2201.56525	1968.7001875	2158.863875	2003.673375	1948.114	2082.9988125	2154.306	1836.85825
"ILMN_2851875"	4735.2788125	4100.9669375	5207.3271875	5120.44175	4452.0114375	4464.1320625	4619.5934375	4619.5934375	4667.497625	4602.2670625	4514.3431875	5071.7954375	4166.331375	4396.7099375	4925.7006875	4819.3668125
"ILMN_2873822"	279.95749375	240.2466625	216.99501875	206.64905625	180.588125	240.45228125	249.77924375	200.89800625	236.75499375	273.0291875	211.808925	271.0086	323.41438125	249.77924375	236.61770625	226.39001875
"ILMN_1234165"	197.75609375	174.6676875	152.372725	146.249475	185.43579375	182.32083125	164.19486875	150.99335625	169.04061875	174.942675	189.08605625	171.64175	188.73664375	211.1658125	141.68094375	173.37554375
"ILMN_2898319"	328.90161875	382.95286875	435.835025	431.7225875	359.99755625	324.59301875	371.5558125	439.64811875	366.3423875	502.513075	336.88030625	387.961875	290.319825	333.580125	298.53729375	403.94156875
"ILMN_2912471"	821.9814125	750.79295	796.67608125	817.51023125	851.2181625	878.55406875	710.4593125	821.9814125	919.02419375	898.38510625	772.78075625	887.3855875	726.77698125	762.295575	851.2181625	886.00486875
"ILMN_2967362"	939.87478125	1052.4328875	1025.50926875	984.3163125	912.53776875	1001.36695	986.313625	1050.89158125	1073.825075	1018.9702	1109.27059375	1037.15800625	1117.5936875	1089.18391875	1006.592375	1008.09605625
"ILMN_2645448"	328.285625	325.01405625	348.55784375	304.96008125	312.7451875	289.80645	317.0260375	287.97133125	263.5487875	297.66561875	345.7649375	354.05960625	289.80645	332.51471875	380.48959375	318.857075
"ILMN_1238285"	2809.6363125	2468.7893125	2689.4941875	3155.7905625	2864.5063125	2613.0956875	2647.8840625	3199.676125	2874.069125	2500.73225	3155.7905625	2827.8411875	2710.1726875	2998.837625	3092.283875	2792.5048125
"ILMN_2668536"	2907.421375	2698.729	3260.6586875	3041.47075	2738.6715	2890.73225	2608.4428125	2928.994125	3081.9745625	3177.6788125	2710.1726875	3166.4545	2827.8411875	2560.1100625	3018.412625	3074.407375
"ILMN_2705578"	218.88428125	228.38930625	207.70706875	205.07035	217.59455	238.7891375	253.16974375	193.88205	198.2266625	226.0137125	232.7016375	182.85221875	231.68000625	233.86650625	204.81031875	206.64905625
"ILMN_2759770"	534.31181875	543.2651625	569.2850875	627.058775	471.9612875	583.84518125	492.318275	576.2538625	554.6096625	527.07400625	597.95865625	651.440175	528.659375	590.2830875	542.5852375	665.2559875
"ILMN_2645793"	289.4902375	259.10294375	220.8166125	240.45228125	245.33235	297.66561875	258.45333125	219.43544375	285.79318125	244.98325	272.3043875	302.9173875	294.61255625	232.98231875	228.59040625	257.1474375
"ILMN_2833596"	393.157475	405.04731875	298.81056875	317.0260375	318.857075	448.20770625	399.316725	331.1162875	392.08263125	390.72719375	418.11000625	384.946275	394.19975	435.835025	396.1385875	369.6460875
"ILMN_2728021"	338.47830625	302.0011375	299.838875	322.65033125	364.36604375	344.2023125	250.930975	311.04498125	279.61274375	302.9173875	243.64128125	319.932875	296.50191875	250.01338125	303.2110375	293.02445625
"ILMN_1259564"	1149.6691	1149.6691	1952.964125	1851.1645625	1553.0540625	1200.59594375	1331.98633125	2003.673375	2916.3459375	1563.394625	1625.73425	1029.641025	1426.63413125	1355.16958125	1905.974125	1790.375375
"ILMN_2681123"	2037.840625	2118.75825	1968.7001875	2183.460125	1535.9275625	2070.5778125	2037.840625	2131.0719375	2500.73225	1707.034625	2406.897125	2369.0618125	2375.4135	2491.2391875	2143.6614375	2007.6768125
"ILMN_2637105"	193.5339875	236.61770625	219.13505625	200.4274125	198.537425	210.5832875	194.98645	197.56828125	231.4094625	197.75609375	204.4481	211.57503125	214.13316875	243.86538125	220.8166125	202.7771
"ILMN_2889313"	322.65033125	362.3423375	365.182425	403.4728625	292.4938	356.66225625	360.557825	407.82223125	348.55784375	388.98266875	355.68825625	372.341475	297.66561875	298.53729375	393.7152125	327.851675
"ILMN_1227723"	1144.45039375	1089.18391875	930.27695625	924.4569875	1269.33360625	1082.09006875	1154.72575625	924.4569875	1102.75900625	1197.1950625	1136.7809625	1049.03378125	1176.1765125	1151.43849375	972.734025	1119.3327375
"ILMN_1257998"	6136.195875	6474.592	5762.73775	5071.7954375	8031.7658125	6627.1081875	6627.1081875	5432.2115	4925.7006875	5531.992	5824.636	6059.90325	6474.592	5824.636	5261.7406875	6251.9165625
"ILMN_2594584"	136.704875	127.72565625	116.25198875	158.1505875	117.94880375	115.70334	123.07411875	150.34926875	138.39070625	120.24917875	179.20448125	139.64135625	130.19934375	159.17185	138.9548125	125.805925
"ILMN_2632264"	7884.927125	7630.668	7984.2996875	6843.291125	7790.514875	7535.8325625	7630.668	7228.3994375	6927.53375	8098.043625	7535.8325625	8640.875375	6961.1408125	7228.3994375	7144.64825	6716.896125
"ILMN_2756074"	363.99298125	289.4902375	362.90645625	387.2671875	421.34460625	374.74366875	326.82395625	387.961875	359.38050625	352.044	314.3022625	371.001275	333.03789375	290.89839375	345.7649375	328.285625
"ILMN_2702471"	6251.9165625	6251.9165625	6716.896125	6015.1349375	6578.41025	5920.0250625	6096.572375	6627.1081875	6292.2961875	7110.6441875	5366.7633125	6292.2961875	6432.159625	5159.29925	5920.0250625	5559.051625
"ILMN_2840492"	112.6187175	111.087913125	106.48073625	104.67067125	133.87325625	111.382021875	131.43111875	117.863168125	110.977543125	114.012673125	102.37671125	100.673979375	130.4140875	134.02999375	124.0164625	117.784730625
"ILMN_1222196"	216.00235625	181.23368125	200.1958	187.40104375	190.26230625	188.93926875	193.07526875	195.500075	182.32083125	222.9096625	174.510375	188.93926875	195.13283125	165.34283125	208.614425	241.2465625
"ILMN_1218384"	1032.766675	876.168925	876.168925	1197.1950625	877.80959375	863.1886875	833.42680625	1167.6394625	1170.5943	1065.40696875	821.9814125	1111.68751875	906.973	957.3368875	1269.33360625	973.91274375
"ILMN_1245721"	182.548525	192.86455	192.157875	174.1205625	216.1693125	204.4481	207.04245	166.49685	150.8607	215.26519375	180.70965	159.3464375	186.01159375	186.66923125	176.8443625	204.81031875
"ILMN_2626453"	313.732625	266.54350625	239.3336125	211.1658125	215.26519375	321.4583	313.732625	235.43113125	177.622125	204.4481	271.34849375	256.2845125	238.0985	352.64973125	213.04775625	186.66923125
"ILMN_2611261"	1616.891125	1549.452	1560.8211875	1491.8528125	1876.157875	1505.6170625	1747.868375	1767.103375	1707.034625	1741.11475	1745.095625	1695.865	1747.868375	1630.3749375	1758.3530625	1680.0055
"ILMN_2957944"	132.10626875	108.960214375	124.50436875	122.7133125	142.3656125	145.1658125	140.8878375	110.410105	131.7516	115.0698675	121.17253375	136.3262875	147.93004375	148.8364625	115.3052825	134.093925
"ILMN_1243711"	138.39070625	149.87991875	121.17253375	177.977475	117.229330625	153.8393625	176.99835	141.68094375	145.5794125	152.5911625	163.10266875	183.0535	162.934825	168.585275	150.11764375	158.1505875
"ILMN_1237942"	1028.2021375	887.3855875	999.8791	1017.5196	993.2954125	1050.89158125	915.24975	989.70889375	924.4569875	1011.060025	943.18929375	975.55876875	1016.11661875	965.92841875	1008.09605625	917.37219375
"ILMN_2675268"	494.18310625	472.914975	514.343425	445.23834375	504.2750375	436.96919375	510.5569375	468.20624375	465.2150125	474.47324375	448.8247125	478.21235625	475.084675	452.3838625	401.56864375	511.4432375
"ILMN_1256927"	197.0282375	210.16245625	195.13283125	218.25731875	199.67699375	200.1958	193.5339875	174.29655	157.216325	203.7438375	202.26374375	196.22610625	191.8118125	222.10299375	227.120325	204.4481
"ILMN_2602204"	1459.97975	1363.2152	1459.97975	1796.3114375	1149.6691	1363.2152	1292.25568125	1588.2665625	1532.028875	1355.16958125	1691.932625	1284.59764375	1461.678875	1565.7745625	1395.78575	1200.59594375
"ILMN_2668849"	325.4101375	302.4367625	338.47830625	427.12645	277.7191375	302.4367625	350.2464875	362.90645625	365.57460625	284.07173125	445.80331875	321.82924375	382.43631875	505.60308125	351.55851875	287.97133125
"ILMN_2957036"	721.06025	700.53440625	659.09488125	766.57840625	623.59819375	634.68935625	721.06025	603.07173125	640.49278125	712.6582	809.68798125	621.29355	667.346975	784.02243125	711.26331875	685.93454375
"ILMN_2656871"	233.2049125	210.29248125	261.69506875	263.31391875	283.215625	260.86174375	260.4962375	277.7191375	290.89839375	319.52645625	256.726675	248.81170625	301.5162	241.90995	275.04995	305.74060625
"ILMN_2765936"	2397.767	3064.3103125	2164.478	1964.982125	2033.06075	2214.44325	3155.7905625	1978.2611875	2272.8855	2148.8818125	3331.7243125	2560.1100625	2574.93875	3186.193375	2164.478	2037.840625
"ILMN_2609516"	6900.494375	7332.76175	7037.2719375	7110.6441875	6474.592	7411.148625	7535.8325625	6843.291125	7073.02275	7144.64825	7460.845875	7724.063375	7724.063375	7535.8325625	6753.8141875	7144.64825
"ILMN_2769393"	1905.974125	1868.818125	1832.8898125	1733.5576875	2089.5956875	2131.0719375	1829.6575625	1884.99275	1836.85825	2022.208	1729.3028125	1905.974125	2063.82525	1876.157875	1901.7284375	1905.974125
"ILMN_2638866"	113.89941625	134.18521875	121.87844875	137.74104375	122.93675	130.0340125	127.1895375	135.840375	136.61658125	123.07411875	125.805925	101.32659875	143.20033125	135.5993875	112.075176875	137.2026125
"ILMN_1242390"	127.1895375	130.28583125	130.97268125	213.347025	130.79925	115.243696875	164.0783625	191.631825	207.45166875	130.6918125	188.93926875	149.99069375	135.35369375	210.16245625	224.416875	104.388986875
"ILMN_2630512"	512.05889375	495.60464375	574.1261625	567.0161125	458.6657375	453.55994375	462.82	469.40995625	527.93001875	515.00791875	513.18336875	454.602775	472.914975	531.53671875	484.5622625	453.05573125
"ILMN_2598571"	418.7329625	469.928175	408.5570375	265.15980625	480.9888125	414.16425625	423.20989375	344.2023125	362.90645625	440.4020125	383.67525	425.43803125	409.2603125	325.4101375	338.969875	404.7403875
"ILMN_2663872"	15066.27	15312.959375	15811.34625	18650.413125	15649.82375	16150.026875	14760.245625	18866.55375	18287.449375	15066.27	16461.675	15649.82375	15649.82375	17990.79625	18650.413125	16150.026875
"ILMN_1223041"	706.28880625	933.34199375	836.24015	728.21921875	923.3045875	728.21921875	970.23390625	687.17316875	817.51023125	900.229325	930.27695625	733.7992	871.928325	906.973	814.58774375	993.2954125
"ILMN_1216689"	12961.611375	14431.91	15066.27	12621.3100625	14760.245625	14431.91	12961.611375	12621.3100625	11818.927875	16150.026875	11408.793	15312.959375	15312.959375	10841.250625	12309.0020625	15811.34625
"ILMN_2804251"	240.45228125	212.036425	222.42536875	252.4631	309.742025	238.0985	212.2325375	290.89839375	246.22676875	188.73664375	235.25141875	222.42536875	201.08705	197.96421875	225.29593125	240.692075
"ILMN_2896639"	149.02734375	133.2308125	124.27139375	129.7814125	146.828925	152.372725	148.575225	132.53908125	147.93004375	133.56350625	167.7883625	126.6088375	160.10634375	156.89665	165.4697625	113.89941625
"ILMN_2621862"	445.23834375	345.7649375	405.7067375	289.026225	333.03789375	302.9173875	379.9415625	260.86174375	264.523	359.38050625	326.82395625	383.67525	377.57789375	319.52645625	272.57405	418.7329625
"ILMN_2926198"	549.2649875	603.07173125	584.78806875	607.033175	572.9692625	569.9199	639.4019375	557.51616875	565.08385	548.38800625	637.1031	618.0341625	618.0341625	651.440175	601.77260625	542.5852375
"ILMN_2669699"	381.22103125	405.7067375	306.74313125	436.32871875	400.818975	446.799425	624.54245	800.142025	625.94640625	352.64973125	338.01579375	475.084675	436.32871875	435.13193125	664.2749	500.1246625
"ILMN_2935012"	157.56325625	189.890575	151.39938125	135.1378125	174.942675	186.2141625	176.12585	155.432225	177.32429375	176.8443625	158.86419375	176.12585	180.3295625	173.61805	177.13383125	181.98435
"ILMN_2895753"	153.46726875	160.10634375	161.43203125	180.922175	151.7113	157.693625	145.45378125	153.9696625	144.38583125	170.86271875	151.49008125	150.11764375	185.25490625	147.51644375	142.48908125	150.64725625
"ILMN_1218131"	257.83005	250.65075	271.68064375	280.32616875	239.731575	264.8414125	233.70659375	271.0086	254.36886875	244.12235625	265.15980625	259.83235	274.6481375	272.79385	269.31935625	236.61770625
"ILMN_2642158"	1968.7001875	1737.21975	1663.08725	1526.519875	1571.518	1778.81175	1658.9980625	1535.9275625	1521.487125	1812.93475	1459.97975	1654.4488125	1729.3028125	1529.5255625	1410.221575	1707.034625
"ILMN_2722913"	106.023879375	117.578344375	117.784730625	102.30998375	102.519305625	109.549266875	108.80015625	127.62435625	131.66101875	125.6313	111.32158375	109.821780625	124.0164625	124.50436875	132.698425	117.863168125
"ILMN_1224589"	1461.678875	1675.8665625	1630.3749375	1565.7745625	1294.65333125	1588.2665625	1546.757625	1510.2215	1539.848	1379.9554375	1601.894875	1447.2469375	1382.81021875	1588.2665625	1405.39675625	1601.894875
"ILMN_1226767"	460.98259375	600.22399375	292.76560625	344.83418125	296.89524375	319.296625	500.1246625	360.557825	480.16580625	386.81351875	342.5941	323.41438125	551.0910625	366.3423875	376.90229375	460.56375625
"ILMN_1234519"	174.1205625	202.05618125	173.04038125	183.40340625	179.673275	178.28668125	231.05068125	163.41111875	148.42471875	170.992825	182.32083125	167.6349875	183.9246375	169.78939375	165.34283125	145.5794125
"ILMN_2615170"	592.42118125	560.8079	566.12206875	478.98810625	775.92039375	537.3564875	541.213475	494.73205	476.99363125	605.86194375	428.86770625	503.5053625	490.5482625	369.0737	436.32871875	653.84860625
"ILMN_1245687"	124.6910875	126.2334375	154.66928125	179.44441875	111.149335625	127.80019375	104.346954375	117.784730625	145.898675	125.7289875	138.9548125	95.90241	124.417475	156.99936875	161.68011875	139.53805
"ILMN_1231873"	860.29973125	960.96005	1083.9575	886.00486875	902.21253125	889.0091875	761.0036625	1226.33259375	896.56195625	882.26715625	732.0853625	831.99635	733.7992	722.33518125	865.75048125	855.91689375
"ILMN_1226259"	508.66270625	522.96660625	476.1185375	505.60308125	336.88030625	541.213475	499.01070625	453.55994375	584.78806875	515.71900625	548.38800625	610.22988125	574.1261625	551.0910625	556.3031625	580.68080625
"ILMN_1234740"	120.867783125	101.077636875	118.23729375	120.787834375	122.6171375	127.537025	110.057823125	117.370764375	126.5154875	123.5136625	118.025370625	124.14365	132.60215	106.33853625	113.089596875	115.78272625
"ILMN_2598576"	526.3651125	505.60308125	528.659375	468.86593125	468.86593125	482.1791625	584.78806875	517.529525	455.44276875	521.16900625	504.2750375	533.3672125	455.44276875	456.45375	456.45375	449.41195625
"ILMN_1234301"	132.00056875	191.45689375	188.50483125	155.31084375	152.372725	182.71784375	179.673275	192.86455	139.87195625	185.88055	158.3846375	210.5832875	173.1835875	174.942675	161.04661875	203.9486375
"ILMN_1232120"	361.06348125	384.34065	338.01579375	436.96919375	361.62028125	368.19235625	404.7403875	370.48145625	421.78673125	360.557825	460.56375625	354.61660625	379.9415625	495.60464375	455.44276875	342.17348125
"ILMN_2605096"	1546.757625	1515.7341875	1517.980125	1453.836625	1461.678875	1571.518	1517.980125	1373.50971875	1447.2469375	1585.203875	1541.624625	1457.8441875	1648.387625	1359.73494375	1510.2215	1684.229
"ILMN_2959253"	648.30325625	535.7323125	456.45375	469.928175	560.8079	595.21409375	546.67505625	478.21235625	520.452825	483.86240625	484.5622625	633.27214375	695.1960625	551.6918875	492.318275	473.52364375
"ILMN_2695599"	407.82223125	479.6173875	364.36604375	379.33124375	426.63545	412.55158125	442.1013375	349.2293625	371.001275	384.34065	426.13363125	389.97513125	424.62724375	404.7403875	397.36328125	472.914975
"ILMN_1237546"	726.77698125	854.31285625	950.49096875	1478.5996875	744.27988125	771.5237875	939.87478125	1363.2152	1450.9011875	876.168925	1194.77774375	774.922225	884.5102875	1050.89158125	1373.50971875	984.3163125
"ILMN_1236344"	2022.208	2112.8919375	2196.211625	2426.33675	2305.095875	2208.8605	2297.81	2281.600125	2223.8230625	2514.93025	2029.4189375	2143.6614375	2258.226875	1937.256125	2334.2050625	2243.769375
"ILMN_2684300"	1901.7284375	1680.0055	2022.208	2063.82525	2228.328875	2047.0441875	1753.9889375	1968.7001875	1959.502625	1959.502625	1855.0858125	1997.4680625	1974.2203125	1997.4680625	1978.2611875	1933.3263125
"ILMN_1241354"	189.73489375	150.51230625	155.98471875	173.90828125	181.7425875	147.701675	174.510375	180.922175	155.68575625	151.58565625	168.20095	131.0427625	136.24591875	159.97255	158.6875	145.898675
"ILMN_2869623"	197.56828125	202.5795125	194.767025	174.942675	247.57271875	187.9385375	219.43544375	192.34130625	186.66923125	198.986275	197.96421875	201.32313125	185.43579375	192.34130625	181.23368125	198.986275
"ILMN_2944765"	849.21829375	784.02243125	831.99635	777.837775	785.55970625	749.09235	677.79639375	748.15424375	772.78075625	804.60284375	780.5475	864.630725	799.0163375	823.80625	791.96815625	752.23520625
"ILMN_1234766"	3526.0949375	3292.12425	3177.6788125	2681.920625	3592.45975	3248.2679375	3496.7734375	2770.389	3031.3415	3275.2453125	3409.3478125	3592.45975	3546.5745	3409.3478125	2963.303625	3397.958
"ILMN_2612091"	177.502625	176.99835	174.8182375	197.96421875	159.3464375	194.98645	202.5795125	196.47584375	196.47584375	173.1835875	187.17769375	198.986275	178.96955	177.502625	197.56828125	189.473275
"ILMN_1212941"	1585.203875	1481.7319375	1526.519875	1613.5793125	1832.8898125	1491.8528125	1541.624625	1532.028875	1644.4888125	1512.9835625	1423.25485	1712.4669375	1563.394625	1571.518	1574.8205625	1581.35175
"ILMN_2595597"	118.2936625	150.11764375	166.87675	132.4016625	152.7839	118.471008125	116.415918125	150.64725625	151.58565625	183.40340625	125.6313	104.721908125	112.50059875	104.01969625	184.75475625	215.6734625
"ILMN_1242619"	297.20371875	394.9682625	379.9415625	317.6047375	311.60259375	325.79024375	374.74366875	293.02445625	297.20371875	402.7885	322.65033125	420.80611875	402.26533125	274.6481375	307.59543125	340.10790625
"ILMN_2761720"	286.44878125	266.98208125	250.930975	292.0348375	244.36269375	289.4902375	260.86174375	279.0067375	250.65075	259.10294375	263.31391875	306.74313125	306.2683	269.54261875	256.726675	300.51006875
"ILMN_2650115"	99.951273125	133.6731375	121.4719	95.79510375	123.07411875	130.90685	153.038975	99.78551375	136.704875	135.2270875	96.017360625	108.418080625	139.15418125	108.418080625	134.560175	182.71784375
"ILMN_2893321"	2320.2016875	2448.833375	2375.4135	2013.110125	2334.2050625	2593.7214375	2375.4135	2158.863875	1944.8068125	2250.7824375	2172.82875	2461.6148125	2448.833375	2189.738	1988.0516875	2201.56525
"ILMN_2627733"	1648.387625	1056.7428375	1691.932625	1675.8665625	1753.9889375	1585.203875	999.8791	1571.518	1325.81468125	1476.0480625	752.23520625	1450.9011875	1389.53755625	725.7171625	1259.73734375	1395.78575
"ILMN_2629982"	589.33045	612.4552625	564.21346875	544.86930625	722.33518125	525.57068125	583.84518125	510.5569375	445.23834375	630.68256875	576.2538625	574.1261625	605.86194375	492.318275	487.0973125	605.16504375
"ILMN_2730249"	242.38879375	238.31953125	217.22279375	190.9587625	245.7140625	213.93013125	273.60645	175.1317625	209.6493125	202.05618125	173.37554375	214.999475	202.7771	217.22279375	147.32380625	183.64101875
"ILMN_1224874"	137.88758125	153.5859125	149.64721875	143.9201875	116.08336	128.162825	150.34926875	131.43111875	132.30241875	126.03825625	152.515875	132.30241875	144.9504375	146.57059375	125.31658125	125.21433125
"ILMN_2604205"	876.168925	849.21829375	877.80959375	726.77698125	825.27274375	854.31285625	889.0091875	789.96631875	771.5237875	684.55906875	902.21253125	884.5102875	903.982275	894.35590625	780.5475	750.79295
"ILMN_2607609"	2468.7893125	2647.8840625	2189.738	2369.0618125	2608.4428125	2342.59925	2476.998875	2334.2050625	2481.5916875	2560.1100625	2613.0956875	2406.897125	2681.920625	2601.580625	2689.4941875	2397.767
"ILMN_1257551"	225.768425	265.15980625	320.96831875	350.2464875	304.96008125	318.857075	243.64128125	362.3423375	330.6628875	311.953325	264.8414125	332.51471875	281.32585625	244.12235625	388.98266875	290.319825
"ILMN_2631342"	125.805925	127.80019375	140.0592625	146.828925	158.05190625	133.6731375	124.27139375	168.3561625	154.2992875	129.71258125	122.7133125	147.701675	151.29939375	132.4609	154.66928125	142.76286875
"ILMN_2627713"	139.87195625	150.8607	145.674675	169.78939375	134.89306875	173.04038125	133.9557875	174.942675	173.04038125	176.556675	171.38676875	130.59743125	166.87675	152.1062	178.5243375	167.6349875
"ILMN_2925947"	191.8118125	169.65194375	166.5747125	150.34926875	171.50286875	187.723625	177.977475	169.78939375	131.0427625	133.31306875	206.3713125	175.49864375	174.8182375	194.98645	150.8607	159.69138125
"ILMN_2628021"	970.23390625	1021.62443125	973.91274375	991.49634375	1119.3327375	1119.3327375	984.3163125	957.3368875	944.894575	1045.9207875	957.3368875	1050.89158125	1065.40696875	975.55876875	928.73256875	1101.2866
"ILMN_2601043"	162.286325	166.7155	212.56733125	158.6875	183.64101875	190.26230625	148.93023125	214.13316875	192.86455	166.5747125	144.260675	194.767025	162.6555875	161.04661875	169.78939375	170.992825
"ILMN_2740176"	741.15223125	610.8717375	685.93454375	785.55970625	732.0853625	673.8294125	673.8294125	711.26331875	744.27988125	677.79639375	805.97924375	687.17316875	637.1031	715.03693125	843.17844375	676.4500125
"ILMN_1213858"	217.59455	221.24006875	265.15980625	249.77924375	289.4902375	205.81603125	200.89800625	242.69094375	239.731575	206.64905625	214.63416875	188.73664375	194.767025	187.723625	255.342925	201.32313125
"ILMN_1253491"	101.6817975	99.34294875	95.711411875	225.29593125	74.76847125	102.18582	102.80032	156.89665	217.22279375	98.185771875	216.99501875	121.17253375	124.85291875	262.09323125	217.9913875	95.4291
"ILMN_2718217"	1767.103375	1517.980125	1501.8286875	1488.5588125	1323.73580625	1138.93230625	1855.0858125	1523.2851875	1597.03825	1597.03825	1733.5576875	1855.0858125	1625.73425	1703.268	1630.3749375	1825.6773125
"ILMN_2844820"	159.97255	103.57234	133.76694375	166.21005625	136.98565	187.40104375	83.688716875	164.88851875	199.27065	139.04955625	114.532839375	164.19486875	182.10419375	85.824645	124.55214375	185.59075
"ILMN_2621882"	6927.53375	7037.2719375	6474.592	7037.2719375	7984.2996875	7144.64825	7073.02275	7884.927125	7591.974125	7790.514875	7144.64825	5630.295	7630.668	6791.54225	7935.557625	7411.148625
"ILMN_2675760"	209.32098125	223.72760625	236.61770625	224.416875	226.68588125	219.43544375	240.04690625	236.39815625	292.76560625	245.7140625	249.460775	186.01159375	293.85094375	220.8166125	253.8598	296.03155
"ILMN_3134632"	134.3977375	113.525858125	101.410426875	118.471008125	108.689604375	129.7814125	131.15114375	128.63870625	125.6313	107.562243125	135.5993875	112.21845	133.56350625	116.87479875	126.6088375	110.319638125
"ILMN_3129372"	6520.82825	6627.1081875	6432.159625	8492.1395	6383.8138125	7110.6441875	6432.159625	8907.919	8098.043625	6383.8138125	7184.1275	5885.3009375	6753.8141875	8285.4875	8098.043625	6791.54225
"ILMN_2952292"	152.1062	153.9696625	149.87991875	160.6173125	167.7883625	154.42223125	153.695975	144.53268125	143.50841875	178.14129375	143.68168125	157.9106125	130.45783125	153.8393625	140.599075	143.07578125
"ILMN_2854659"	1153.086725	1117.5936875	1133.0493375	1096.2395125	1023.44788125	1067.32936875	1183.2926625	1094.47193125	1149.6691	999.8791	1325.81468125	1077.30364375	1123.47035	1340.43134375	1133.0493375	1082.09006875
"ILMN_2692060"	212.2325375	229.5596375	212.036425	243.86538125	188.50483125	181.98435	263.31391875	228.59040625	194.641925	214.13316875	240.45228125	226.68588125	218.7287625	241.5009	251.9778875	209.95990625
"ILMN_2860480"	1247.6153875	1213.3972125	991.49634375	1223.86389375	962.9292375	1149.6691	1379.9554375	1136.7809625	1501.8286875	1008.09605625	1457.8441875	1149.6691	1459.97975	1253.613975	1464.879	1308.2683375
"ILMN_2655895"	223.28705625	256.2845125	213.93013125	269.9254375	191.45689375	193.07526875	229.10846875	218.5558625	297.66561875	179.79511875	314.7001	268.74179375	294.1801625	321.4583	290.89839375	178.81230625
"ILMN_2607196"	1161.1970625	1017.5196	1122.48299375	1031.5182875	976.8693625	1049.03378125	1029.641025	908.8836125	1001.36695	1054.36065625	1176.1765125	1228.17379375	1008.09605625	1144.45039375	962.9292375	934.93573125
"ILMN_3159866"	239.3336125	254.10841875	231.99835625	178.28668125	233.86650625	241.90995	268.257725	214.63416875	177.502625	272.79385	187.40104375	257.3934125	260.4962375	218.7287625	214.38885	272.3043875
"ILMN_1233160"	1244.2882125	1345.5829875	1284.59764375	1255.287775	1413.892925	1318.1725625	1247.6153875	1231.54114375	1167.6394625	1265.42595625	1265.42595625	1208.95903125	1159.0100875	1083.9575	1119.3327375	1188.904225
"ILMN_3079919"	4344.53675	4082.71825	4479.1653125	5920.0250625	4293.4258125	5100.66625	3853.270625	6159.7626875	5071.7954375	4642.1986875	4315.6864375	4100.9669375	4995.627	4680.85275	5762.73775	4344.53675
"ILMN_1259798"	772.78075625	796.67608125	777.837775	898.38510625	700.53440625	722.33518125	709.30966875	955.69085625	851.2181625	807.2088	870.534625	789.96631875	704.96834375	769.2259125	840.31154375	805.97924375
"ILMN_2689062"	121.307835625	114.0558675	133.14736875	115.0698675	128.44940625	136.52760625	94.10628625	110.595898125	104.558673125	124.34335625	86.740598125	130.53025625	107.814646875	93.537104375	124.61303125	124.27139375
"ILMN_1255473"	1255.287775	1366.5811	1154.72575625	1420.65530625	1176.1765125	1342.66180625	1408.1082625	1569.421	1418.00461875	1217.59461875	1373.50971875	1420.65530625	1392.73844375	1308.2683375	1240.6907125	1359.73494375
"ILMN_2597249"	476.1185375	452.3838625	396.1385875	358.44570625	487.81764375	466.434675	494.18310625	319.296625	324.18878125	414.83418125	400.818975	488.60263125	549.2649875	439.20473125	298.077875	436.32871875
"ILMN_2688834"	857.74695625	851.2181625	863.1886875	796.67608125	880.3431	874.99784375	847.2564125	814.58774375	747.19006875	894.35590625	789.96631875	838.49383125	900.229325	871.928325	829.02494375	864.630725
"ILMN_2771441"	3186.193375	3422.046375	3853.270625	3712.4661875	3397.958	3409.3478125	3104.4561875	3672.7575	3463.9809375	3699.664375	3323.130125	3248.2679375	3292.12425	3041.47075	3508.3631875	3624.416875
"ILMN_1223051"	993.2954125	962.9292375	995.77236875	863.1886875	1069.8680125	896.56195625	934.93573125	972.734025	995.77236875	1037.15800625	906.973	934.93573125	962.9292375	889.0091875	1014.6464	1032.766675
"ILMN_1217150"	123.5136625	125.5333625	123.07411875	131.57471875	125.1430625	124.914075	119.53205625	137.2026125	140.504525	131.91349375	134.093925	124.417475	134.02999375	130.53025625	130.4140875	118.544265
"ILMN_2733753"	5120.44175	4834.3839375	5432.2115	5316.6859375	4964.116125	5235.5604375	4995.627	5035.313	4363.454875	5235.5604375	5207.3271875	4902.6641875	5100.66625	4602.2670625	5207.3271875	4183.4475625
"ILMN_2679695"	485.53976875	485.53976875	419.286475	391.4559875	508.66270625	472.914975	414.83418125	417.2681625	366.8749875	460.56375625	421.78673125	397.36328125	445.23834375	406.25033125	412.55158125	445.23834375
"ILMN_1225520"	392.65998125	414.83418125	423.20989375	448.20770625	439.64811875	444.0608625	381.22103125	432.68891875	491.6045875	406.25033125	412.55158125	453.55994375	411.01455625	447.55898125	457.2691	474.47324375
"ILMN_1230991"	53803.0675	54747.480625	51201.501875	52440.6725	56178.88	56178.88	53803.0675	51201.501875	53803.0675	50036.076875	54747.480625	51201.501875	54747.480625	52440.6725	53803.0675	54747.480625
"ILMN_2759669"	477.51089375	478.21235625	427.6186125	480.9888125	407.82223125	460.98259375	544.86930625	430.63421875	433.41804375	431.7225875	520.452825	562.62983125	530.13569375	466.434675	461.81859375	505.60308125
"ILMN_2957862"	788.81949375	715.03693125	663.46655	579.95534375	814.58774375	726.77698125	691.70765625	547.767775	464.38098125	695.1960625	628.2296125	707.6533625	706.28880625	610.8717375	577.3044	707.6533625
"ILMN_2598916"	57838.04	57838.04	53803.0675	56178.88	54747.480625	54747.480625	54747.480625	54747.480625	52440.6725	51201.501875	52440.6725	48357.90875	56178.88	51201.501875	52440.6725	51201.501875
"ILMN_1237183"	555.743425	589.33045	521.16900625	554.6096625	511.4432375	549.2649875	610.8717375	583.84518125	540.56240625	389.97513125	493.5442	520.452825	571.6147875	553.6983625	530.13569375	543.97434375
"ILMN_1220793"	756.18793125	801.81858125	840.31154375	744.27988125	987.84588125	739.25601875	754.62749375	713.79743125	675.1991125	771.5237875	698.881425	691.70765625	778.8566	621.29355	772.78075625	759.58360625
"ILMN_1229716"	1851.1645625	1919.0003125	1539.848	1758.3530625	1836.85825	1978.2611875	2056.9218125	1675.8665625	1657.091625	1892.11275	1968.7001875	1663.08725	1981.51975	1948.114	1790.375375	1761.7409375
"ILMN_2731379"	176.7156375	134.2687625	166.21005625	148.21475	146.9285625	136.79684375	142.0322125	154.88060625	145.1658125	194.641925	133.87325625	174.942675	150.78871875	141.49523125	144.61973125	179.44441875
"ILMN_2633030"	170.04654375	156.38801875	168.20095	162.6555875	156.49079375	155.0321	148.21475	163.813025	150.78871875	181.58448125	136.3262875	156.10200625	156.99936875	163.813025	176.12585	151.49008125
"ILMN_2705570"	170.387425	161.81215625	190.08255	197.75609375	183.22048125	178.5243375	158.05190625	254.36886875	199.94305625	190.9587625	168.3561625	191.631825	179.44441875	177.13383125	196.029325	223.28705625
"ILMN_2771712"	429.66280625	435.835025	381.63321875	351.55851875	392.65998125	370.48145625	388.98266875	368.69168125	385.60209375	403.94156875	420.80611875	381.63321875	429.66280625	313.732625	354.05960625	423.20989375
"ILMN_1235697"	1741.11475	1597.03825	1470.9896875	1799.4763125	2208.8605	1680.0055	1802.7274375	1707.034625	1526.519875	1654.4488125	1719.596	1476.0480625	1937.256125	1539.848	1565.7745625	1796.3114375
"ILMN_2666445"	261.23531875	257.1474375	222.9096625	222.10299375	219.84864375	241.5009	270.48401875	216.40799375	239.3336125	220.08603125	271.68064375	265.15980625	236.39815625	237.210825	229.88585625	229.10846875
"ILMN_2714138"	310.20375625	274.6481375	327.851675	322.15643125	340.10790625	295.67068125	257.83005	359.38050625	309.742025	317.6047375	307.1202375	295.67068125	263.5487875	286.13239375	314.7001	322.15643125
"ILMN_3163044"	954.6626875	924.4569875	889.0091875	865.75048125	847.2564125	829.02494375	860.29973125	737.52373125	739.25601875	805.97924375	762.295575	730.96755	812.9982	742.81638125	819.3952875	775.92039375
"ILMN_2674655"	274.6481375	246.43791875	248.3792375	276.746625	277.15685625	266.54350625	297.20371875	272.3043875	276.421125	251.62058125	316.0292125	278.67450625	247.57271875	300.51006875	310.557075	263.31391875
"ILMN_2596259"	637.1031	586.82305	716.28623125	730.96755	946.97265625	754.62749375	700.53440625	642.53469375	667.346975	799.0163375	622.424775	667.346975	748.15424375	633.27214375	733.7992	762.295575
"ILMN_1244030"	231.99835625	200.56650625	190.51620625	254.36886875	216.67686875	225.29593125	211.1658125	238.31953125	192.157875	228.38930625	199.27065	251.9778875	221.24006875	186.82786875	220.33043125	219.84864375
"ILMN_2680852"	122.11165625	175.98158125	150.51230625	153.46726875	181.0369875	167.46681875	144.86123125	194.03785625	186.44199375	169.88470625	164.552225	171.38676875	181.0369875	169.4552375	190.76133125	164.88851875
"ILMN_3138222"	260.1345875	252.4631	246.90165	295.17453125	222.10299375	278.2667625	262.09323125	236.61770625	245.7140625	254.823675	251.62058125	250.65075	250.65075	236.61770625	269.54261875	249.460775
"ILMN_2703204"	960.96005	1136.7809625	841.8968125	884.5102875	886.00486875	1021.62443125	1170.5943	1028.2021375	838.49383125	823.80625	921.2737875	1130.81324375	1151.43849375	1077.30364375	880.3431	1016.11661875
"ILMN_1232922"	373.78556875	374.27375	354.05960625	298.81056875	414.83418125	369.0737	354.61660625	308.440225	284.07173125	376.43794375	229.5596375	347.2855875	305.74060625	284.07173125	325.01405625	345.38940625
"ILMN_2959285"	962.9292375	873.73599375	865.75048125	801.81858125	954.6626875	980.6937	1109.27059375	739.25601875	701.97584375	793.42196875	833.42680625	833.42680625	960.96005	739.25601875	750.79295	900.229325
"ILMN_2592010"	4479.1653125	4819.3668125	3699.664375	3546.5745	4183.4475625	4436.122	5316.6859375	3658.924875	3741.448875	3901.5434375	4059.5295	4048.0388125	4855.10025	4293.4258125	3741.448875	4166.331375
"ILMN_2665422"	1093.05636875	1080.43248125	1146.39284375	964.61938125	1181.55914375	1126.81623125	1211.26603125	973.91274375	1004.4496375	1098.48106875	1130.81324375	1288.97909375	1197.1950625	970.23390625	978.4476	1089.18391875
"ILMN_1241675"	352.044	377.57789375	397.36328125	369.0737	348.09076875	382.0394125	331.1162875	334.64200625	394.19975	359.99755625	371.001275	373.30499375	423.20989375	334.64200625	353.06145	386.81351875
"ILMN_1227699"	134.18521875	154.2992875	125.9750625	138.33310625	106.05800125	131.49894375	138.9548125	170.2017375	185.59075	149.64721875	248.81170625	117.863168125	158.86419375	200.1958	184.49761875	124.55214375
"ILMN_2743494"	414.16425625	517.529525	384.946275	460.56375625	449.41195625	389.59186875	496.93676875	438.60243125	465.7442	462.82	476.99363125	390.72719375	435.13193125	463.44099375	499.01070625	496.135925
"ILMN_2975377"	1301.79445	1286.1005125	1680.0055	1651.4259375	1549.452	1556.765375	1102.75900625	1657.091625	1616.891125	1532.028875	1119.3327375	1521.487125	1244.2882125	1183.2926625	1695.865	1377.04380625
"ILMN_2686898"	491.6045875	480.9888125	505.60308125	430.63421875	496.93676875	469.928175	450.09990625	512.05889375	450.87916875	507.9213875	486.43069375	424.62724375	478.21235625	497.8212875	449.41195625	401.56864375
"ILMN_2717470"	588.53715	657.738425	750.79295	722.33518125	663.46655	633.27214375	636.204775	722.33518125	643.92078125	629.7449375	648.30325625	710.4593125	592.42118125	607.033175	596.8079375	666.30194375
"ILMN_2600426"	181.135334375	136.4538875	182.71784375	135.00350625	187.9385375	198.2266625	139.9945375	134.2687625	151.8665125	159.97255	142.66521875	162.4788625	160.48074375	115.243696875	158.1505875	142.83349375
"ILMN_1248328"	214.63416875	201.08705	187.17769375	172.353225	185.88055	194.767025	202.26374375	168.20095	208.02386875	188.33473125	244.12235625	176.99835	232.463875	225.56696875	190.26230625	213.7162125
"ILMN_2595704"	5432.2115	5501.0839375	5284.0041875	4880.49925	5316.6859375	5592.9835	5235.5604375	5071.7954375	4902.6641875	5691.950125	5159.29925	5791.554125	5316.6859375	5458.565	5120.44175	5592.9835
"ILMN_2699989"	210.80955	169.4552375	172.70298125	160.77475625	193.7898875	173.1835875	185.0267625	175.28598125	183.22048125	172.353225	181.7425875	204.6013	208.8861375	185.25490625	172.5337625	188.93926875
"ILMN_2601710"	188.0836	184.49761875	141.90628125	155.127325	190.76133125	178.96955	197.0282375	170.6414875	168.80715	167.46681875	200.4274125	161.43203125	142.3656125	197.3707125	150.64725625	162.6555875
"ILMN_1227300"	3260.6586875	3134.3626875	3508.3631875	3248.2679375	3216.0641875	3104.4561875	3177.6788125	3125.4125	3260.6586875	3155.7905625	2890.73225	3572.0115	3064.3103125	3166.4545	3260.6586875	3007.439625
"ILMN_1224076"	877.80959375	1526.519875	993.2954125	1045.9207875	917.37219375	1091.12875625	1342.66180625	1042.23654375	1146.39284375	831.99635	1581.35175	1056.7428375	948.13583125	1638.406375	1021.62443125	976.8693625
"ILMN_2776764"	1223.86389375	1379.9554375	1094.47193125	1301.79445	1203.07131875	906.973	1501.8286875	1146.39284375	1247.6153875	1311.92510625	1450.9011875	1153.086725	1323.73580625	1373.50971875	1357.73449375	1464.879
"ILMN_2696272"	2698.729	2601.580625	2710.1726875	2172.82875	2574.93875	2258.226875	2681.920625	2264.731375	2208.8605	2770.389	2355.1674375	2491.2391875	2510.9436875	2281.600125	2089.5956875	2618.0886875
"ILMN_1241606"	4016.5993125	4016.5993125	4530.4624375	4137.6650625	4059.5295	3862.5035625	3971.043125	4206.7450625	4183.4475625	4327.9955625	3757.6965625	4059.5295	3712.4661875	4016.5993125	4137.6650625	3526.0949375
"ILMN_2678755"	223.62086875	200.1958	201.08705	213.7162125	265.969925	228.051775	205.534625	372.73630625	220.50859375	236.130475	177.13383125	223.72760625	186.66923125	226.68588125	226.39001875	295.67068125
"ILMN_1216623"	698.881425	666.30194375	772.78075625	753.64794375	887.3855875	787.17976875	689.3837625	733.7992	687.17316875	838.49383125	733.7992	737.52373125	675.1991125	664.2749	706.28880625	782.2742875
"ILMN_1236845"	194.03785625	169.04061875	187.723625	172.70298125	179.44441875	181.0369875	212.036425	190.51620625	195.7818	190.76133125	203.9486375	196.029325	202.26374375	224.416875	199.67699375	185.43579375
"ILMN_2688257"	247.57271875	237.44534375	314.987925	206.3713125	297.66561875	207.04245	268.74179375	203.36625	234.86673125	298.53729375	218.88428125	205.534625	228.051775	208.4504625	216.99501875	347.6172625
"ILMN_2700765"	398.8783375	378.12289375	410.47876875	342.17348125	368.69168125	406.25033125	393.7152125	332.51471875	346.35661875	343.51701875	321.4583	355.68825625	330.6628875	302.0011375	260.4962375	411.74715
"ILMN_2632187"	492.8494125	503.5053625	540.56240625	557.51616875	523.6465625	510.5569375	461.81859375	555.743425	479.6173875	468.86593125	551.6918875	527.07400625	465.2150125	523.6465625	544.86930625	502.513075
"ILMN_1250576"	165.765375	183.64101875	184.27898125	177.622125	164.552225	179.673275	148.7124	162.17669375	160.77475625	163.10266875	147.51644375	158.05190625	149.87991875	143.9201875	161.26354375	156.89665
"ILMN_2800881"	829.02494375	860.29973125	787.17976875	936.561775	915.24975	814.58774375	840.31154375	847.2564125	887.3855875	801.81858125	892.5835875	867.3996875	825.27274375	908.8836125	838.49383125	801.81858125
"ILMN_1259631"	159.4634125	189.26159375	140.97510625	168.20095	159.0277875	148.7124	160.48074375	155.57271875	161.43203125	150.2414625	158.05190625	154.66928125	167.6349875	190.9587625	181.0369875	136.52760625
"ILMN_2814385"	113.089596875	96.992	122.83345	131.91349375	105.60140375	91.50518	93.74121	117.440628125	133.0385625	122.245771875	83.253671875	80.552621875	91.732336875	85.749341875	120.24917875	122.245771875
"ILMN_3160292"	274.07449375	264.523	299.09469375	264.523	259.10294375	272.79385	207.23683125	265.969925	241.0027875	299.838875	239.731575	323.1156125	215.26519375	181.0369875	293.459625	231.99835625
"ILMN_2693185"	2968.9675625	3275.2453125	3534.9343125	2608.4428125	3166.4545	3114.975	3292.12425	2453.9903125	2355.1674375	3018.412625	2816.5711875	3508.3631875	2985.4025	2975.30275	2698.729	3134.3626875
"ILMN_1246724"	150.99335625	140.0592625	156.60838125	164.74565625	145.79421875	150.11764375	157.83153125	183.64101875	179.79511875	135.42206875	172.5337625	135.00350625	165.34283125	200.56650625	189.08605625	139.87195625
"ILMN_2602538"	124.417475	132.53908125	132.4609	119.687909375	131.15114375	126.5154875	123.0109875	129.95585625	125.1430625	131.15114375	129.37900625	120.172779375	123.372175	117.94880375	116.021529375	135.92853125
"ILMN_3002875"	267.9434	228.59040625	230.0987875	263.91614375	231.68000625	243.0280375	259.83235	231.99835625	272.3043875	231.4094625	230.0987875	265.53608125	255.342925	241.740075	259.83235	237.44534375
"ILMN_2805631"	131.49894375	176.12585	149.1243125	138.2094375	155.127325	149.02734375	128.2565	149.64721875	142.83349375	134.78813125	136.79684375	154.42223125	137.74104375	154.2992875	169.88470625	146.249475
"ILMN_2747430"	180.70965	214.38885	205.534625	211.808925	142.0322125	192.157875	206.3713125	202.5795125	242.168325	200.7246625	194.98645	189.26159375	193.5339875	244.36269375	245.33235	175.98158125
"ILMN_2633062"	354.05960625	241.5009	387.961875	448.8247125	251.30326875	337.48220625	281.32585625	350.2464875	436.32871875	303.2110375	317.0260375	285.79318125	310.20375625	414.83418125	444.0608625	300.13343125
"ILMN_2757008"	106.1220575	131.80700625	123.83503125	116.25198875	101.126781875	111.7404775	109.821780625	144.61973125	116.415918125	132.896825	123.29315	116.13573125	117.440628125	111.844568125	95.219489375	129.37900625
"ILMN_2665797"	8640.875375	8098.043625	8355.2378125	8212.2020625	8212.2020625	8834.2650625	7884.927125	8285.4875	9346.0995	8355.2378125	8355.2378125	9413.28375	8640.875375	8640.875375	8285.4875	8031.7658125
"ILMN_2620304"	1181.55914375	1047.83524375	1102.75900625	921.2737875	1501.8286875	1163.75175	1094.47193125	912.53776875	844.16524375	1056.7428375	1093.05636875	1067.32936875	1174.17459375	991.49634375	939.87478125	1114.7287
"ILMN_2440803"	222.66893125	253.8598	252.8984	320.36241875	223.62086875	220.33043125	203.9486375	279.61274375	286.13239375	214.63416875	248.3792375	246.70936875	267.9434	288.4541	275.47909375	202.05618125
"ILMN_1253348"	2042.1346875	2560.1100625	2243.769375	2201.56525	2416.0603125	2154.306	2448.833375	2214.44325	2228.328875	2568.4504375	2288.631	2013.110125	2297.81	2070.5778125	2305.095875	2574.93875
"ILMN_2680086"	473.52364375	411.01455625	468.86593125	500.1246625	392.08263125	431.7225875	435.13193125	458.6657375	449.41195625	493.5442	527.93001875	490.5482625	486.43069375	470.87679375	560.8079	444.5415
"ILMN_2762956"	109.19637	148.0848125	142.58573125	133.379225	114.4755325	131.0427625	144.9504375	145.3389	139.28285	153.34843125	129.64690625	184.0525875	106.984139375	125.36169375	130.6918125	137.3024375
"ILMN_1240871"	478.21235625	476.1185375	391.4559875	385.60209375	438.60243125	447.55898125	482.1791625	373.30499375	428.86770625	420.2161375	377.57789375	465.7442	457.2691	399.899675	342.5941	458.6657375
"ILMN_1247158"	7411.148625	7110.6441875	7184.1275	6666.436625	8640.875375	8640.875375	8285.4875	6015.1349375	6578.41025	6927.53375	7332.76175	7184.1275	8355.2378125	7073.02275	7073.02275	7037.2719375
"ILMN_2998139"	2078.9265625	2033.06075	1767.103375	1802.7274375	2063.82525	2007.6768125	2047.0441875	1905.974125	1808.6184375	1981.51975	2201.56525	2033.06075	1859.51175	2052.1315	1793.433875	2003.673375
"ILMN_2692989"	634.68935625	634.68935625	524.4077875	560.8079	610.8717375	553.6983625	648.30325625	585.82873125	623.59819375	557.51616875	689.3837625	612.4552625	605.16504375	556.3031625	586.82305	523.6465625
"ILMN_2607215"	342.17348125	431.16281875	308.76860625	320.96831875	397.36328125	345.38940625	518.60681875	248.3792375	329.3921125	338.47830625	427.12645	422.1692375	435.835025	432.08651875	311.04498125	306.2683
"ILMN_2734484"	1433.597	1665.832375	1453.836625	1517.980125	1447.2469375	1577.917625	1657.091625	1723.53475	1873.4655625	1279.10915	1868.818125	1651.4259375	1517.980125	2272.8855	1665.832375	1413.892925
"ILMN_2796842"	159.69138125	131.49894375	127.80019375	143.50841875	155.31084375	135.2270875	143.68168125	135.42206875	134.479925	144.260675	135.53380625	145.3389	136.704875	121.580483125	148.33931875	129.7814125
"ILMN_2600022"	184.88224375	171.22390625	209.6493125	154.55408125	131.57471875	244.98325	191.8118125	200.56650625	238.0985	231.68000625	214.38885	203.529425	191.1588375	167.46681875	222.66893125	204.23965625
"ILMN_2658914"	139.41925	122.245771875	127.2450625	130.79925	115.45249	131.57471875	119.161096875	133.6731375	151.1479625	135.00350625	119.161096875	148.93023125	126.8687375	138.33310625	138.2094375	116.345684375
"ILMN_3065373"	1122.48299375	1311.92510625	1521.487125	1560.8211875	1523.2851875	1249.51303125	1320.76196875	1301.79445	1366.5811	1320.76196875	1253.613975	1308.2683375	1138.93230625	1288.97909375	1467.699125	1136.7809625
"ILMN_2624862"	222.10299375	231.68000625	187.9385375	282.30319375	230.0987875	267.27683125	233.86650625	303.2110375	259.83235	246.70936875	244.98325	294.61255625	334.64200625	270.48401875	272.3043875	232.98231875
"ILMN_2930850"	130.53025625	135.71329375	153.695975	141.68094375	138.9548125	124.0164625	159.4634125	224.75283125	155.0321	136.52760625	135.71329375	150.51230625	130.6918125	148.93023125	183.64101875	159.17185
"ILMN_2793739"	567.74288125	527.07400625	623.59819375	625.94640625	547.767775	480.9888125	468.20624375	580.68080625	521.16900625	535.7323125	494.73205	513.72638125	482.1791625	491.08171875	537.3564875	486.43069375
"ILMN_2887104"	106.745404375	113.638276875	114.165755625	126.96625625	135.00350625	119.23269	129.64690625	109.081111875	124.14365	119.319458125	94.415228125	101.301193125	134.89306875	116.345684375	94.381735	103.629859375
"ILMN_1243170"	264.8414125	328.285625	268.74179375	250.2519625	263.91614375	208.8861375	303.5227625	243.336	249.460775	314.3022625	323.1156125	244.69550625	318.857075	307.1202375	258.75729375	286.44878125
"ILMN_1241522"	882.26715625	865.75048125	1023.44788125	1002.61314375	742.81638125	975.55876875	800.142025	1067.32936875	982.52008125	887.3855875	1065.40696875	805.97924375	908.8836125	1061.20106875	1061.20106875	921.2737875
"ILMN_2609772"	112.724624375	157.56325625	132.53908125	156.2078125	140.97510625	108.6479925	108.201773125	127.3510375	130.6918125	139.28285	127.8719875	98.7982125	105.687775625	134.32206875	129.95585625	119.319458125
"ILMN_2663996"	132.9463	112.21845	123.372175	107.33387125	141.10776875	137.3024375	105.0368925	96.565868125	104.589398125	144.53268125	115.243696875	127.62435625	141.26234375	142.66521875	110.010455625	130.0340125
"ILMN_1224142"	1050.89158125	1025.50926875	1014.6464	1069.8680125	1128.48683125	957.3368875	937.8576625	1032.766675	1138.93230625	1062.9545625	1028.2021375	1012.87120625	944.894575	1138.93230625	1058.70305625	1028.2021375
"ILMN_2675464"	841.8968125	829.02494375	817.51023125	799.0163375	684.55906875	780.5475	769.2259125	1128.48683125	933.34199375	759.58360625	724.54374375	903.982275	801.81858125	995.77236875	973.91274375	749.09235
"ILMN_2749955"	206.018925	240.692075	221.24006875	167.96165625	209.103475	202.7771	225.29593125	189.473275	170.2017375	209.6493125	191.9776875	192.86455	206.018925	154.66928125	172.70298125	215.26519375
"ILMN_2642411"	131.57471875	178.5243375	143.68168125	161.551425	147.51644375	138.60301875	141.5911125	151.39938125	145.45378125	151.29939375	153.1769625	158.1505875	162.4788625	155.98471875	157.216325	128.63870625
"ILMN_2682218"	7504.3965	7591.974125	6961.1408125	8098.043625	8285.4875	6961.1408125	6927.53375	8420.7889375	8492.1395	7724.063375	8212.2020625	7144.64825	7504.3965	8355.2378125	8492.1395	6961.1408125
"ILMN_2603725"	5284.0041875	4951.3425625	4602.2670625	5859.1675625	5071.7954375	4855.10025	5188.1588125	5720.023125	6015.1349375	4834.3839375	6251.9165625	4680.85275	5366.7633125	5762.73775	5720.023125	5159.29925
"ILMN_3107228"	584.78806875	557.51616875	610.8717375	676.4500125	661.9242375	621.29355	524.4077875	677.79639375	589.33045	553.6983625	565.08385	603.07173125	647.28489375	507.9213875	572.9692625	479.6173875
"ILMN_2727847"	111.916439375	105.1697275	87.243305625	101.077636875	97.700478125	99.927009375	120.706985625	116.2029875	92.806575	105.28630125	138.60301875	99.558214375	111.087913125	131.27735	117.7128925	105.931525
"ILMN_2657921"	2029.4189375	1560.8211875	2208.8605	2112.8919375	1905.974125	1855.0858125	1461.678875	2063.82525	1925.171375	2243.769375	1233.78420625	1974.2203125	1758.3530625	1366.5811	1952.964125	2105.115125
"ILMN_1218814"	333.03789375	329.3921125	363.99298125	291.3637	343.51701875	314.987925	309.742025	284.88960625	316.35359375	363.591075	274.6481375	322.65033125	331.55780625	314.3022625	300.83779375	366.3423875
"ILMN_2604806"	399.899675	411.74715	422.1692375	456.45375	525.57068125	384.34065	394.19975	440.4020125	413.6796125	478.98810625	446.23766875	382.0394125	338.47830625	407.82223125	464.38098125	406.25033125
"ILMN_2665496"	119.825093125	138.33310625	130.59743125	124.50436875	129.55834375	159.17185	156.49079375	155.81645625	135.00350625	158.05190625	156.2078125	123.29315	132.00056875	139.7600375	125.805925	117.162448125
"ILMN_1241171"	3463.9809375	3853.270625	3757.6965625	3770.3874375	3134.3626875	3445.8880625	3808.8565	3292.12425	3940.2430625	3953.748625	4115.4703125	3436.421625	3384.2715625	3292.12425	3712.4661875	4735.2788125
"ILMN_2729008"	236.75499375	204.6013	210.29248125	209.103475	233.4838625	199.67699375	223.72760625	240.692075	226.68588125	216.1693125	202.7771	219.43544375	272.3043875	233.4838625	197.75609375	201.62113125
"ILMN_3047301"	239.0553	220.8166125	254.10841875	254.823675	264.8414125	250.930975	237.7202375	247.57271875	269.9254375	238.0985	225.29593125	222.66893125	226.68588125	248.81170625	246.43791875	191.8118125
"ILMN_2697092"	384.34065	457.93085	472.914975	372.341475	355.19934375	339.5567875	330.6628875	445.23834375	328.90161875	403.4728625	386.81351875	399.899675	369.0737	475.084675	403.94156875	396.6321
"ILMN_2745954"	1233.78420625	1151.43849375	1012.87120625	1128.48683125	1237.64559375	1153.086725	1114.7287	1047.83524375	1085.4797875	1122.48299375	1226.33259375	1032.766675	1213.3972125	1205.7586875	1252.1733875	964.61938125
"ILMN_1253746"	144.14700625	127.28783125	116.021529375	115.83833375	141.49523125	124.55214375	139.87195625	136.3262875	115.50622375	125.88055625	155.81645625	115.0698675	147.8156375	145.28875625	120.51551125	140.97510625
"ILMN_2760691"	161.04661875	149.02734375	150.2414625	134.78813125	180.922175	153.5859125	168.80715	140.97510625	167.7883625	163.813025	152.7839	160.77475625	204.0911625	150.78871875	176.31839375	159.0277875
"ILMN_2485900"	144.61973125	120.787834375	133.43806875	134.02999375	167.46681875	134.479925	131.57471875	159.3464375	124.61303125	138.8329125	110.977543125	131.57471875	161.551425	120.24917875	149.87991875	146.57059375
"ILMN_1255301"	109.735179375	132.698425	156.2078125	116.917326875	111.916439375	107.10756	108.0295425	104.388986875	135.5993875	116.13573125	116.87479875	134.78813125	102.638103125	130.4140875	115.1817375	124.417475
"ILMN_3124364"	2196.211625	2325.05	2272.8855	2342.59925	2042.1346875	2448.833375	2313.56925	2189.738	2288.631	2369.0618125	2416.0603125	2320.2016875	2082.9988125	2228.328875	2288.631	2448.833375
"ILMN_1241020"	135.840375	121.580483125	143.6057375	148.575225	178.28668125	149.64721875	120.005404375	160.6173125	135.2270875	137.5014625	195.500075	152.22359375	152.7839	150.99335625	145.03638125	157.56325625
"ILMN_2745240"	684.55906875	712.6582	651.440175	742.81638125	729.4838	684.55906875	882.26715625	668.6408375	676.4500125	678.67405625	747.19006875	732.0853625	753.64794375	666.30194375	673.8294125	544.86930625
"ILMN_2726174"	279.61274375	306.2683	337.48220625	335.0616875	273.60645	328.285625	328.90161875	337.48220625	368.19235625	310.20375625	328.285625	352.64973125	372.73630625	330.6628875	347.6172625	302.4367625
"ILMN_2643057"	202.5795125	188.73664375	202.26374375	191.8118125	250.930975	207.23683125	215.26519375	214.38885	203.7438375	237.210825	198.2266625	195.7818	219.13505625	219.84864375	239.3336125	246.90165
"ILMN_2661407"	202.7771	195.2914625	187.40104375	155.81645625	229.88585625	184.27898125	174.8182375	184.27898125	189.473275	206.3713125	170.387425	188.0836	179.20448125	175.49864375	191.1588375	209.6493125
"ILMN_2718284"	1464.879	1301.79445	1593.675875	1563.394625	1423.25485	1481.7319375	1399.6960125	1515.7341875	1461.678875	1342.66180625	1385.99768125	1495.75775	1377.04380625	1217.59461875	1429.7836125	1440.767375
"ILMN_2681984"	4315.6864375	4115.4703125	4667.497625	4327.9955625	4376.21475	4396.7099375	3996.876	4344.53675	4224.2954375	4224.2954375	4016.5993125	3940.2430625	4327.9955625	3971.043125	4315.6864375	4490.201
"ILMN_1230271"	943.18929375	1028.2021375	782.2742875	1014.6464	771.5237875	1047.83524375	948.13583125	1304.11341875	1012.87120625	778.8566	1122.48299375	882.26715625	919.02419375	1223.86389375	1262.084325	880.3431
"ILMN_2774267"	374.27375	350.2464875	324.59301875	393.157475	354.61660625	319.52645625	352.044	311.953325	363.591075	282.668375	403.94156875	417.2681625	359.99755625	387.2671875	382.95286875	296.89524375
"ILMN_1251236"	462.82	468.20624375	448.8247125	430.1853875	490.5482625	474.47324375	444.0608625	423.94420625	446.23766875	477.51089375	496.135925	405.04731875	512.05889375	483.86240625	419.286475	470.87679375
"ILMN_2733835"	194.2015	206.3713125	185.43579375	164.552225	222.9096625	161.68011875	191.9776875	199.94305625	158.86419375	167.203	168.80715	170.86271875	183.40340625	207.45166875	192.86455	202.26374375
"ILMN_2692960"	131.43111875	145.45378125	142.0322125	111.087913125	129.37900625	126.6088375	146.0064625	124.14365	144.260675	143.6057375	114.643075	114.250825	139.04955625	128.44940625	100.967803125	148.93023125
"ILMN_3092673"	8031.7658125	7504.3965	7630.668	7287.4495625	8420.7889375	8212.2020625	6716.896125	7935.557625	8285.4875	8492.1395	7591.974125	8098.043625	7460.845875	7984.2996875	8212.2020625	7332.76175
"ILMN_2675072"	1571.518	1876.157875	1597.03825	1275.825625	1712.4669375	1729.3028125	1914.436125	1606.403875	1373.50971875	1712.4669375	1665.832375	1610.26175	1864.5806875	1712.4669375	1377.04380625	1799.4763125
"ILMN_2810473"	51201.501875	50036.076875	56178.88	46726.258125	51201.501875	51201.501875	50036.076875	46726.258125	46726.258125	57838.04	46726.258125	53803.0675	50036.076875	48357.90875	48357.90875	53803.0675
"ILMN_2939424"	3953.748625	4137.6650625	4327.9955625	4619.5934375	3853.270625	3808.8565	3658.924875	4082.71825	4270.5875	3682.3524375	3883.6430625	3808.8565	3641.0309375	4048.0388125	4183.4475625	4115.4703125
"ILMN_1235909"	354.61660625	353.62091875	388.98266875	388.98266875	446.799425	350.2464875	358.44570625	381.63321875	333.580125	446.23766875	332.17845625	370.48145625	430.63421875	336.88030625	350.2464875	408.5570375
"ILMN_1221703"	435.835025	439.20473125	417.2681625	382.43631875	297.20371875	453.05573125	428.86770625	368.19235625	403.94156875	358.44570625	416.5290125	476.99363125	406.94613125	406.94613125	434.11775625	354.61660625
"ILMN_2962095"	130.97268125	158.53173125	150.8607	118.7239175	161.04661875	147.21659375	183.9246375	141.10776875	153.038975	133.2308125	116.917326875	135.71329375	159.0277875	144.38583125	93.380798125	163.58553125
"ILMN_1249334"	701.97584375	711.26331875	682.99356875	713.79743125	691.70765625	678.67405625	747.19006875	682.99356875	754.62749375	821.9814125	831.99635	830.115225	845.59393125	721.06025	741.15223125	761.0036625
"ILMN_2885293"	5559.051625	6383.8138125	5559.051625	7073.02275	6210.5699375	5824.636	6159.7626875	6432.159625	6251.9165625	6292.2961875	6900.494375	5691.950125	6332.6618125	6961.1408125	6716.896125	6015.1349375
"ILMN_1249269"	118.39256	116.415918125	132.30241875	139.53805	106.1220575	115.662123125	109.448013125	143.07578125	163.10266875	117.65351375	181.23368125	131.66101875	132.7850125	143.50841875	150.51230625	101.54980625
"ILMN_2753649"	2214.44325	2125.5966875	2437.573625	2272.8855	2082.9988125	2320.2016875	2029.4189375	2406.897125	2375.4135	2183.460125	2313.56925	2098.2055	2037.840625	2416.0603125	2448.833375	2125.5966875
"ILMN_2655163"	117.29396875	115.83833375	138.33310625	110.5282575	147.39860625	111.61705875	150.2414625	127.4141875	127.46519375	118.23729375	111.7404775	121.735439375	123.77083125	142.83349375	143.07578125	121.735439375
"ILMN_2665959"	431.16281875	438.60243125	413.6796125	414.83418125	448.20770625	392.65998125	446.799425	418.11000625	372.341475	450.87916875	398.8783375	449.41195625	394.9682625	491.6045875	402.7885	424.62724375
"ILMN_1244187"	133.87325625	129.64690625	153.9696625	150.8607	177.32429375	125.5333625	143.6057375	148.33931875	172.70298125	177.32429375	116.13573125	140.599075	119.161096875	115.017581875	149.1243125	121.52119
"ILMN_2894211"	1581.35175	2196.211625	2112.8919375	2070.5778125	1997.4680625	1052.4328875	2208.8605	1737.21975	1585.203875	1663.08725	2928.994125	729.4838	1130.81324375	3331.7243125	1761.7409375	1402.53706875
"ILMN_3104271"	2364.6356875	2416.0603125	2792.5048125	2698.729	2325.05	2689.4941875	2432.0701875	2601.580625	2593.7214375	2491.2391875	2375.4135	2397.767	2514.93025	2313.56925	2514.93025	2426.33675
"ILMN_2604467"	972.734025	921.2737875	1149.6691	1086.60641875	1130.81324375	1012.87120625	997.9165375	1014.6464	1021.62443125	1149.6691	982.52008125	845.59393125	1006.592375	1104.645125	1188.904225	943.18929375
"ILMN_1224936"	168.80715	180.15525625	204.23965625	208.02386875	198.73825	204.0911625	167.6349875	205.534625	173.90828125	174.29655	178.96955	211.1658125	171.50286875	187.40104375	190.51620625	175.49864375
"ILMN_2616556"	134.32206875	121.048245	98.93877625	113.281014375	159.69138125	128.71798125	159.81698125	141.3552625	120.403178125	132.4016625	141.49523125	86.297710625	159.56865625	137.5014625	138.33310625	143.9201875
"ILMN_2955356"	4048.0388125	4183.4475625	4363.454875	4270.5875	4239.0556875	4048.0388125	3712.4661875	4048.0388125	3883.6430625	4152.0380625	4376.21475	4544.1546875	3592.45975	4206.7450625	4059.5295	4016.5993125
"ILMN_2598438"	126.36245	129.20803125	127.1895375	117.65351375	128.2565	124.97909375	121.37270625	127.68379375	125.36169375	137.35951875	125.1430625	148.33931875	128.63870625	123.83503125	124.50436875	135.42206875
"ILMN_2718416"	2582.3805	2792.5048125	3331.7243125	2641.6040625	3480.6066875	2721.8628125	3018.412625	2850.1111875	2541.381	2928.994125	2792.5048125	2738.6715	2601.580625	2816.5711875	2437.573625	3216.0641875
"ILMN_2888454"	112.21845	113.15592625	122.195053125	125.36169375	122.062223125	107.229554375	124.97909375	122.11165625	117.515893125	117.29396875	124.09359375	133.379225	146.47023125	106.381176875	115.45249	113.480361875
"ILMN_2643115"	269.31935625	245.7140625	250.65075	271.0086	272.79385	233.70659375	204.81031875	243.64128125	269.0900875	240.04690625	266.98208125	230.76646875	273.0291875	267.9434	266.98208125	244.36269375
"ILMN_2734234"	224.75283125	209.6493125	214.999475	203.7438375	242.69094375	218.25731875	251.30326875	229.88585625	227.120325	216.40799375	175.28598125	189.73489375	223.72760625	197.75609375	216.40799375	228.82529375
"ILMN_1235939"	119.7339625	143.07578125	136.4538875	117.7128925	142.66521875	127.68379375	141.49523125	104.19057375	131.49894375	98.87488625	136.98565	143.68168125	148.33931875	127.9695	123.83503125	114.250825
"ILMN_2706857"	3384.2715625	3384.2715625	3307.411375	3699.664375	3624.416875	3292.12425	3526.0949375	3901.5434375	3757.6965625	3496.7734375	3556.7825	3480.6066875	3480.6066875	3353.5210625	3940.2430625	3546.5745
"ILMN_2700448"	4059.5295	4036.32475	4152.0380625	3436.421625	4036.32475	3940.2430625	3834.3006875	3480.6066875	3409.3478125	4315.6864375	3343.45	4152.0380625	4224.2954375	3358.915875	3436.421625	4315.6864375
"ILMN_2901131"	128.2565	111.496716875	117.515893125	127.28783125	122.31927	109.976179375	122.245771875	121.307835625	128.5330625	135.71329375	115.017581875	97.240651875	139.7600375	109.279330625	119.3709175	120.706985625
"ILMN_2776899"	277.15685625	381.63321875	331.55780625	359.99755625	367.22568125	390.72719375	368.69168125	396.6321	347.6172625	269.31935625	317.6047375	349.856425	311.953325	302.4367625	420.80611875	431.7225875
"ILMN_1246018"	435.13193125	389.59186875	401.56864375	431.16281875	437.71665625	423.20989375	353.06145	449.41195625	411.74715	409.6476375	398.285625	403.94156875	346.84835	430.63421875	374.27375	439.20473125
"ILMN_2600813"	137.5014625	121.87844875	129.20803125	105.1697275	172.0150375	102.045950625	106.682578125	127.2450625	120.324115625	126.2334375	104.222089375	147.39860625	134.2687625	107.44807875	129.30451875	137.077675
"ILMN_2678851"	420.80611875	417.2681625	429.66280625	460.98259375	349.856425	421.78673125	398.8783375	461.81859375	450.09990625	514.343425	410.47876875	438.60243125	399.899675	372.73630625	468.20624375	543.2651625
"ILMN_1223358"	768.13921875	713.79743125	823.80625	805.97924375	704.96834375	701.97584375	718.119375	807.2088	840.31154375	811.4076125	876.168925	724.54374375	709.30966875	817.51023125	805.97924375	729.4838
"ILMN_1235750"	241.90995	300.51006875	211.808925	220.33043125	265.15980625	264.24041875	276.421125	255.90626875	216.1693125	185.59075	282.30319375	240.45228125	261.23531875	316.0292125	238.0985	239.3336125
"ILMN_2660082"	542.5852375	448.20770625	547.767775	512.05889375	487.0973125	448.8247125	459.588925	509.714725	613.71071875	587.55103125	544.86930625	541.8511625	483.0917625	517.529525	558.30926875	459.588925
"ILMN_2751332"	131.66101875	154.88060625	162.286325	171.83655	133.379225	168.585275	172.0150375	201.62113125	148.8364625	160.37689375	142.83349375	168.3561625	134.479925	110.187594375	143.9201875	207.04245
"ILMN_2655204"	178.14129375	193.3669875	159.0277875	186.01159375	161.26354375	181.43729375	196.029325	172.23488125	183.64101875	203.36625	188.0836	199.67699375	222.10299375	159.81698125	213.7162125	186.2141625
"ILMN_2591782"	610.22988125	543.97434375	618.0341625	642.53469375	551.0910625	653.84860625	640.49278125	615.6507375	659.09488125	571.6147875	633.27214375	567.74288125	597.95865625	672.2165125	634.68935625	568.67436875
"ILMN_2849359"	1621.1950625	1707.034625	1569.421	1829.6575625	1606.403875	1517.980125	1593.675875	1703.268	1712.4669375	1501.8286875	1577.917625	1625.73425	1610.26175	1426.63413125	1691.932625	1574.8205625
"ILMN_1214441"	119.900904375	166.5747125	132.9463	144.260675	139.28285	109.595425625	172.5337625	122.41531875	110.746616875	129.20803125	167.46681875	144.61973125	169.214	146.9285625	105.1697275	162.934825
"ILMN_2678502"	181.43729375	164.0783625	211.57503125	194.98645	206.3713125	197.56828125	177.622125	200.7246625	197.3707125	186.66923125	145.898675	197.75609375	159.17185	169.65194375	200.4274125	192.34130625
"ILMN_1230730"	3199.676125	2928.994125	3125.4125	3166.4545	2968.9675625	3323.130125	2710.1726875	3114.975	2758.6666875	3248.2679375	3018.412625	3074.407375	3092.283875	3125.4125	2955.6293125	2985.4025
"ILMN_3104025"	1541.624625	1606.403875	1836.85825	2105.115125	1802.7274375	1648.387625	1426.63413125	2052.1315	1981.51975	2007.6768125	1786.308875	1680.0055	1606.403875	1767.103375	1944.8068125	1802.7274375
"ILMN_2879506"	4819.3668125	4436.122	4735.2788125	5100.66625	4559.2555625	4995.627	4559.2555625	4951.3425625	5458.565	4479.1653125	4559.2555625	4706.18725	4706.18725	5071.7954375	4834.3839375	5261.7406875
"ILMN_3163481"	409.6476375	388.29455	414.83418125	382.95286875	435.835025	378.12289375	396.6321	371.5558125	353.06145	404.7403875	394.19975	398.8783375	334.0526875	390.72719375	384.946275	387.961875
"ILMN_2739128"	201.08705	142.114375	175.1317625	188.50483125	185.0267625	162.286325	198.2266625	183.40340625	180.588125	184.49761875	176.8443625	181.98435	183.22048125	184.75475625	191.45689375	156.10200625
"ILMN_2816547"	442.1013375	399.899675	407.82223125	333.580125	426.13363125	449.41195625	448.20770625	364.36604375	340.65205625	394.19975	363.99298125	413.1436125	445.80331875	353.62091875	344.83418125	394.9682625
"ILMN_2992403"	728.21921875	766.57840625	754.62749375	840.31154375	759.58360625	764.2097375	750.79295	762.295575	778.8566	826.7718875	826.7718875	693.96675625	777.837775	772.78075625	826.7718875	723.366875
"ILMN_2621304"	2125.5966875	1944.8068125	2003.673375	2406.897125	1563.394625	2003.673375	2022.208	2037.840625	2172.82875	1919.0003125	2112.8919375	2131.0719375	1778.81175	2243.769375	2037.840625	1909.405
"ILMN_2735660"	132.4609	109.780618125	128.92178125	127.2450625	102.982778125	116.987925	123.17825	126.2334375	117.11431625	114.30433375	109.549266875	124.85291875	101.301193125	103.57234	110.64360625	124.76700625
"ILMN_1227758"	149.21289375	156.49079375	142.249075	170.04654375	107.767169375	153.1769625	147.701675	157.83153125	203.0263	166.7155	170.2017375	139.7600375	152.90356875	171.64175	179.20448125	134.479925
"ILMN_2744603"	251.30326875	225.56696875	233.2049125	242.38879375	225.11594375	253.5756875	232.7016375	244.36269375	229.5596375	203.16753125	259.83235	205.81603125	215.532425	253.8598	249.19909375	194.44226875
"ILMN_2715664"	135.1378125	116.48577125	127.62435625	105.504701875	109.595425625	121.52119	90.783840625	132.30241875	122.83345	104.346954375	129.20803125	126.8687375	94.10628625	134.66733125	114.42555875	114.11353375
"ILMN_1247682"	2437.573625	2406.897125	2223.8230625	2388.401875	1793.433875	2243.769375	2593.7214375	2325.05	2491.2391875	1802.7274375	2963.303625	2838.8095625	2481.5916875	2985.4025	2364.6356875	2154.306
"ILMN_2955806"	161.551425	159.3464375	150.99335625	168.80715	188.33473125	176.7156375	153.1769625	152.515875	163.58553125	165.20645625	151.39938125	145.79421875	161.26354375	180.01171875	175.98158125	179.20448125
"ILMN_2678269"	2928.994125	2681.920625	2838.8095625	2432.0701875	2681.920625	3007.439625	2514.93025	2613.0956875	2510.9436875	2582.3805	2500.73225	2850.1111875	2850.1111875	2468.7893125	2510.9436875	3031.3415
"ILMN_3068754"	5159.29925	4758.6421875	5824.636	6096.572375	6520.82825	5261.7406875	5017.492875	5630.295	5390.3065625	5791.554125	5630.295	5284.0041875	5284.0041875	5720.023125	5824.636	5824.636
"ILMN_2680781"	3282.743375	2850.1111875	3641.0309375	2907.421375	2758.6666875	2998.837625	2881.650875	3092.283875	2864.5063125	3144.962875	2514.93025	3445.8880625	3074.407375	2721.8628125	2681.920625	3770.3874375
"ILMN_2691781"	335.95439375	305.29793125	386.241725	383.67525	382.43631875	334.64200625	297.66561875	409.2603125	368.69168125	347.6172625	304.5775125	429.66280625	329.3921125	331.1162875	366.3423875	365.182425
"ILMN_2732896"	248.03146875	265.969925	203.0263	203.36625	292.0348375	219.13505625	208.02386875	217.22279375	211.57503125	216.99501875	233.2049125	200.89800625	292.4938	218.5558625	253.16974375	209.32098125
"ILMN_3097107"	142.58573125	114.42555875	116.415918125	121.307835625	140.0592625	130.6918125	124.61303125	118.084984375	145.03638125	136.01621875	118.2936625	124.50436875	121.4719	137.077675	139.41925	136.98565
"ILMN_2639155"	1102.75900625	941.899225	1183.2926625	1495.75775	1491.8528125	1170.5943	1032.766675	1512.9835625	1515.7341875	1491.8528125	1075.377725	1002.61314375	1089.18391875	944.894575	1599.0994375	1703.268
"ILMN_2760009"	119.23269	119.43970125	124.914075	125.805925	113.638276875	141.825175	110.925168125	115.3635675	114.532839375	115.83833375	112.50059875	121.994118125	135.00350625	94.087065	118.544265	112.50059875
"ILMN_1224434"	1176.1765125	1174.17459375	1328.9357	1418.00461875	1050.89158125	1259.73734375	1044.1645625	1369.38539375	1363.2152	1231.54114375	1348.860525	1405.39675625	1181.55914375	1067.32936875	1385.99768125	1208.95903125
"ILMN_2662316"	139.7600375	145.3389	144.61973125	127.72565625	142.249075	130.4140875	160.10634375	118.15266125	127.68379375	126.36245	122.062223125	126.5154875	141.10776875	130.0340125	155.31084375	133.87325625
"ILMN_1240806"	189.890575	145.1658125	181.58448125	181.0369875	160.37689375	174.29655	144.53268125	158.2587875	150.64725625	185.43579375	177.977475	177.622125	170.04654375	152.69155	151.58565625	180.922175
"ILMN_1237529"	148.42471875	121.994118125	119.825093125	131.66101875	140.78546875	142.66521875	167.0412125	138.493975	121.12578875	139.87195625	127.2450625	141.3552625	139.41925	146.47023125	143.37633125	131.27735
"ILMN_1230287"	178.5243375	163.41111875	177.32429375	170.387425	155.98471875	188.33473125	187.723625	156.10200625	167.46681875	183.22048125	162.934825	212.77806875	216.40799375	152.90356875	140.504525	189.26159375
"ILMN_2699880"	245.7140625	200.4274125	202.05618125	198.73825	210.29248125	222.10299375	206.018925	202.05618125	185.88055	246.22676875	194.641925	232.98231875	218.88428125	177.622125	185.0267625	213.347025
"ILMN_2743991"	135.00350625	127.68379375	156.49079375	154.42223125	140.504525	134.560175	117.11431625	161.68011875	139.15418125	140.599075	145.45378125	141.49523125	134.093925	139.04955625	151.8665125	147.701675
"ILMN_2666669"	177.622125	173.1835875	174.6676875	162.4788625	186.2141625	145.03638125	186.66923125	149.21289375	152.372725	207.70706875	150.11764375	176.556675	199.27065	183.9246375	163.2424375	162.4788625
"ILMN_3157692"	141.3552625	123.91041875	131.7516	120.172779375	135.53380625	132.9463	121.87844875	110.319638125	142.114375	123.29315	115.45249	117.03301125	125.31658125	116.415918125	113.15592625	126.30664375
"ILMN_2765759"	24643.0425	24643.0425	26401.904375	23320.495625	24643.0425	25477.855	27148.123125	23320.495625	22662.46875	23872.526875	26401.904375	23872.526875	24643.0425	25477.855	25477.855	24643.0425
"ILMN_3011730"	118.805108125	95.0255825	119.43970125	141.5911125	110.27779375	95.327415	92.144394375	141.90628125	134.560175	96.992	127.62435625	113.89941625	110.319638125	105.53290375	126.430475	91.96132
"ILMN_2989650"	166.21005625	140.39288125	178.6904875	147.701675	181.58448125	141.26234375	156.10200625	156.7400875	133.2308125	177.13383125	119.43970125	159.97255	153.9696625	149.87991875	142.76286875	169.65194375
"ILMN_2617505"	156.7400875	158.05190625	169.78939375	170.992825	209.32098125	142.48908125	145.674675	181.98435	180.01171875	168.80715	140.599075	183.22048125	145.3389	125.46033125	188.33473125	180.588125
"ILMN_2766315"	3996.876	3940.2430625	3940.2430625	4224.2954375	4396.7099375	4344.53675	3728.71325	4100.9669375	3672.7575	4239.0556875	3834.3006875	3546.5745	3796.041	3728.71325	4016.5993125	3920.65875
"ILMN_2715152"	127.46519375	113.562564375	133.2308125	142.76286875	154.66928125	111.916439375	112.075176875	133.43806875	117.440628125	140.8878375	131.91349375	144.260675	140.0592625	81.9416425	134.18521875	126.8687375
"ILMN_2720740"	342.5941	357.10310625	326.82395625	357.10310625	376.90229375	241.740075	434.11775625	332.17845625	308.76860625	280.7798125	286.13239375	363.591075	361.62028125	287.6191125	263.31391875	318.03841875
"ILMN_1223734"	1029.641025	1183.2926625	986.313625	855.91689375	1083.9575	774.922225	1058.70305625	941.899225	950.49096875	1144.45039375	924.4569875	825.27274375	887.3855875	864.630725	884.5102875	1337.96778125
"ILMN_2925350"	2250.7824375	2137.9463125	2355.1674375	2281.600125	1848.017125	2148.8818125	1817.268875	2297.81	2154.306	2003.673375	1873.4655625	2288.631	1964.982125	1723.53475	2158.863875	2334.2050625
"ILMN_2783896"	128.92178125	159.97255	139.41925	177.502625	139.04955625	138.39070625	135.35369375	180.15525625	166.21005625	142.48908125	180.588125	131.27735	138.2094375	148.33931875	176.556675	125.88055625
"ILMN_2906414"	4410.4075	4293.4258125	4559.2555625	4642.1986875	4774.159	4559.2555625	3920.65875	4479.1653125	5035.313	4577.5029375	4253.6859375	4559.2555625	4115.4703125	4530.4624375	4680.85275	5100.66625
"ILMN_2867158"	129.20803125	135.5993875	150.34926875	151.29939375	169.4552375	131.91349375	126.03825625	139.87195625	174.8182375	158.86419375	137.5014625	114.928289375	151.58565625	164.19486875	154.88060625	155.31084375
"ILMN_2634349"	338.969875	342.5941	292.4938	341.61043125	314.3022625	342.5941	325.4101375	287.144725	306.2683	276.12820625	374.74366875	308.76860625	338.969875	348.09076875	318.03841875	274.6481375
"ILMN_2588663"	118.982745625	130.19934375	114.0558675	115.906464375	113.69159375	118.6015225	130.59743125	123.77083125	116.82452	126.5154875	125.88055625	138.39070625	121.735439375	131.57471875	98.415378125	113.281014375
"ILMN_2858324"	2137.9463125	1968.7001875	2320.2016875	2223.8230625	1952.964125	2037.840625	2143.6614375	1974.2203125	2003.673375	2105.115125	2118.75825	2272.8855	2070.5778125	2183.460125	2042.1346875	2089.5956875
"ILMN_1240868"	663.46655	756.18793125	801.81858125	703.5802625	762.295575	642.53469375	725.7171625	730.96755	692.932175	816.19315625	726.77698125	620.669025	646.166675	616.95135	778.8566	739.25601875
"ILMN_2736360"	403.94156875	403.4728625	432.08651875	390.72719375	500.1246625	326.28495625	376.90229375	366.8749875	487.0973125	441.35880625	338.47830625	366.8749875	448.8247125	355.68825625	406.25033125	444.0608625
"ILMN_1234086"	1318.1725625	1185.554375	1377.04380625	2325.05	1049.03378125	1382.81021875	1410.221575	1781.5615	2063.82525	1170.5943	1948.114	1433.597	1194.77774375	2432.0701875	2228.328875	1044.1645625
"ILMN_1243564"	228.38930625	269.31935625	220.33043125	217.59455	207.45166875	197.0282375	208.614425	214.87245625	208.614425	242.69094375	212.036425	246.22676875	181.43729375	203.9486375	241.2465625	225.29593125
"ILMN_1229246"	183.22048125	158.6875	178.14129375	169.65194375	183.40340625	183.9246375	163.41111875	146.249475	163.2424375	207.04245	155.31084375	150.78871875	172.0150375	124.61303125	181.98435	166.21005625
"ILMN_2849016"	10127.8905625	10127.8905625	11230.1335625	7724.063375	12022.927	10574.6365	10574.6365	7790.514875	7504.3965	11297.6646875	8098.043625	9346.0995	9598.34675	7724.063375	7724.063375	9972.20525
"ILMN_2909105"	197.3707125	218.5558625	226.68588125	232.463875	218.88428125	214.13316875	217.59455	222.42536875	223.28705625	227.67105	222.10299375	197.2252125	210.80955	208.02386875	240.2466625	248.81170625
"ILMN_2625991"	661.9242375	719.046825	805.97924375	601.04705625	1009.5939125	789.96631875	794.63866875	706.28880625	700.53440625	928.73256875	701.97584375	766.57840625	645.18645625	669.95110625	730.96755	812.9982
"ILMN_2629591"	427.12645	371.5558125	413.1436125	328.285625	396.6321	348.09076875	367.22568125	309.742025	317.6047375	426.13363125	266.54350625	387.2671875	357.10310625	262.94540625	307.1202375	445.80331875
"ILMN_2663516"	1539.848	1565.7745625	1601.894875	1703.268	1658.9980625	1593.675875	1478.5996875	1876.157875	1654.4488125	1481.7319375	1651.4259375	1630.3749375	1684.229	1741.11475	1644.4888125	1781.5615
"ILMN_2729634"	144.53268125	126.7113625	135.35369375	130.19934375	134.02999375	146.249475	133.87325625	138.0079125	149.48900625	158.6875	144.00685625	145.674675	148.42471875	159.4634125	145.674675	149.87991875
"ILMN_3143246"	296.89524375	323.1156125	311.60259375	302.9173875	311.953325	297.20371875	338.01579375	298.077875	308.440225	297.20371875	346.84835	319.52645625	344.2023125	335.95439375	342.9916375	304.5775125
"ILMN_2687534"	369.6460875	434.11775625	491.08171875	451.59918125	486.43069375	484.5622625	415.8145375	487.81764375	426.63545	418.11000625	439.20473125	421.78673125	376.43794375	420.2161375	445.23834375	526.3651125
"ILMN_3048492"	457.2691	464.38098125	444.0608625	384.946275	432.68891875	491.08171875	453.05573125	468.86593125	469.40995625	499.01070625	389.59186875	460.56375625	491.08171875	419.286475	474.47324375	407.82223125
"ILMN_2718462"	232.7016375	207.45166875	236.130475	218.7287625	251.62058125	246.22676875	233.4838625	231.05068125	227.67105	253.5756875	208.02386875	227.4998625	243.336	213.93013125	233.4838625	246.70936875
"ILMN_2664522"	545.7415125	490.5482625	541.213475	564.21346875	613.71071875	518.60681875	483.86240625	586.82305	535.7323125	613.71071875	480.16580625	531.53671875	428.86770625	453.55994375	540.56240625	471.9612875
"ILMN_2680038"	347.6172625	311.60259375	295.67068125	302.4367625	284.88960625	317.0260375	306.74313125	286.13239375	335.58544375	325.79024375	372.341475	327.20638125	357.68119375	331.55780625	296.89524375	379.33124375
"ILMN_2647476"	181.7425875	178.14129375	160.48074375	184.27898125	179.79511875	170.6414875	149.87991875	167.203	200.56650625	181.43729375	178.14129375	174.8182375	165.954875	159.0277875	162.17669375	185.25490625
"ILMN_2643326"	153.695975	150.2414625	151.8665125	185.59075	174.8182375	149.21289375	168.3561625	223.11305	194.44226875	167.6349875	161.43203125	156.49079375	161.68011875	180.922175	231.05068125	182.548525
"ILMN_2634564"	583.84518125	579.1233125	551.0910625	613.71071875	730.96755	648.30325625	600.22399375	554.6096625	512.05889375	608.020025	627.058775	622.424775	526.3651125	570.62875	591.56195625	642.53469375
"ILMN_2625188"	194.44226875	204.23965625	196.22610625	194.641925	208.2482625	180.3295625	203.7438375	178.28668125	174.942675	210.29248125	183.40340625	211.808925	212.77806875	173.37554375	193.7898875	177.13383125
"ILMN_1232976"	1593.675875	1786.308875	1790.375375	1793.433875	1880.222375	1859.51175	1675.8665625	1829.6575625	1829.6575625	1901.7284375	1436.6275	1933.3263125	1786.308875	1737.21975	1892.11275	1901.7284375
"ILMN_1237049"	1119.3327375	1272.7707375	1045.9207875	1091.12875625	1200.59594375	1114.7287	1123.47035	1006.592375	1067.32936875	1050.89158125	1123.47035	933.34199375	1106.1448625	1109.27059375	1029.641025	1017.5196
"ILMN_2627299"	2461.6148125	2342.59925	2681.920625	2553.0296875	1884.99275	2383.1305	2288.631	2738.6715	2416.0603125	2461.6148125	2426.33675	2476.998875	2500.73225	2383.1305	2426.33675	2647.8840625
"ILMN_3089931"	140.97510625	129.55834375	122.11165625	124.6910875	130.59743125	125.88055625	139.64135625	124.27139375	115.9625425	141.10776875	109.123379375	158.3846375	144.14700625	120.403178125	136.61658125	121.24155375
"ILMN_1249606"	1006.592375	1140.3004	1040.3397625	1111.68751875	1226.33259375	1106.1448625	1240.6907125	1040.3397625	1094.47193125	1126.81623125	973.91274375	973.91274375	1094.47193125	1017.5196	1096.2395125	1130.81324375
"ILMN_2593104"	235.79373125	312.35949375	222.66893125	283.540325	204.0911625	265.969925	240.2466625	297.66561875	314.7001	238.7891375	344.83418125	279.0067375	306.74313125	289.026225	277.15685625	236.75499375
"ILMN_1240702"	7724.063375	6432.159625	6927.53375	5824.636	6997.7991875	6432.159625	6015.1349375	5920.0250625	6332.6618125	6791.54225	6059.90325	6716.896125	6520.82825	6432.159625	6578.41025	6997.7991875
"ILMN_3045152"	138.8329125	151.29939375	136.24591875	125.0597375	153.1769625	137.59983125	118.471008125	123.5136625	120.005404375	151.8665125	120.6277775	140.0592625	106.745404375	127.72565625	123.372175	130.59743125
"ILMN_3140913"	210.29248125	185.88055	184.88224375	203.529425	221.7632625	217.9913875	198.73825	211.1658125	209.32098125	234.86673125	200.89800625	208.02386875	241.0027875	176.12585	221.24006875	173.1835875
"ILMN_2714031"	1231.54114375	1952.964125	1294.65333125	1183.2926625	1021.62443125	1009.5939125	2016.9168125	1011.060025	1101.2866	1009.5939125	1880.222375	1044.1645625	1290.79334375	1925.171375	1040.3397625	1223.86389375
"ILMN_2704619"	975.55876875	890.8846625	962.9292375	831.99635	999.8791	877.80959375	874.99784375	854.31285625	748.15424375	921.2737875	829.02494375	1009.5939125	874.99784375	805.97924375	799.0163375	903.982275
"ILMN_2702016"	181.135334375	186.01159375	198.537425	211.3284125	185.748925	185.0267625	199.67699375	194.98645	237.210825	155.98471875	213.04775625	211.3284125	185.59075	193.07526875	210.5832875	180.70965
"ILMN_2629030"	1035.2212625	847.2564125	1172.722225	1318.1725625	1191.72529375	1176.1765125	913.7848	1170.5943	1279.10915	1181.55914375	1012.87120625	955.69085625	972.734025	1135.64869375	1413.892925	1080.43248125
"ILMN_1243810"	155.432225	162.4788625	170.86271875	143.68168125	136.61658125	121.37270625	157.56325625	120.403178125	146.57059375	143.50841875	145.28875625	151.7113	130.09806875	141.5911125	152.7839	161.43203125
"ILMN_2709220"	111.549485	128.8212375	122.245771875	118.15266125	111.382021875	117.370764375	106.797685625	107.44807875	103.57234	109.976179375	105.0368925	110.010455625	114.250825	138.39070625	109.91764625	107.61843
"ILMN_3138674"	207.23683125	227.120325	247.27466875	243.0280375	213.7162125	185.88055	197.3707125	198.73825	232.98231875	230.4721	240.04690625	225.11594375	164.3968125	183.0535	223.28705625	217.3990625
"ILMN_2592187"	199.27065	185.748925	189.26159375	204.23965625	170.86271875	194.2015	151.29939375	232.463875	206.3713125	189.890575	190.51620625	172.5337625	204.4481	194.767025	175.49864375	167.7883625
"ILMN_1255236"	871.928325	704.96834375	948.13583125	986.313625	747.19006875	823.80625	741.15223125	1217.59461875	803.50789375	833.42680625	677.79639375	814.58774375	648.30325625	845.59393125	841.8968125	933.34199375
"ILMN_2665889"	936.561775	965.92841875	968.52038125	1029.641025	1047.83524375	1006.592375	950.49096875	1035.2212625	1128.48683125	1049.03378125	946.97265625	923.3045875	1032.766675	878.55406875	980.6937	1065.40696875
"ILMN_2593694"	3546.5745	3757.6965625	4016.5993125	4680.85275	3712.4661875	3682.3524375	4224.2954375	4758.6421875	5100.66625	3757.6965625	4082.71825	3624.416875	3358.915875	3862.5035625	4774.159	5071.7954375
"ILMN_1247490"	566.12206875	502.513075	559.57819375	464.38098125	539.54431875	507.9213875	559.57819375	527.93001875	460.56375625	584.78806875	491.6045875	542.5852375	614.66899375	457.2691	452.3838625	669.95110625
"ILMN_1237891"	709.30966875	811.4076125	789.96631875	723.366875	673.8294125	807.2088	816.19315625	754.62749375	753.64794375	700.53440625	807.2088	713.79743125	932.24933125	768.13921875	684.55906875	691.70765625
"ILMN_2991574"	169.34339375	162.80370625	155.68575625	169.04061875	154.55408125	144.9504375	129.44345	152.7839	167.6349875	151.1479625	163.813025	137.077675	114.754201875	142.48908125	136.89603125	126.5154875
"ILMN_2698799"	11173.0176875	10333.5746875	9249.246625	11173.0176875	8834.2650625	9753.672125	11938.2769375	11297.6646875	12776.28325	10210.935875	13731.0364375	10210.935875	11818.927875	12022.927	13731.0364375	11818.927875
"ILMN_2985579"	388.29455	396.6321	356.32760625	313.27270625	316.0292125	431.16281875	365.57460625	347.2855875	316.0292125	348.09076875	337.48220625	369.6460875	344.83418125	427.12645	330.25861875	314.3022625
"ILMN_2688607"	12022.927	13534.7125	10841.250625	12022.927	10060.255125	11230.1335625	13983.2231875	10724.79525	11173.0176875	11408.793	13172.297875	11173.0176875	11659.052625	12961.611375	10333.5746875	11408.793
"ILMN_1215238"	2721.8628125	2522.957375	2397.767	2738.6715	2105.115125	2560.1100625	2838.8095625	2809.6363125	2560.1100625	2196.211625	3199.676125	2624.439625	2838.8095625	3144.962875	2608.4428125	2052.1315
"ILMN_2596569"	2553.0296875	2514.93025	1981.51975	1895.11975	2397.767	2608.4428125	2738.6715	1928.6761875	1825.6773125	1944.8068125	2063.82525	2105.115125	2369.0618125	1994.359875	1825.6773125	2143.6614375
"ILMN_1221838"	162.17669375	166.49685	171.50286875	167.46681875	189.890575	160.6173125	181.0369875	146.69515625	144.14700625	164.0783625	164.0783625	160.23875	131.7516	145.3389	139.87195625	178.14129375
"ILMN_1244801"	101.764814375	86.009410625	94.4450625	139.04955625	83.293571875	101.015840625	91.259150625	129.20803125	129.55834375	114.165755625	115.570525	117.7128925	99.30971125	103.16863125	131.3446625	93.19160625
"ILMN_2704823"	11408.793	11818.927875	13172.297875	11495.6474375	15066.27	11173.0176875	11495.6474375	12469.35875	11659.052625	13983.2231875	10724.79525	12022.927	10724.79525	11659.052625	12621.3100625	12776.28325
"ILMN_3136205"	141.5911125	148.575225	138.70476875	133.14736875	126.15359375	134.18521875	140.78546875	176.7156375	170.6414875	124.0164625	130.90685	122.11165625	116.08336	162.4788625	135.840375	155.98471875
"ILMN_1234241"	411.74715	444.5415	335.58544375	329.84598125	406.94613125	373.78556875	447.55898125	319.932875	441.35880625	405.7067375	541.213475	396.1385875	480.16580625	520.452825	365.182425	420.2161375
"ILMN_3094506"	1505.6170625	1501.8286875	1369.38539375	1700.66975	1279.10915	1526.519875	1539.848	1541.624625	1560.8211875	1382.81021875	1928.6761875	1532.028875	1695.865	1758.3530625	1773.0195	1481.7319375
"ILMN_2660110"	1453.836625	1695.865	1318.1725625	1413.892925	1348.860525	1581.35175	1616.891125	1395.78575	1443.8409375	1340.43134375	1700.66975	1638.406375	1799.4763125	1675.8665625	1672.5034375	1269.33360625
"ILMN_2718861"	638.36458125	653.84860625	678.67405625	741.15223125	591.56195625	620.669025	594.5953875	777.837775	749.09235	669.95110625	502.513075	610.8717375	640.49278125	592.42118125	701.97584375	687.17316875
"ILMN_2704372"	139.28285	154.66928125	174.29655	124.14365	153.8393625	162.17669375	110.5282575	170.387425	176.556675	145.5794125	144.38583125	140.97510625	175.49864375	141.3552625	152.5911625	163.813025
"ILMN_2762255"	3007.439625	3508.3631875	3074.407375	3353.5210625	3546.5745	3260.6586875	3041.47075	3232.3765	3343.45	3556.7825	2864.5063125	3092.283875	3232.3765	2881.650875	3292.12425	3592.45975
"ILMN_2593774"	3808.8565	3572.0115	4925.7006875	4577.5029375	4758.6421875	3546.5745	3081.9745625	4293.4258125	5366.7633125	4048.0388125	5071.7954375	3883.6430625	3436.421625	6292.2961875	4964.116125	3901.5434375
"ILMN_3006575"	145.1658125	140.78546875	161.551425	147.93004375	116.13573125	159.69138125	133.56350625	156.49079375	152.1062	137.59983125	140.78546875	132.00056875	158.6875	118.6015225	127.4141875	153.5859125
"ILMN_2706451"	423.94420625	387.961875	483.0917625	437.71665625	453.55994375	442.89155	392.08263125	379.9415625	393.7152125	517.529525	392.65998125	410.47876875	390.72719375	378.12289375	389.59186875	382.0394125
"ILMN_2887075"	605.16504375	562.62983125	551.6918875	555.743425	472.914975	567.0161125	591.56195625	523.6465625	600.22399375	542.5852375	517.00189375	647.28489375	586.82305	562.62983125	580.68080625	570.62875
"ILMN_2711007"	175.1317625	182.548525	223.62086875	262.67929375	201.62113125	191.45689375	188.93926875	215.6734625	226.2570875	189.473275	204.6013	189.890575	220.8166125	216.1693125	242.168325	177.32429375
"ILMN_1218627"	7591.974125	7287.4495625	7591.974125	7228.3994375	9598.34675	7037.2719375	7144.64825	7287.4495625	7984.2996875	7591.974125	6961.1408125	6666.436625	7287.4495625	7591.974125	7287.4495625	7724.063375
"ILMN_2694687"	991.49634375	970.23390625	733.7992	987.84588125	654.93716875	937.8576625	980.6937	1002.61314375	1151.43849375	724.54374375	1178.73895	978.4476	987.84588125	1301.79445	1237.64559375	1045.9207875
"ILMN_2730516"	229.10846875	203.529425	200.4274125	220.50859375	192.86455	217.59455	219.13505625	204.0911625	213.93013125	202.7771	167.33055625	236.61770625	182.85221875	185.0267625	207.04245	198.537425
"ILMN_2629610"	195.2914625	248.03146875	228.051775	207.23683125	203.16753125	217.3990625	184.0525875	177.502625	175.49864375	215.6734625	181.58448125	199.52053125	187.17769375	204.6013	186.82786875	207.70706875
"ILMN_2774049"	167.7883625	177.977475	165.03119375	205.3047125	159.81698125	176.99835	161.81215625	240.04690625	217.59455	171.38676875	242.168325	163.2424375	180.922175	242.38879375	244.69550625	188.33473125
"ILMN_2982652"	568.67436875	615.6507375	706.28880625	582.72373125	615.6507375	665.2559875	654.93716875	867.3996875	559.57819375	594.5953875	564.21346875	780.5475	559.57819375	535.7323125	672.2165125	777.837775
"ILMN_2621471"	1197.1950625	1269.33360625	1123.47035	1059.9520625	1467.699125	1301.79445	1279.10915	1208.95903125	1208.95903125	1402.53706875	1240.6907125	1286.1005125	1359.73494375	1348.860525	1292.25568125	1294.65333125
"ILMN_2591917"	5458.565	6136.195875	6520.82825	6520.82825	6432.159625	6059.90325	5720.023125	7110.6441875	6900.494375	6474.592	5235.5604375	5390.3065625	5501.0839375	5630.295	6096.572375	7984.2996875
"ILMN_1256463"	844.16524375	774.922225	704.96834375	684.55906875	868.936125	724.54374375	890.8846625	756.18793125	794.63866875	703.5802625	704.96834375	672.2165125	847.2564125	618.0341625	629.7449375	586.82305
"ILMN_1259294"	1101.2866	928.73256875	970.23390625	973.91274375	997.9165375	1045.9207875	884.5102875	902.21253125	960.96005	915.24975	975.55876875	1115.814175	880.3431	1029.641025	910.37574375	889.0091875
"ILMN_2788984"	8355.2378125	8729.9628125	9544.25021875	8907.919	9972.20525	8729.9628125	8492.1395	9169.2155	7630.668	9671.8816875	7037.2719375	7535.8325625	8285.4875	8420.7889375	8640.875375	8994.49525
"ILMN_2713464"	657.738425	689.3837625	707.6533625	643.92078125	657.738425	737.52373125	682.99356875	693.96675625	707.6533625	737.52373125	659.09488125	739.25601875	660.82371875	646.166675	679.91124375	793.42196875
"ILMN_2813284"	203.0263	216.40799375	226.39001875	205.81603125	247.27466875	232.7016375	218.25731875	221.24006875	206.84325	231.99835625	199.52053125	232.7016375	242.168325	189.08605625	197.3707125	277.15685625
"ILMN_2719924"	441.35880625	457.2691	393.157475	531.53671875	325.4101375	386.241725	423.94420625	483.0917625	526.3651125	414.16425625	583.84518125	439.64811875	506.4152125	478.98810625	536.63215625	382.43631875
"ILMN_2879121"	152.69155	144.38583125	126.8687375	127.9695	139.9945375	120.6277775	152.515875	122.7133125	130.45783125	109.19637	127.537025	116.917326875	134.78813125	126.96625625	122.93675	101.48536875
"ILMN_2910020"	125.7289875	132.4016625	111.61705875	129.20803125	105.21574625	120.787834375	127.09165	125.9750625	138.60301875	141.90628125	131.0427625	132.60215	120.172779375	121.87844875	100.3090925	146.35961875
"ILMN_3128270"	116.2029875	138.2094375	105.53290375	113.562564375	98.93877625	99.951273125	123.61475625	95.51638125	112.7672725	109.595425625	129.8790875	114.532839375	133.76694375	118.23729375	89.372376875	105.53290375
"ILMN_2982736"	1501.8286875	1351.2752375	1457.8441875	1541.624625	1529.5255625	1418.00461875	1348.860525	1529.5255625	1476.0480625	1495.75775	1298.1607625	1355.16958125	1478.5996875	1481.7319375	1418.00461875	1593.675875
"ILMN_1245850"	180.3295625	213.347025	232.463875	236.75499375	190.9587625	183.64101875	182.71784375	204.95320625	217.9913875	186.44199375	217.22279375	198.2266625	185.88055	182.548525	224.75283125	220.08603125
"ILMN_2741117"	2342.59925	3155.7905625	2388.401875	1812.93475	2618.0886875	2955.6293125	3436.421625	1925.171375	2082.9988125	1925.171375	3081.9745625	3199.676125	3114.975	2500.73225	2131.0719375	2297.81
"ILMN_1220682"	119.53205625	95.7701925	121.809210625	112.680161875	126.30664375	116.5506525	114.165755625	124.85291875	125.805925	121.12578875	121.809210625	120.787834375	117.578344375	126.79658125	112.450651875	101.72839
"ILMN_2601884"	6997.7991875	5390.3065625	9346.0995	9346.0995	7332.76175	6520.82825	4270.5875	8212.2020625	8729.9628125	8640.875375	4436.122	6432.159625	5559.051625	4855.10025	8031.7658125	9249.246625
"ILMN_1257630"	185.0267625	171.38676875	185.88055	171.50286875	184.49761875	188.50483125	176.31839375	146.9285625	156.7400875	192.34130625	202.05618125	175.1317625	177.32429375	183.22048125	187.17769375	152.372725
"ILMN_1213231"	1011.060025	1006.592375	1021.62443125	1094.47193125	1151.43849375	1044.1645625	1138.93230625	1144.45039375	1016.11661875	984.3163125	1183.2926625	906.973	1096.2395125	1197.1950625	1135.64869375	982.52008125
"ILMN_2666297"	495.60464375	470.87679375	522.02868125	520.452825	414.16425625	501.45809375	439.64811875	441.35880625	504.2750375	431.16281875	552.80308125	494.18310625	452.3838625	542.5852375	467.39164375	310.557075
"ILMN_1254737"	120.24917875	123.83503125	110.595898125	118.544265	119.956154375	128.5330625	126.30664375	102.37671125	112.4208325	121.580483125	104.51807625	125.1430625	124.34335625	134.2687625	104.19057375	127.62435625
"ILMN_2714678"	194.98645	175.28598125	178.81230625	148.7124	184.0525875	180.922175	175.98158125	173.1835875	175.692725	166.49685	172.70298125	182.71784375	165.4697625	190.76133125	155.98471875	171.22390625
"ILMN_2724868"	1880.222375	1796.3114375	1751.0855	1909.405	1601.894875	1928.6761875	1799.4763125	1761.7409375	1948.114	1786.308875	2037.840625	1964.982125	2125.5966875	2214.44325	2078.9265625	1613.5793125
"ILMN_2631192"	590.2830875	640.49278125	603.75543125	656.59380625	733.7992	782.2742875	695.1960625	761.0036625	765.3852875	687.17316875	614.66899375	502.513075	615.6507375	716.28623125	703.5802625	747.19006875
"ILMN_1256564"	640.49278125	585.82873125	554.6096625	590.2830875	579.95534375	631.9964875	753.64794375	526.3651125	488.60263125	625.94640625	467.39164375	648.30325625	651.440175	533.3672125	453.55994375	585.82873125
"ILMN_2697433"	5531.992	6059.90325	5791.554125	5592.9835	4514.3431875	5531.992	5885.3009375	5501.0839375	6059.90325	5366.7633125	6474.592	5859.1675625	6159.7626875	6251.9165625	5366.7633125	5720.023125
"ILMN_2696360"	413.6796125	445.80331875	457.2691	363.99298125	480.16580625	425.43803125	410.47876875	354.61660625	327.851675	444.5415	376.90229375	464.38098125	454.602775	314.7001	371.001275	427.12645
"ILMN_2960714"	229.88585625	219.43544375	208.4504625	200.1958	250.65075	250.65075	194.44226875	189.08605625	233.86650625	259.57115	241.5009	184.27898125	256.726675	194.2015	267.9434	212.036425
"ILMN_1216614"	1523.2851875	1461.678875	1613.5793125	1399.6960125	1914.436125	1515.7341875	1630.3749375	1440.767375	1429.7836125	1747.868375	1377.04380625	1635.846125	1621.1950625	1517.980125	1601.894875	1663.08725
"ILMN_3103784"	251.62058125	228.82529375	272.57405	348.09076875	264.523	218.7287625	221.24006875	296.50191875	301.5162	259.83235	280.32616875	262.67929375	241.2465625	230.4721	253.5756875	264.8414125
"ILMN_1256725"	624.54245	768.13921875	689.3837625	739.25601875	845.59393125	704.96834375	808.3092375	736.02556875	642.53469375	654.93716875	835.00675625	728.21921875	697.11445625	657.738425	687.17316875	721.06025
"ILMN_2620844"	118.025370625	143.20033125	164.552225	176.7156375	140.599075	146.47023125	149.21289375	142.114375	160.10634375	148.8364625	130.79925	165.4697625	146.57059375	155.0321	144.00685625	153.8393625
"ILMN_1244835"	556.3031625	754.62749375	522.96660625	693.96675625	453.05573125	605.86194375	647.28489375	703.5802625	721.06025	472.914975	782.2742875	637.1031	653.84860625	732.0853625	645.18645625	515.00791875
"ILMN_2645780"	157.9106125	114.5831625	155.127325	184.88224375	187.723625	176.31839375	116.82452	185.0267625	181.43729375	207.45166875	99.167053125	160.6173125	156.2078125	105.35851	155.68575625	327.20638125
"ILMN_2724226"	4855.10025	4774.159	5592.9835	5284.0041875	5762.73775	5284.0041875	4834.3839375	6059.90325	4995.627	5559.051625	4774.159	4995.627	4799.889	4735.2788125	5592.9835	6292.2961875
"ILMN_2590771"	132.4016625	181.43729375	145.1658125	142.3656125	130.97268125	131.43111875	260.1345875	179.673275	154.66928125	158.3846375	201.08705	147.8156375	157.56325625	173.04038125	132.53908125	157.693625
"ILMN_1242769"	934.93573125	1104.645125	873.73599375	1085.4797875	1014.6464	999.8791	921.2737875	1115.814175	1185.554375	1067.32936875	1082.09006875	1102.75900625	1047.83524375	1149.6691	1069.8680125	1058.70305625
"ILMN_2713039"	605.86194375	659.09488125	725.7171625	539.54431875	873.73599375	706.28880625	643.92078125	605.86194375	552.80308125	800.142025	435.13193125	586.82305	524.4077875	442.89155	551.0910625	730.96755
"ILMN_2947031"	422.1692375	427.12645	436.32871875	417.2681625	415.8145375	456.45375	411.74715	367.22568125	388.98266875	362.3423375	404.7403875	447.55898125	444.0608625	361.06348125	336.38178125	387.2671875
"ILMN_2693151"	137.74104375	132.00056875	145.03638125	166.5747125	147.21659375	138.33310625	137.88758125	149.87991875	124.97909375	131.49894375	126.7113625	153.9696625	157.9106125	182.71784375	159.69138125	147.39860625
"ILMN_2827607"	163.2424375	164.19486875	176.31839375	173.37554375	160.10634375	150.8607	177.502625	191.45689375	160.37689375	172.0150375	146.69515625	162.934825	198.986275	196.7999	163.813025	182.85221875
"ILMN_2799596"	293.459625	258.75729375	269.0900875	307.1202375	287.97133125	286.44878125	275.47909375	302.9173875	358.44570625	294.61255625	275.04995	320.69589375	287.97133125	246.43791875	326.28495625	250.930975
"ILMN_3078052"	117.515893125	128.162825	122.062223125	116.2029875	134.3977375	153.695975	97.583255	109.91764625	111.4405175	116.87479875	115.78272625	101.871035625	102.519305625	105.687775625	106.381176875	139.04955625
"ILMN_2973337"	140.1893	142.48908125	144.14700625	165.03119375	126.2334375	163.58553125	158.2587875	128.71798125	118.084984375	113.480361875	131.43111875	136.61658125	138.493975	123.91041875	114.30433375	126.0942125
"ILMN_2854117"	188.50483125	173.04038125	159.69138125	137.35951875	153.038975	151.9914375	149.1243125	127.28783125	135.35369375	211.3284125	130.6918125	132.4609	148.7124	125.6313	139.04955625	154.42223125
"ILMN_2700022"	397.36328125	380.48959375	411.01455625	413.1436125	429.66280625	415.8145375	436.96919375	374.27375	379.9415625	387.961875	450.09990625	450.87916875	413.1436125	398.8783375	435.835025	369.0737
"ILMN_1254551"	2201.56525	2313.56925	1884.99275	2003.673375	1675.8665625	2118.75825	2437.573625	2137.9463125	2131.0719375	2016.9168125	2214.44325	1832.8898125	2158.863875	1919.0003125	2047.0441875	1895.11975
"ILMN_2756704"	6961.1408125	6961.1408125	9169.2155	10443.30125	7724.063375	7287.4495625	6997.7991875	9972.20525	10443.30125	8420.7889375	7984.2996875	7884.927125	7073.02275	7184.1275	10574.6365	8834.2650625
"ILMN_2673917"	612.4552625	637.1031	812.9982	690.38670625	789.96631875	601.77260625	574.1261625	784.02243125	695.1960625	676.4500125	657.738425	639.4019375	569.9199	665.2559875	618.0341625	620.669025
"ILMN_2684667"	4995.627	5235.5604375	4410.4075	5432.2115	4995.627	5035.313	4819.3668125	5261.7406875	4834.3839375	4376.21475	5559.051625	4855.10025	5235.5604375	5691.950125	4799.889	4410.4075
"ILMN_2670427"	4224.2954375	4680.85275	4059.5295	4452.0114375	4667.497625	4206.7450625	5120.44175	4452.0114375	4239.0556875	4115.4703125	4363.454875	3853.270625	4239.0556875	4925.7006875	4436.122	3808.8565
"ILMN_2599214"	375.74753125	277.15685625	390.72719375	222.42536875	470.87679375	410.47876875	319.52645625	223.28705625	279.95749375	334.0526875	324.59301875	235.79373125	446.23766875	420.80611875	268.74179375	344.2023125
"ILMN_2775402"	147.05875	130.79925	135.00350625	116.87479875	167.0412125	133.2308125	126.7113625	132.4609	119.825093125	142.83349375	133.14736875	118.084984375	118.025370625	120.172779375	134.479925	109.678511875
"ILMN_1239808"	415.8145375	426.13363125	486.43069375	476.99363125	445.23834375	473.52364375	426.63545	582.72373125	537.3564875	421.78673125	367.22568125	442.89155	412.55158125	433.41804375	516.35701875	508.66270625
"ILMN_3123473"	243.86538125	295.67068125	222.10299375	251.30326875	206.84325	277.7191375	282.30319375	264.8414125	286.81030625	257.1474375	311.953325	293.85094375	261.69506875	257.83005	310.20375625	293.459625
"ILMN_1260593"	361.62028125	391.4559875	316.35359375	336.38178125	370.48145625	358.44570625	344.2023125	307.59543125	349.2293625	290.89839375	340.65205625	343.51701875	417.2681625	355.19934375	300.51006875	325.79024375
"ILMN_2895908"	527.07400625	429.66280625	496.93676875	502.513075	403.94156875	487.81764375	433.41804375	497.8212875	553.6983625	466.434675	487.0973125	543.2651625	489.587425	537.3564875	485.53976875	442.89155
"ILMN_2624385"	794.63866875	816.19315625	1016.11661875	887.3855875	1311.92510625	812.9982	821.9814125	829.02494375	849.21829375	973.91274375	865.75048125	697.11445625	807.2088	933.34199375	876.168925	785.55970625
"ILMN_2772155"	665.2559875	912.53776875	591.56195625	589.33045	577.3044	663.46655	1149.6691	697.11445625	729.4838	607.033175	1056.7428375	778.8566	814.58774375	766.57840625	667.346975	643.92078125
"ILMN_1244836"	1802.7274375	2052.1315	1848.017125	1499.0845625	1719.596	1793.433875	2364.6356875	1581.35175	1723.53475	1909.405	1952.964125	1606.403875	1616.891125	2118.75825	1651.4259375	1625.73425
"ILMN_2962632"	46726.258125	46726.258125	46726.258125	51201.501875	46726.258125	46726.258125	43942.53375	48357.90875	48357.90875	56178.88	48357.90875	46726.258125	46726.258125	53803.0675	50036.076875	48357.90875
"ILMN_2747311"	1275.825625	1096.2395125	1096.2395125	1149.6691	980.6937	1233.78420625	1159.0100875	1183.2926625	1217.59461875	1006.592375	1315.989225	1253.613975	1304.11341875	1272.7707375	1226.33259375	1146.39284375
"ILMN_3104094"	1065.40696875	1016.11661875	1136.7809625	1122.48299375	1126.81623125	1025.50926875	1082.09006875	1200.59594375	1083.9575	1213.3972125	1069.8680125	1016.11661875	1085.4797875	915.24975	1018.9702	1275.825625
"ILMN_2648618"	190.08255	159.0277875	181.98435	156.99936875	173.37554375	184.49761875	176.556675	177.7439375	181.98435	153.695975	186.01159375	123.17825	178.6904875	186.2141625	173.4603	187.9385375
"ILMN_1244997"	167.0412125	198.537425	162.80370625	192.86455	204.95320625	174.942675	191.45689375	208.02386875	213.347025	176.99835	157.9106125	149.3582875	172.353225	194.03785625	205.534625	240.2466625
"ILMN_3160416"	278.67450625	345.38940625	314.3022625	359.38050625	291.3637	301.5162	277.7191375	335.95439375	322.65033125	293.459625	310.557075	307.1202375	264.8414125	260.1345875	314.3022625	257.3934125
"ILMN_1225158"	6843.291125	6520.82825	6292.2961875	6900.494375	7073.02275	6900.494375	6961.1408125	6666.436625	6520.82825	6627.1081875	6997.7991875	6961.1408125	6791.54225	6843.291125	6961.1408125	6666.436625
"ILMN_2588055"	2800.7055	3624.416875	2148.8818125	2916.3459375	4152.0380625	3853.270625	4642.1986875	3445.8880625	2975.30275	2916.3459375	3920.65875	1389.53755625	4315.6864375	3712.4661875	3556.7825	3199.676125
"ILMN_1238542"	2406.897125	2618.0886875	2758.6666875	2582.3805	3248.2679375	2963.303625	2613.0956875	2816.5711875	2681.920625	2800.7055	2681.920625	2710.1726875	2631.082625	2781.58875	2968.9675625	2738.6715
"ILMN_3082287"	493.5442	528.659375	577.3044	677.79639375	479.6173875	519.32630625	480.16580625	588.53715	605.16504375	520.452825	605.86194375	558.30926875	460.98259375	614.66899375	490.5482625	489.587425
"ILMN_1235836"	125.0597375	133.0385625	153.1769625	130.53025625	141.3552625	134.093925	132.4016625	124.34335625	125.9750625	116.345684375	147.8156375	152.90356875	141.90628125	136.24591875	126.03825625	119.23269
"ILMN_2615628"	510.5569375	549.89674375	826.7718875	764.2097375	603.75543125	695.1960625	586.82305	796.67608125	624.54245	536.63215625	530.13569375	588.53715	531.53671875	652.601775	675.1991125	711.26331875
"ILMN_2908981"	1185.554375	1228.17379375	1170.5943	1337.96778125	972.734025	1075.377725	1144.45039375	1272.7707375	1323.73580625	1200.59594375	1318.1725625	1240.6907125	1233.78420625	1159.0100875	1290.79334375	1061.20106875
"ILMN_2864906"	214.13316875	227.67105	203.529425	212.036425	241.2465625	221.015275	243.86538125	227.67105	224.416875	258.45333125	213.347025	203.16753125	214.63416875	223.72760625	204.6013	210.80955
"ILMN_1253361"	902.21253125	787.17976875	1037.15800625	807.2088	958.827475	892.5835875	831.99635	860.29973125	900.229325	944.894575	693.96675625	804.60284375	934.93573125	841.8968125	923.3045875	852.3978375
"ILMN_2702893"	142.66521875	125.88055625	134.479925	134.18521875	154.42223125	140.599075	135.2270875	156.60838125	135.92853125	128.162825	142.9232375	128.34369375	133.43806875	108.480956875	133.87325625	134.560175
"ILMN_2657876"	129.71258125	115.50622375	122.50006875	112.7672725	115.662123125	125.0597375	127.68379375	109.821780625	101.32659875	120.931299375	119.609384375	118.7239175	99.41942625	155.432225	122.6171375	131.91349375
"ILMN_2659063"	136.24591875	131.66101875	119.3709175	172.23488125	97.29614	114.42555875	118.2936625	190.08255	183.9246375	132.7850125	182.85221875	159.56865625	129.95585625	184.88224375	184.0525875	107.86980625
"ILMN_2654997"	6791.54225	7184.1275	8031.7658125	8355.2378125	5920.0250625	7630.668	7110.6441875	8834.2650625	7287.4495625	7504.3965	8285.4875	8355.2378125	7037.2719375	8212.2020625	7591.974125	7073.02275
"ILMN_1258600"	903.982275	1018.9702	854.31285625	829.02494375	724.54374375	910.37574375	965.92841875	819.3952875	847.2564125	844.16524375	910.37574375	1161.1970625	921.2737875	833.42680625	777.837775	808.3092375
"ILMN_2749747"	577.3044	591.56195625	580.68080625	515.00791875	637.1031	711.26331875	628.2296125	496.135925	482.1791625	633.27214375	540.56240625	684.55906875	631.9964875	457.93085	517.529525	633.27214375
"ILMN_2847285"	213.04775625	213.04775625	209.32098125	217.22279375	219.13505625	216.00235625	221.5099	197.96421875	195.13283125	195.2914625	209.103475	183.9246375	229.5596375	254.823675	169.214	202.5795125
"ILMN_2679447"	930.27695625	807.2088	1004.4496375	934.93573125	870.534625	962.9292375	892.5835875	928.73256875	898.38510625	970.23390625	771.5237875	1069.8680125	794.63866875	936.561775	943.18929375	878.55406875
"ILMN_1259606"	1836.85825	1610.26175	1505.6170625	1379.9554375	1355.16958125	1880.222375	1585.203875	1841.8780625	1786.308875	1269.33360625	2022.208	1723.53475	1581.35175	2264.731375	1621.1950625	1700.66975
"ILMN_2826342"	1085.4797875	1093.05636875	1298.1607625	1262.084325	1073.825075	1011.060025	1045.9207875	1140.3004	1178.73895	1220.88975625	1061.20106875	997.9165375	1109.27059375	1093.05636875	1073.825075	1159.0100875
"ILMN_2524043"	220.50859375	233.70659375	218.5558625	214.87245625	222.42536875	201.32313125	179.20448125	206.018925	221.5099	223.72760625	208.4504625	221.5099	226.0137125	194.641925	209.32098125	193.7898875
"ILMN_2643513"	317.6047375	291.65074375	370.48145625	328.90161875	431.7225875	323.1156125	363.99298125	321.82924375	373.30499375	381.22103125	303.5227625	345.7649375	383.67525	332.17845625	320.36241875	417.2681625
"ILMN_1221983"	6383.8138125	5791.554125	6900.494375	6961.1408125	5885.3009375	7073.02275	5859.1675625	6961.1408125	7790.514875	5859.1675625	6578.41025	7073.02275	6015.1349375	6666.436625	6432.159625	6383.8138125
"ILMN_2601118"	905.5100875	843.17844375	744.27988125	788.81949375	941.899225	871.928325	876.168925	741.15223125	814.58774375	890.8846625	823.80625	987.84588125	817.51023125	598.9458625	788.81949375	849.21829375
"ILMN_1222760"	499.01070625	446.23766875	501.45809375	342.9916375	517.529525	489.587425	468.86593125	347.6172625	353.62091875	457.93085	355.19934375	505.60308125	462.82	360.557825	368.19235625	483.0917625
"ILMN_2908045"	847.2564125	936.561775	845.59393125	906.973	1002.61314375	995.77236875	908.8836125	905.5100875	873.73599375	968.52038125	1018.9702	1017.5196	910.37574375	926.7802875	898.38510625	948.13583125
"ILMN_1212619"	162.80370625	149.64721875	150.78871875	132.4609	127.3510375	158.1505875	133.2308125	119.074268125	116.08336	149.48900625	111.549485	142.66521875	143.9201875	114.532839375	128.8212375	138.0079125
"ILMN_2768786"	403.4728625	378.71825625	372.341475	327.20638125	435.13193125	359.99755625	392.65998125	318.36661875	357.68119375	398.8783375	421.34460625	344.2023125	372.341475	396.6321	338.47830625	384.946275
"ILMN_2599719"	3323.130125	3092.283875	3996.876	4602.2670625	3610.6621875	3186.193375	2998.837625	3920.65875	3699.664375	4253.6859375	3134.3626875	3712.4661875	3260.6586875	3104.4561875	4166.331375	3480.6066875
"ILMN_1221851"	367.22568125	395.5918375	421.78673125	415.8145375	320.69589375	454.602775	405.7067375	404.7403875	469.928175	413.1436125	353.62091875	496.135925	405.04731875	361.62028125	426.63545	536.63215625
"ILMN_3021192"	124.61303125	113.89941625	145.79421875	152.5911625	147.701675	158.6875	127.537025	161.81215625	135.53380625	180.3295625	131.3446625	117.515893125	131.27735	135.92853125	156.38801875	148.33931875
"ILMN_2594128"	2792.5048125	2916.3459375	2928.994125	3275.2453125	2624.439625	2738.6715	2553.0296875	2916.3459375	2816.5711875	3074.407375	2781.58875	3232.3765	2963.303625	2955.6293125	3125.4125	2928.994125
"ILMN_1236666"	445.80331875	449.41195625	457.93085	545.7415125	401.56864375	446.23766875	399.899675	492.318275	487.81764375	399.316725	390.72719375	427.6186125	423.94420625	365.182425	399.899675	402.26533125
"ILMN_2809436"	1298.1607625	1244.2882125	1304.11341875	1269.33360625	1247.6153875	1348.860525	1146.39284375	1342.66180625	1298.1607625	1138.93230625	1154.72575625	1348.860525	1136.7809625	1325.81468125	1255.287775	1233.78420625
"ILMN_2810443"	345.7649375	365.182425	380.48959375	361.06348125	383.67525	379.33124375	346.35661875	356.66225625	387.2671875	379.33124375	286.44878125	356.32760625	350.2464875	348.55784375	357.68119375	372.341475
"ILMN_1227940"	127.4141875	177.622125	127.8719875	147.32380625	134.093925	155.57271875	107.28637	160.48074375	132.7850125	105.41077625	129.03165	138.9548125	134.560175	122.245771875	150.2414625	108.52973625
"ILMN_1217060"	719.046825	725.7171625	607.033175	598.9458625	506.4152125	613.71071875	745.71349375	647.28489375	672.2165125	639.4019375	712.6582	701.97584375	587.55103125	620.669025	587.55103125	639.4019375
"ILMN_2728118"	1515.7341875	1556.765375	1262.084325	1351.2752375	1017.5196	1569.421	1549.452	1096.2395125	1553.0540625	1188.904225	1535.9275625	1925.171375	1700.66975	1418.00461875	1272.7707375	1501.8286875
"ILMN_2701792"	123.372175	118.39256	133.31306875	102.7052575	153.5859125	135.5993875	151.58565625	115.78272625	111.6766175	127.72565625	114.11353375	122.245771875	123.61475625	112.3444475	123.91041875	127.80019375
"ILMN_2663920"	898.38510625	934.93573125	723.366875	697.11445625	780.5475	884.5102875	912.53776875	707.6533625	664.2749	761.0036625	679.91124375	849.21829375	902.21253125	640.49278125	619.76544375	804.60284375
"ILMN_1236869"	6666.436625	7984.2996875	5885.3009375	5207.3271875	5824.636	6716.896125	7724.063375	6210.5699375	6159.7626875	6159.7626875	8492.1395	6753.8141875	7935.557625	8492.1395	6627.1081875	5691.950125
"ILMN_1216883"	618.0341625	629.7449375	556.3031625	491.08171875	551.6918875	629.7449375	676.4500125	507.9213875	495.60464375	615.6507375	667.346975	630.68256875	677.79639375	689.3837625	543.2651625	591.56195625
"ILMN_1249171"	140.78546875	113.69159375	127.46519375	145.03638125	132.30241875	159.4634125	116.13573125	168.80715	140.599075	150.78871875	140.1893	189.08605625	118.23729375	120.706985625	159.97255	196.7999
"ILMN_2764974"	142.114375	125.9750625	133.9557875	117.515893125	108.80015625	127.72565625	109.19637	114.37780875	117.229330625	116.5506525	120.706985625	114.012673125	137.5014625	112.83226375	122.195053125	87.243305625
"ILMN_2657031"	175.98158125	175.1317625	162.04371875	159.4634125	127.28783125	180.588125	174.6676875	151.8665125	166.87675	186.2141625	189.890575	172.0150375	182.548525	182.10419375	181.7425875	180.01171875
"ILMN_1237963"	299.838875	322.15643125	298.53729375	265.969925	259.83235	312.35949375	314.7001	258.45333125	243.86538125	265.15980625	253.5756875	311.953325	325.01405625	268.257725	247.27466875	282.30319375
"ILMN_1238094"	651.440175	716.28623125	568.67436875	619.76544375	581.747025	652.601775	667.346975	542.5852375	677.79639375	512.05889375	687.17316875	700.53440625	545.7415125	761.0036625	610.22988125	492.318275
"ILMN_2626260"	1601.894875	1933.3263125	1707.034625	1553.0540625	1864.5806875	1914.436125	1884.99275	1700.66975	1737.21975	1851.1645625	1621.1950625	1959.502625	1599.0994375	1684.229	1700.66975	1675.8665625
"ILMN_1254016"	267.6644625	282.30319375	308.440225	287.6191125	347.6172625	254.823675	257.3934125	244.12235625	258.75729375	289.026225	242.38879375	259.57115	254.823675	250.65075	308.03741875	302.0011375
"ILMN_1227824"	1859.51175	2223.8230625	1925.171375	2029.4189375	1781.5615	1716.46775	2201.56525	1851.1645625	1997.4680625	2078.9265625	2258.226875	1880.222375	1868.818125	2105.115125	1663.08725	1948.114
"ILMN_2634108"	294.1801625	319.296625	320.36241875	282.668375	384.34065	294.61255625	308.440225	268.74179375	302.0011375	336.38178125	300.83779375	263.91614375	327.851675	356.66225625	276.746625	320.36241875
"ILMN_2990229"	1157.0028125	1226.33259375	958.827475	1249.51303125	1208.95903125	1154.72575625	1253.613975	1163.75175	1259.73734375	1102.75900625	1208.95903125	1185.554375	1308.2683375	1323.73580625	1203.07131875	1167.6394625
"ILMN_1246758"	775.92039375	863.1886875	882.26715625	771.5237875	1006.592375	793.42196875	687.17316875	805.97924375	777.837775	934.93573125	774.922225	917.37219375	758.1567625	700.53440625	748.15424375	841.8968125
"ILMN_2655015"	6210.5699375	6791.54225	6666.436625	7884.927125	7411.148625	7332.76175	6520.82825	7037.2719375	7460.845875	6997.7991875	6843.291125	7332.76175	6716.896125	6627.1081875	7535.8325625	7504.3965
"ILMN_2672035"	262.09323125	284.58690625	286.81030625	246.90165	313.27270625	230.4721	267.6644625	257.1474375	279.0067375	274.07449375	279.61274375	284.88960625	271.68064375	266.98208125	256.2845125	228.38930625
"ILMN_2943165"	329.3921125	460.98259375	334.0526875	373.78556875	374.27375	371.001275	477.51089375	403.94156875	446.799425	410.47876875	595.21409375	305.29793125	392.08263125	565.08385	450.87916875	388.98266875
"ILMN_1229643"	246.90165	272.79385	336.38178125	346.84835	227.67105	262.67929375	262.67929375	338.969875	289.80645	341.61043125	293.459625	341.124375	258.45333125	265.15980625	323.41438125	358.44570625
"ILMN_1248173"	101.301193125	83.17754625	96.017360625	130.6918125	65.771414375	83.707559375	90.571675625	112.3777025	111.382021875	80.8911	123.83503125	107.189019375	93.062660625	99.167053125	125.88055625	75.67771625
"ILMN_2613264"	123.77083125	125.31658125	142.3656125	109.19637	134.66733125	145.45378125	106.579585	107.61843	110.486279375	136.4538875	129.7814125	141.26234375	134.32206875	118.39256	126.8687375	119.825093125
"ILMN_1256528"	122.245771875	114.37780875	147.05875	147.51644375	169.88470625	121.87844875	128.5330625	135.35369375	156.89665	172.70298125	123.0109875	133.56350625	120.005404375	120.6277775	162.286325	166.5747125
"ILMN_2741446"	154.2992875	151.49008125	150.11764375	177.13383125	131.3446625	167.0412125	135.840375	140.504525	155.81645625	124.76700625	175.49864375	169.214	166.325525	181.58448125	142.66521875	140.504525
"ILMN_2914796"	159.0277875	144.53268125	156.99936875	159.3464375	176.31839375	162.934825	129.10061875	167.33055625	134.2687625	156.7400875	148.575225	145.28875625	187.9385375	146.35961875	149.79191875	155.81645625
"ILMN_3147135"	7332.76175	6843.291125	8420.7889375	8031.7658125	9753.672125	7228.3994375	7184.1275	8355.2378125	7935.557625	7884.927125	7790.514875	6096.572375	7535.8325625	7144.64825	7332.76175	8212.2020625
"ILMN_2639035"	243.336	236.39815625	298.077875	269.31935625	246.70936875	293.02445625	264.24041875	307.1202375	304.13445625	225.768425	265.969925	325.79024375	259.10294375	343.51701875	319.52645625	338.969875
"ILMN_1225615"	386.81351875	410.47876875	331.1162875	387.961875	321.4583	405.04731875	406.25033125	387.2671875	415.8145375	381.63321875	490.5482625	379.9415625	382.95286875	494.18310625	479.6173875	374.27375
"ILMN_3136355"	227.67105	248.3792375	262.94540625	269.0900875	237.7202375	216.40799375	287.97133125	289.4902375	273.60645	241.5009	269.9254375	210.80955	253.16974375	211.808925	268.257725	260.4962375
"ILMN_2610861"	275.47909375	265.53608125	321.82924375	242.69094375	317.6047375	281.8167875	256.2845125	232.7016375	228.051775	272.57405	235.79373125	231.4094625	244.12235625	257.63335	250.930975	243.0280375
"ILMN_1249522"	1009.5939125	910.37574375	915.24975	880.3431	1089.18391875	838.49383125	772.78075625	801.81858125	799.0163375	873.73599375	873.73599375	821.9814125	912.53776875	695.1960625	715.03693125	868.936125
"ILMN_3146196"	2183.460125	2657.9415625	1978.2611875	1959.502625	1959.502625	2510.9436875	2963.303625	2238.6796875	2250.7824375	1790.375375	3166.4545	2698.729	2608.4428125	2827.8411875	2243.769375	1855.0858125
"ILMN_2751247"	284.88960625	310.20375625	257.63335	241.90995	319.52645625	272.57405	332.17845625	236.75499375	271.0086	371.5558125	290.319825	276.12820625	373.78556875	278.2667625	252.8984	350.950725
"ILMN_2697766"	301.5162	354.05960625	304.96008125	319.296625	293.85094375	279.95749375	310.20375625	389.59186875	369.0737	318.36661875	397.36328125	257.1474375	284.88960625	394.9682625	421.34460625	289.80645
"ILMN_2911454"	383.67525	340.65205625	344.83418125	376.43794375	353.62091875	336.38178125	389.97513125	451.59918125	374.27375	342.5941	391.4559875	321.4583	393.7152125	484.5622625	453.05573125	344.83418125
"ILMN_2609182"	140.599075	128.5330625	157.9106125	151.39938125	155.0321	130.79925	130.19934375	130.90685	153.9696625	155.0321	131.80700625	111.496716875	106.579585	107.5184425	151.1479625	144.9504375
"ILMN_2687062"	406.94613125	442.1013375	357.10310625	356.66225625	387.2671875	364.36604375	458.6657375	393.157475	430.63421875	392.08263125	414.83418125	320.96831875	431.16281875	439.64811875	421.78673125	386.241725
"ILMN_2971131"	4490.201	4514.3431875	4315.6864375	5531.992	4344.53675	4327.9955625	4239.0556875	5235.5604375	5762.73775	4799.889	5120.44175	4376.21475	4834.3839375	4902.6641875	5531.992	4376.21475
"ILMN_3057482"	576.2538625	569.2850875	464.38098125	709.30966875	491.6045875	623.59819375	481.47731875	623.59819375	704.96834375	534.31181875	709.30966875	589.33045	576.2538625	794.63866875	689.3837625	469.40995625
"ILMN_2767322"	350.2464875	331.1162875	354.61660625	330.25861875	311.04498125	347.2855875	289.026225	303.5227625	341.124375	312.7451875	298.53729375	287.144725	340.10790625	347.6172625	350.950725	252.4631
"ILMN_1239677"	43942.53375	43942.53375	43942.53375	43942.53375	39382.785	43942.53375	39382.785	43942.53375	43942.53375	43942.53375	43942.53375	43942.53375	43942.53375	43942.53375	43942.53375	43942.53375
"ILMN_1237413"	114.710489375	94.510800625	107.33387125	102.66777125	114.5831625	122.245771875	129.20803125	99.8106925	107.44807875	113.89941625	98.575135625	121.52119	115.50622375	129.10061875	120.931299375	118.025370625
"ILMN_1221714"	121.809210625	117.784730625	124.97909375	116.48577125	113.965685625	136.24591875	112.037173125	117.7128925	112.83226375	98.749063125	131.49894375	129.20803125	109.549266875	121.307835625	129.7814125	120.005404375
"ILMN_2970241"	831.99635	915.24975	771.5237875	719.046825	766.57840625	820.2931	716.28623125	753.64794375	805.97924375	836.24015	830.115225	823.80625	838.49383125	771.5237875	768.13921875	816.19315625
"ILMN_2607297"	276.746625	276.746625	287.144725	308.440225	271.34849375	247.27466875	296.03155	305.29793125	295.17453125	277.7191375	289.4902375	311.04498125	259.57115	327.20638125	284.88960625	296.50191875
"ILMN_2747677"	1292.25568125	1172.722225	1054.36065625	1281.5076125	1154.72575625	1213.3972125	1265.42595625	1188.904225	1265.42595625	1119.3327375	1294.65333125	1226.33259375	1200.59594375	1410.221575	1215.46968125	1111.68751875
"ILMN_2606015"	533.3672125	545.7415125	541.8511625	605.86194375	709.30966875	569.2850875	512.05889375	587.55103125	515.00791875	591.56195625	411.74715	432.68891875	525.57068125	418.11000625	517.00189375	605.86194375
"ILMN_2714874"	574.1261625	549.2649875	549.2649875	473.52364375	520.452825	584.78806875	585.82873125	476.1185375	437.71665625	509.714725	525.57068125	515.71900625	554.6096625	496.135925	483.0917625	476.1185375
"ILMN_1256281"	182.85221875	179.79511875	171.64175	167.33055625	164.19486875	179.20448125	170.04654375	165.954875	184.0525875	154.66928125	174.1205625	171.22390625	169.88470625	164.3968125	147.05875	151.1479625
"ILMN_1241910"	480.16580625	482.1791625	567.0161125	541.213475	457.93085	516.35701875	475.084675	652.601775	471.9612875	448.8247125	369.6460875	555.743425	363.99298125	496.93676875	541.213475	522.02868125
"ILMN_2511806"	228.82529375	193.7898875	186.44199375	203.0263	170.387425	209.103475	214.87245625	187.9385375	204.95320625	179.44441875	240.2466625	217.9913875	217.59455	226.39001875	182.548525	191.1588375
"ILMN_2649502"	1599.0994375	1616.891125	1616.891125	1680.0055	1359.73494375	1745.095625	1423.25485	1944.8068125	1933.3263125	1560.8211875	1481.7319375	1892.11275	1464.879	1405.39675625	1796.3114375	2016.9168125
"ILMN_2981871"	13172.297875	12776.28325	13983.2231875	12195.6165625	12309.0020625	10958.433125	13534.7125	12776.28325	12469.35875	10958.433125	12621.3100625	13534.7125	12961.611375	12621.3100625	10841.250625	14760.245625
"ILMN_1234425"	13731.0364375	13731.0364375	13534.7125	14760.245625	14190.341875	13731.0364375	15066.27	14431.91	15312.959375	14190.341875	15649.82375	13731.0364375	13172.297875	15066.27	14760.245625	14190.341875
"ILMN_2680618"	115.906464375	127.3510375	125.21433125	104.112280625	127.62435625	128.63870625	133.31306875	116.628699375	130.09806875	111.6766175	142.0322125	134.093925	120.51551125	135.00350625	131.57471875	121.809210625
"ILMN_2873469"	572.9692625	578.27779375	601.77260625	468.20624375	624.54245	540.56240625	567.74288125	436.32871875	493.5442	580.68080625	557.51616875	590.2830875	579.1233125	508.66270625	497.8212875	562.62983125
"ILMN_2757916"	1265.42595625	1191.72529375	1491.8528125	1577.917625	1410.221575	1315.989225	1165.2661875	1357.73449375	1176.1765125	1247.6153875	1281.5076125	1413.892925	1133.0493375	1157.0028125	1379.9554375	1244.2882125
"ILMN_2944413"	1369.38539375	1385.99768125	1808.6184375	1723.53475	1574.8205625	1294.65333125	1298.1607625	1549.452	1606.403875	1574.8205625	1563.394625	1399.6960125	1231.54114375	1549.452	1635.846125	1423.25485
"ILMN_2860725"	146.9285625	173.61805	196.029325	202.05618125	173.1835875	173.90828125	167.7883625	165.03119375	170.992825	171.50286875	190.76133125	141.90628125	188.50483125	166.49685	207.70706875	151.39938125
"ILMN_2832658"	199.52053125	220.50859375	237.7202375	241.740075	306.74313125	230.0987875	218.7287625	207.04245	190.08255	222.42536875	196.22610625	192.157875	206.84325	199.94305625	201.32313125	206.018925
"ILMN_1224692"	157.693625	138.39070625	139.53805	158.53173125	149.48900625	173.4603	170.86271875	181.58448125	167.33055625	149.02734375	148.42471875	115.9625425	141.49523125	160.23875	162.934825	152.69155
"ILMN_2892292"	134.560175	131.91349375	164.74565625	152.372725	140.39288125	161.26354375	158.3846375	147.701675	152.5911625	145.898675	196.47584375	149.02734375	164.88851875	166.5747125	150.34926875	181.0369875
"ILMN_2710429"	124.14365	155.81645625	137.74104375	120.51551125	129.30451875	148.575225	148.33931875	152.90356875	131.3446625	129.30451875	137.74104375	135.42206875	151.39938125	133.14736875	138.493975	131.66101875
"ILMN_2704822"	14431.91	14760.245625	17009.528125	14431.91	17526.455625	13983.2231875	15811.34625	15312.959375	14431.91	17526.455625	13534.7125	13983.2231875	12621.3100625	14431.91	14190.341875	15649.82375
"ILMN_2940394"	399.316725	376.90229375	359.99755625	314.3022625	433.41804375	411.74715	327.851675	324.18878125	305.74060625	419.286475	319.296625	356.66225625	347.2855875	328.90161875	335.95439375	381.22103125
"ILMN_1239860"	2601.580625	2183.460125	2601.580625	2792.5048125	2453.9903125	2305.095875	2369.0618125	2800.7055	3007.439625	1994.359875	2698.729	2553.0296875	2320.2016875	2809.6363125	2985.4025	2758.6666875
"ILMN_2886896"	171.83655	149.1243125	168.80715	158.2587875	136.01621875	177.32429375	147.51644375	163.2424375	176.7156375	149.87991875	174.29655	154.1588625	173.4603	149.3582875	148.42471875	162.286325
"ILMN_2705533"	122.062223125	112.075176875	125.5333625	121.12578875	122.41531875	140.39288125	118.982745625	113.89941625	105.28630125	119.43970125	112.21845	129.55834375	153.46726875	114.807048125	104.388986875	99.132629375
"ILMN_1238679"	1211.26603125	1167.6394625	1052.4328875	1089.18391875	1635.846125	1220.88975625	1075.377725	1025.50926875	1035.2212625	1262.084325	948.13583125	1159.0100875	1255.287775	1094.47193125	1065.40696875	1255.287775
"ILMN_2662675"	225.29593125	171.64175	189.73489375	244.98325	193.88205	164.0783625	194.2015	224.07854375	193.5339875	166.21005625	185.43579375	182.548525	180.588125	199.27065	200.89800625	218.25731875
"ILMN_2739295"	1491.8528125	1751.0855	1443.8409375	1369.38539375	1385.99768125	1510.2215	1526.519875	1443.8409375	1385.99768125	1478.5996875	1539.848	1526.519875	1501.8286875	1416.0072125	1478.5996875	1499.0845625
"ILMN_2801568"	1123.47035	1109.27059375	944.894575	1109.27059375	1031.5182875	1191.72529375	1142.3346125	1004.4496375	1181.55914375	1094.47193125	1163.75175	1119.3327375	1052.4328875	1128.48683125	1077.30364375	1163.75175
"ILMN_3112856"	146.57059375	132.10626875	136.3262875	135.92853125	146.249475	150.99335625	135.1378125	131.3446625	122.41531875	149.99069375	147.32380625	141.5911125	156.7400875	144.61973125	127.3510375	147.8156375
"ILMN_2698115"	481.47731875	455.44276875	469.40995625	453.55994375	427.12645	434.11775625	453.55994375	390.72719375	386.241725	415.8145375	406.94613125	489.587425	470.87679375	459.588925	394.19975	487.81764375
"ILMN_1225213"	21883.9125	21883.9125	23320.495625	22662.46875	21883.9125	21883.9125	21368.33875	21368.33875	21883.9125	21368.33875	21368.33875	21883.9125	20822.085625	23320.495625	21883.9125	20822.085625
"ILMN_2928320"	1873.4655625	1758.3530625	1880.222375	1684.229	1733.5576875	1905.974125	1680.0055	1654.4488125	1610.26175	1767.103375	1684.229	1981.51975	1773.0195	1747.868375	1753.9889375	1817.268875
"ILMN_2601441"	1172.722225	1255.287775	1188.904225	1203.07131875	1265.42595625	1247.6153875	1200.59594375	1205.7586875	1328.9357	1359.73494375	1301.79445	1331.98633125	1205.7586875	1292.25568125	1301.79445	1408.1082625
"ILMN_1234223"	142.48908125	174.8182375	146.249475	176.99835	137.74104375	177.502625	152.7839	185.59075	188.0836	144.14700625	181.98435	152.69155	166.49685	157.216325	162.04371875	162.17669375
"ILMN_2882088"	167.203	133.379225	148.21475	155.98471875	139.7600375	151.49008125	150.99335625	146.0064625	154.55408125	165.34283125	169.88470625	153.46726875	153.34843125	141.825175	161.43203125	173.90828125
"ILMN_2888766"	5071.7954375	4799.889	4293.4258125	4363.454875	4082.71825	4925.7006875	4964.116125	4490.201	5531.992	4436.122	5432.2115	4880.49925	4602.2670625	5188.1588125	4530.4624375	4680.85275
"ILMN_1257110"	244.98325	221.015275	251.9778875	258.45333125	307.59543125	256.2845125	257.63335	295.67068125	294.1801625	314.987925	200.1958	266.98208125	287.144725	202.5795125	299.838875	337.48220625
"ILMN_1214561"	1914.436125	1925.171375	1778.81175	1786.308875	1729.3028125	1832.8898125	1786.308875	1825.6773125	1919.0003125	2164.478	1876.157875	2029.4189375	2016.9168125	1796.3114375	1832.8898125	1832.8898125
"ILMN_2767615"	13983.2231875	12195.6165625	10060.255125	9972.20525	10574.6365	11408.793	13731.0364375	9753.672125	10127.8905625	10724.79525	11173.0176875	12469.35875	12469.35875	11495.6474375	9890.1793125	11297.6646875
"ILMN_1235179"	559.57819375	540.56240625	710.4593125	712.6582	595.21409375	560.8079	547.767775	613.71071875	706.28880625	545.7415125	535.7323125	583.84518125	577.3044	600.22399375	754.62749375	596.8079375
"ILMN_1254653"	450.09990625	286.81030625	438.60243125	463.44099375	409.2603125	387.961875	286.44878125	464.38098125	382.43631875	460.98259375	264.523	405.7067375	387.2671875	253.5756875	431.16281875	514.343425
"ILMN_2694074"	1512.9835625	1488.5588125	1621.1950625	1657.091625	1691.932625	1532.028875	1420.65530625	1613.5793125	1651.4259375	1616.891125	1571.518	1485.9148125	1440.767375	1488.5588125	1491.8528125	1544.4166875
"ILMN_2650475"	131.27735	119.23269	141.49523125	127.1895375	156.38801875	143.07578125	124.34335625	120.24917875	148.93023125	168.3561625	118.544265	147.05875	122.83345	124.27139375	132.896825	141.26234375
"ILMN_3139875"	3699.664375	4880.49925	2864.5063125	2809.6363125	3064.3103125	3712.4661875	5159.29925	2657.9415625	3862.5035625	3367.8920625	5316.6859375	3534.9343125	4363.454875	4758.6421875	2770.389	3384.2715625
"ILMN_2698843"	5762.73775	5986.11875	6753.8141875	5885.3009375	7228.3994375	5885.3009375	5920.0250625	6474.592	6627.1081875	7228.3994375	4680.85275	5986.11875	5432.2115	5316.6859375	6251.9165625	6753.8141875
"ILMN_3008733"	1485.9148125	1265.42595625	1512.9835625	1429.7836125	1488.5588125	1355.16958125	1231.54114375	1470.9896875	1485.9148125	1499.0845625	1244.2882125	1491.8528125	1259.73734375	1420.65530625	1523.2851875	1429.7836125
"ILMN_2675874"	1379.9554375	1220.88975625	987.84588125	1142.3346125	1185.554375	1817.268875	1413.892925	936.561775	1402.53706875	1071.30986875	886.00486875	1453.836625	1009.5939125	1071.30986875	871.928325	1240.6907125
"ILMN_3163134"	465.7442	477.51089375	507.30178125	533.3672125	413.6796125	461.81859375	429.66280625	513.72638125	522.96660625	492.8494125	455.44276875	378.12289375	406.25033125	448.8247125	492.8494125	531.53671875
"ILMN_2688651"	137.2026125	136.98565	147.8156375	125.1430625	146.57059375	144.86123125	154.66928125	125.46033125	134.3977375	156.60838125	124.76700625	117.29396875	127.62435625	135.2270875	126.30664375	139.15418125
"ILMN_2827701"	110.81515	120.6277775	127.72565625	149.48900625	122.83345	119.319458125	117.229330625	126.36245	137.59983125	113.638276875	144.7298375	101.644351875	108.9940325	135.840375	125.46033125	131.7516
"ILMN_2740494"	692.932175	631.9964875	625.94640625	663.46655	745.71349375	669.95110625	661.9242375	643.92078125	663.46655	736.02556875	630.68256875	698.881425	700.53440625	513.18336875	678.67405625	820.2931
"ILMN_1238309"	4559.2555625	4206.7450625	5720.023125	6383.8138125	4602.2670625	4514.3431875	4464.1320625	5859.1675625	6666.436625	4925.7006875	4758.6421875	3699.664375	4100.9669375	5559.051625	6843.291125	4514.3431875
"ILMN_2845974"	623.59819375	592.42118125	592.42118125	678.67405625	578.27779375	572.9692625	545.7415125	651.440175	610.22988125	609.015525	646.166675	548.38800625	616.95135	677.79639375	682.99356875	504.2750375
"ILMN_2764865"	3796.041	3480.6066875	3358.915875	3343.45	3672.7575	3757.6965625	3770.3874375	3155.7905625	2781.58875	3343.45	3367.8920625	3114.975	3367.8920625	3384.2715625	3064.3103125	3114.975
"ILMN_2948800"	137.3024375	152.69155	152.69155	147.21659375	149.87991875	150.34926875	152.1062	147.32380625	137.5014625	137.3024375	128.020125	153.1769625	129.30451875	145.674675	153.8393625	161.26354375
"ILMN_2711651"	4602.2670625	4479.1653125	4706.18725	4855.10025	3862.5035625	4016.5993125	4544.1546875	4327.9955625	4479.1653125	3728.71325	4855.10025	5207.3271875	3728.71325	4619.5934375	4082.71825	3883.6430625
"ILMN_2589960"	129.03165	120.172779375	118.9281425	122.6171375	111.979923125	114.250825	135.53380625	125.805925	123.29315	115.906464375	126.6088375	115.83833375	116.82452	119.074268125	117.29396875	144.7298375
"ILMN_3086201"	339.5567875	276.12820625	287.6191125	356.32760625	279.0067375	320.36241875	302.0011375	328.90161875	354.05960625	318.857075	445.23834375	404.7403875	300.13343125	414.16425625	410.47876875	272.79385
"ILMN_1228610"	126.430475	119.687909375	176.12585	128.44940625	150.8607	145.79421875	129.71258125	136.89603125	137.88758125	188.50483125	123.67819375	110.363198125	135.2270875	149.21289375	133.9557875	163.2424375
"ILMN_2806676"	3920.65875	4396.7099375	3920.65875	4100.9669375	4224.2954375	4270.5875	3901.5434375	4530.4624375	4016.5993125	3741.448875	4490.201	4758.6421875	3940.2430625	4166.331375	4577.5029375	4059.5295
"ILMN_1233759"	820.2931	805.97924375	745.71349375	623.59819375	723.366875	960.96005	766.57840625	673.8294125	651.440175	707.6533625	678.67405625	754.62749375	791.96815625	622.424775	622.424775	733.7992
"ILMN_2765304"	182.10419375	138.70476875	128.020125	142.58573125	140.8878375	157.9106125	149.02734375	129.55834375	125.7289875	149.79191875	128.63870625	132.10626875	149.79191875	130.79925	117.162448125	137.59983125
"ILMN_1222794"	1205.7586875	1115.814175	1215.46968125	1461.678875	1133.0493375	1157.0028125	1237.64559375	1467.699125	1413.892925	1208.95903125	1205.7586875	1172.722225	1226.33259375	1115.814175	1323.73580625	1304.11341875
"ILMN_1232280"	204.23965625	189.08605625	180.15525625	191.45689375	182.71784375	233.2049125	209.95990625	182.85221875	197.56828125	197.56828125	167.6349875	189.473275	193.07526875	198.986275	204.23965625	197.75609375
"ILMN_2912170"	1549.452	1523.2851875	1642.0229375	1658.9980625	1625.73425	1630.3749375	1672.5034375	1859.51175	1642.0229375	1684.229	1712.4669375	1563.394625	1544.4166875	1855.0858125	1812.93475	1651.4259375
"ILMN_1245673"	5501.0839375	5035.313	4464.1320625	5017.492875	4577.5029375	5120.44175	5207.3271875	4902.6641875	4735.2788125	4680.85275	6096.572375	5159.29925	5630.295	5390.3065625	4642.1986875	4855.10025
"ILMN_1238558"	160.6173125	138.0079125	131.43111875	135.53380625	142.76286875	119.074268125	142.3656125	136.52760625	132.4016625	134.89306875	131.66101875	121.048245	142.9232375	138.10944375	142.9232375	156.38801875
"ILMN_3002571"	139.64135625	163.58553125	143.07578125	149.3582875	152.515875	168.3561625	127.80019375	148.575225	151.9914375	147.701675	122.31927	140.1893	150.99335625	134.3977375	152.1062	113.69159375
"ILMN_2623591"	3534.9343125	3323.130125	2747.872	3125.4125	2985.4025	3155.7905625	3583.1270625	2631.082625	2770.389	2698.729	3641.0309375	3292.12425	3463.9809375	4315.6864375	2975.30275	2250.7824375
"ILMN_1214810"	2013.110125	2003.673375	1928.6761875	2033.06075	2264.731375	1657.091625	1974.2203125	1914.436125	2112.8919375	2223.8230625	2243.769375	1825.6773125	2118.75825	2201.56525	2070.5778125	2158.863875
"ILMN_2680237"	126.2334375	128.44940625	123.0109875	114.165755625	147.32380625	143.20033125	151.49008125	107.189019375	110.057823125	108.84136875	124.61303125	138.70476875	128.5330625	125.5333625	126.0942125	118.39256
"ILMN_2737463"	96.820976875	124.97909375	129.71258125	133.31306875	109.031705	106.525805625	117.94880375	126.30664375	138.10944375	117.94880375	135.840375	137.2026125	119.900904375	87.270618125	127.2450625	145.674675
"ILMN_2774456"	9972.20525	9753.672125	9413.28375	9671.8816875	9890.1793125	10333.5746875	9890.1793125	8492.1395	8834.2650625	9346.0995	9490.1536875	9490.1536875	9753.672125	9490.1536875	8907.919	10060.255125
"ILMN_1251524"	226.2570875	214.87245625	186.01159375	190.26230625	234.86673125	225.56696875	217.22279375	219.84864375	227.4998625	229.10846875	224.07854375	197.96421875	284.07173125	222.9096625	224.07854375	222.42536875
"ILMN_2880540"	133.379225	146.35961875	144.53268125	138.39070625	138.39070625	131.15114375	118.85425125	112.50059875	127.62435625	145.1658125	125.0597375	156.99936875	112.680161875	123.61475625	115.906464375	136.3262875
"ILMN_1219656"	3508.3631875	3770.3874375	3422.046375	4082.71825	4048.0388125	3699.664375	4183.4475625	3808.8565	4036.32475	3658.924875	4048.0388125	3770.3874375	3808.8565	3834.3006875	4115.4703125	3853.270625
"ILMN_3159275"	165.03119375	190.08255	194.03785625	275.04995	210.16245625	175.98158125	185.59075	257.63335	285.20514375	209.32098125	299.838875	184.49761875	227.120325	231.99835625	300.13343125	160.48074375
"ILMN_1232530"	5720.023125	5762.73775	5501.0839375	4834.3839375	5592.9835	5501.0839375	5592.9835	4799.889	4855.10025	5920.0250625	5592.9835	5366.7633125	5885.3009375	5017.492875	4479.1653125	6096.572375
"ILMN_3158265"	2288.631	2056.9218125	2514.93025	2481.5916875	2158.863875	2264.731375	2125.5966875	2342.59925	2297.81	2313.56925	2208.8605	2325.05	2105.115125	2164.478	2258.226875	1988.0516875
"ILMN_2702444"	189.08605625	204.81031875	189.08605625	221.5099	151.39938125	185.43579375	179.44441875	193.7898875	228.82529375	189.73489375	192.86455	181.23368125	181.98435	199.67699375	188.0836	144.61973125
"ILMN_2762944"	2657.9415625	3186.193375	2582.3805	3641.0309375	2689.4941875	2864.5063125	2809.6363125	4855.10025	4544.1546875	2553.0296875	3125.4125	2689.4941875	3343.45	3367.8920625	3422.046375	3496.7734375
"ILMN_3161790"	90.554965	102.8892825	110.746616875	111.916439375	107.0372	118.544265	93.01569	142.76286875	147.51644375	112.5711125	114.250825	102.8892825	104.82532	96.667564375	112.724624375	125.7289875
"ILMN_2631610"	209.6493125	211.3284125	296.03155	249.460775	299.838875	236.75499375	225.56696875	230.4721	205.81603125	262.94540625	212.2325375	203.7438375	217.22279375	158.3846375	213.347025	251.30326875
"ILMN_2779636"	563.63728125	507.30178125	640.49278125	438.60243125	597.95865625	614.66899375	592.42118125	413.1436125	394.9682625	574.1261625	361.62028125	576.2538625	574.9033	430.1853875	362.3423375	572.9692625
"ILMN_2605417"	1420.65530625	1416.0072125	1563.394625	1638.406375	1369.38539375	1262.084325	1290.79334375	1651.4259375	1517.980125	1488.5588125	1478.5996875	1541.624625	1265.42595625	1377.04380625	1488.5588125	1436.6275
"ILMN_1235741"	151.39938125	133.56350625	130.90685	140.8878375	149.79191875	122.50006875	155.0321	131.49894375	138.0079125	132.4609	152.1062	128.5330625	128.8212375	121.735439375	133.2308125	116.87479875
"ILMN_1246756"	288.4541	277.7191375	237.44534375	298.077875	293.459625	283.215625	292.76560625	271.68064375	287.6191125	275.04995	256.2845125	271.68064375	260.1345875	275.47909375	248.3792375	248.03146875
"ILMN_1216168"	110.410105	191.1588375	147.21659375	111.7973125	108.6479925	148.93023125	188.0836	149.3582875	139.53805	117.863168125	140.2900875	184.88224375	184.75475625	150.64725625	140.1893	144.260675
"ILMN_2838965"	1130.81324375	1200.59594375	1067.32936875	1153.086725	1067.32936875	1130.81324375	1167.6394625	1181.55914375	1136.7809625	954.6626875	1275.825625	1101.2866	1091.12875625	1136.7809625	1054.36065625	1050.89158125
"ILMN_1220086"	11818.927875	11297.6646875	12022.927	11408.793	11938.2769375	12195.6165625	12195.6165625	11173.0176875	10958.433125	11065.510875	11938.2769375	9890.1793125	11065.510875	12195.6165625	11173.0176875	10724.79525
"ILMN_2719324"	268.257725	199.67699375	294.1801625	276.12820625	250.2519625	347.6172625	294.1801625	247.27466875	268.257725	255.342925	262.67929375	249.77924375	272.57405	319.932875	242.38879375	233.86650625
"ILMN_3136789"	190.26230625	191.631825	216.1693125	189.890575	199.94305625	204.6013	205.07035	203.9486375	211.1658125	198.73825	208.614425	206.64905625	240.04690625	213.347025	171.38676875	197.3707125
"ILMN_1241151"	7037.2719375	7724.063375	7790.514875	9169.2155	6927.53375	6753.8141875	8098.043625	8729.9628125	10333.5746875	7411.148625	8907.919	5920.0250625	6997.7991875	7790.514875	9753.672125	9890.1793125
"ILMN_3112837"	404.7403875	412.55158125	348.09076875	316.35359375	515.00791875	385.60209375	403.4728625	288.4541	333.03789375	368.69168125	313.27270625	446.23766875	387.961875	356.32760625	328.285625	382.95286875
"ILMN_1260020"	384.946275	353.06145	304.13445625	427.6186125	290.319825	335.95439375	334.0526875	433.41804375	395.5918375	356.66225625	431.16281875	368.19235625	354.61660625	389.59186875	413.6796125	357.68119375
"ILMN_2671878"	230.76646875	202.26374375	217.9913875	196.029325	204.81031875	235.79373125	200.56650625	170.04654375	183.40340625	213.93013125	196.029325	229.5596375	183.64101875	179.44441875	217.3990625	210.16245625
"ILMN_1260441"	444.0608625	484.5622625	491.6045875	577.3044	418.7329625	426.63545	427.6186125	574.1261625	524.4077875	442.1013375	433.41804375	540.56240625	474.47324375	399.316725	500.1246625	461.81859375
"ILMN_2826709"	2613.0956875	2491.2391875	2574.93875	2975.30275	2998.837625	2641.6040625	2491.2391875	2792.5048125	2985.4025	3114.975	2985.4025	2582.3805	2968.9675625	3064.3103125	3041.47075	2827.8411875
"ILMN_2663348"	104.433021875	102.94	117.7128925	106.897774375	110.595898125	101.077636875	94.53771375	127.80019375	119.43970125	94.47453875	119.074268125	110.701926875	80.130140625	111.7404775	128.92178125	93.906775625
"ILMN_1220362"	18650.413125	18287.449375	17526.455625	16461.675	18287.449375	17990.79625	17526.455625	16461.675	17990.79625	18287.449375	18866.55375	18866.55375	18287.449375	18866.55375	17009.528125	17009.528125
"ILMN_1218311"	5691.950125	5316.6859375	5366.7633125	4396.7099375	5017.492875	5432.2115	5559.051625	4706.18725	4530.4624375	5501.0839375	4902.6641875	6159.7626875	5531.992	4479.1653125	4667.497625	5458.565
"ILMN_2667805"	6059.90325	6578.41025	7411.148625	6432.159625	7504.3965	6474.592	6753.8141875	6791.54225	6383.8138125	6210.5699375	6159.7626875	5261.7406875	6251.9165625	6383.8138125	6383.8138125	6627.1081875
"ILMN_2599412"	1151.43849375	1240.6907125	1151.43849375	1355.16958125	1399.6960125	1351.2752375	1318.1725625	1638.406375	1213.3972125	1244.2882125	1151.43849375	1275.825625	1355.16958125	1006.592375	1355.16958125	1599.0994375
"ILMN_2776710"	237.7202375	242.69094375	223.28705625	272.79385	231.4094625	217.22279375	247.57271875	276.746625	329.84598125	289.80645	254.36886875	218.88428125	224.416875	337.48220625	308.76860625	295.17453125
"ILMN_2850057"	116.82452	111.4405175	109.031705	133.87325625	125.0597375	115.9625425	130.09806875	114.532839375	105.41077625	94.739806875	132.00056875	101.975290625	97.02030125	105.723615625	122.50006875	114.807048125
"ILMN_1239181"	291.3637	320.96831875	241.5009	237.210825	221.5099	302.0011375	249.19909375	226.68588125	203.16753125	191.8118125	327.20638125	382.95286875	303.2110375	289.4902375	206.018925	229.5596375
"ILMN_3096335"	146.828925	152.5911625	117.863168125	144.53268125	131.91349375	127.46519375	157.42939375	138.33310625	112.5711125	153.5859125	134.560175	124.0164625	136.79684375	157.42939375	157.693625	141.5911125
"ILMN_1233905"	603.75543125	590.2830875	633.27214375	521.16900625	537.3564875	522.02868125	508.66270625	546.67505625	511.4432375	432.08651875	547.767775	450.09990625	442.89155	543.2651625	495.60464375	661.9242375
"ILMN_2655929"	278.2667625	379.33124375	261.23531875	230.76646875	236.61770625	286.13239375	373.78556875	204.4481	216.40799375	318.03841875	376.43794375	250.930975	327.20638125	237.7202375	293.02445625	292.0348375
"ILMN_2606567"	230.4721	281.32585625	236.39815625	232.7016375	258.75729375	231.05068125	241.0027875	217.3990625	205.07035	222.10299375	209.32098125	199.94305625	249.77924375	225.29593125	220.50859375	248.3792375
"ILMN_3033533"	1191.72529375	1298.1607625	1220.88975625	1252.1733875	1255.287775	1385.99768125	1328.9357	1133.0493375	1133.0493375	1298.1607625	1197.1950625	1140.3004	1249.51303125	1073.825075	1151.43849375	1373.50971875
"ILMN_2599667"	126.03825625	140.2900875	136.89603125	131.49894375	125.46033125	115.3052825	103.079254375	130.53025625	126.7113625	116.75566875	116.2029875	116.75566875	127.9695	145.79421875	133.43806875	132.7850125
"ILMN_1232821"	483.86240625	478.98810625	465.2150125	497.8212875	496.135925	450.87916875	445.80331875	460.98259375	616.95135	563.63728125	512.05889375	469.40995625	439.64811875	527.07400625	519.32630625	581.747025
"ILMN_1224487"	436.32871875	363.99298125	379.33124375	432.68891875	299.09469375	405.7067375	413.6796125	432.08651875	389.59186875	391.4559875	351.55851875	388.98266875	419.286475	377.57789375	393.157475	398.285625
"ILMN_1253355"	265.53608125	240.04690625	277.7191375	243.64128125	242.38879375	251.30326875	236.61770625	263.91614375	296.89524375	280.32616875	291.3637	269.54261875	266.98208125	258.75729375	255.71478125	241.740075
"ILMN_1236049"	1747.868375	1651.4259375	1478.5996875	1470.9896875	1648.387625	1663.08725	1574.8205625	1521.487125	1625.73425	1613.5793125	1613.5793125	1684.229	1767.103375	1663.08725	1529.5255625	1642.0229375
"ILMN_2624135"	808.3092375	838.49383125	784.02243125	845.59393125	878.55406875	744.27988125	796.67608125	793.42196875	831.99635	860.29973125	919.02419375	744.27988125	849.21829375	873.73599375	874.99784375	851.2181625
"ILMN_2630946"	1778.81175	1529.5255625	1392.73844375	1599.0994375	1663.08725	1601.894875	1841.8780625	1453.836625	1621.1950625	1665.832375	1808.6184375	1392.73844375	1892.11275	1829.6575625	1642.0229375	1556.765375
"ILMN_2709179"	298.077875	317.0260375	249.19909375	207.45166875	257.3934125	263.91614375	351.55851875	250.2519625	260.1345875	221.7632625	354.61660625	248.03146875	282.30319375	354.61660625	241.5009	238.31953125
"ILMN_2972325"	201.32313125	204.4481	153.5859125	195.500075	196.47584375	202.05618125	203.16753125	222.9096625	186.2141625	169.4552375	203.0263	199.27065	225.768425	173.1835875	220.08603125	195.7818
"ILMN_3024416"	124.34335625	112.450651875	130.0340125	142.9232375	121.17253375	119.956154375	118.39256	125.7289875	112.147399375	114.872921875	135.92853125	111.382021875	112.266955	106.85326625	134.78813125	134.3977375
"ILMN_3107690"	451.59918125	435.13193125	458.6657375	441.35880625	483.86240625	406.94613125	440.4020125	437.71665625	509.714725	478.21235625	366.3423875	392.65998125	459.588925	393.7152125	444.5415	467.39164375
"ILMN_2790486"	15649.82375	16461.675	15312.959375	15649.82375	16461.675	15312.959375	15649.82375	16150.026875	16150.026875	15649.82375	15066.27	14190.341875	16461.675	16150.026875	16150.026875	15312.959375
"ILMN_2745841"	390.72719375	400.818975	440.4020125	418.11000625	427.6186125	384.946275	401.56864375	487.0973125	425.43803125	425.43803125	375.74753125	413.6796125	402.7885	384.946275	460.56375625	428.2162625
"ILMN_2667101"	11297.6646875	11408.793	11495.6474375	12776.28325	14431.91	12961.611375	10958.433125	11659.052625	12309.0020625	12961.611375	12022.927	12621.3100625	12195.6165625	11408.793	12469.35875	12621.3100625
"ILMN_1233481"	4396.7099375	4344.53675	4964.116125	4902.6641875	5120.44175	4530.4624375	4479.1653125	5120.44175	4706.18725	4706.18725	4819.3668125	4514.3431875	4270.5875	4834.3839375	5159.29925	4834.3839375
"ILMN_1234738"	155.127325	120.324115625	114.30433375	122.195053125	127.72565625	120.079114375	122.83345	124.55214375	109.87727375	131.0427625	110.222861875	127.28783125	133.31306875	126.03825625	108.362078125	131.43111875
"ILMN_1254253"	1560.8211875	1453.836625	1625.73425	1395.78575	1495.75775	1599.0994375	1363.2152	1601.894875	1505.6170625	1521.487125	1429.7836125	1443.8409375	1549.452	1433.597	1399.6960125	1523.2851875
"ILMN_1220446"	410.47876875	627.058775	490.5482625	487.0973125	478.21235625	463.44099375	742.81638125	435.13193125	492.318275	522.96660625	745.71349375	480.9888125	522.96660625	563.63728125	442.89155	441.35880625
"ILMN_2588521"	127.3510375	134.78813125	136.79684375	173.04038125	121.87844875	131.3446625	142.58573125	126.15359375	128.162825	149.1243125	129.55834375	127.537025	130.59743125	137.59983125	135.42206875	136.89603125
"ILMN_1234487"	439.64811875	534.31181875	562.62983125	513.72638125	514.343425	432.08651875	613.71071875	408.5570375	419.286475	627.058775	487.81764375	479.6173875	469.40995625	431.7225875	548.38800625	540.56240625
"ILMN_2724191"	5035.313	5071.7954375	4680.85275	5366.7633125	5366.7633125	5159.29925	5261.7406875	5316.6859375	5261.7406875	5316.6859375	5885.3009375	5592.9835	5390.3065625	5531.992	5235.5604375	4964.116125
"ILMN_1232146"	965.92841875	978.4476	794.63866875	993.2954125	894.35590625	993.2954125	857.74695625	1086.60641875	999.8791	845.59393125	1086.60641875	1075.377725	1014.6464	1052.4328875	1032.766675	890.8846625
"ILMN_2591651"	569.2850875	645.18645625	533.3672125	501.45809375	576.2538625	657.738425	605.86194375	492.8494125	576.2538625	506.4152125	697.11445625	666.30194375	636.204775	750.79295	506.4152125	494.73205
"ILMN_1227836"	594.5953875	536.63215625	467.39164375	553.6983625	497.8212875	551.0910625	565.08385	530.13569375	711.26331875	490.5482625	610.22988125	537.3564875	583.84518125	568.67436875	569.9199	590.2830875
"ILMN_2718350"	119.319458125	122.6171375	139.15418125	130.45783125	151.58565625	123.372175	121.735439375	128.162825	132.9463	138.10944375	99.279328125	134.18521875	117.65351375	132.30241875	131.15114375	135.1378125
"ILMN_2634503"	130.28583125	139.9945375	120.24917875	113.7851975	112.21845	129.71258125	112.4208325	119.3709175	127.09165	111.7973125	115.662123125	109.22851625	113.965685625	146.69515625	97.17267625	136.79684375
"ILMN_3070533"	501.45809375	537.3564875	520.452825	585.82873125	527.93001875	514.343425	541.8511625	501.45809375	531.53671875	525.57068125	555.743425	460.98259375	505.60308125	595.21409375	538.40756875	478.98810625
"ILMN_1245795"	1700.66975	1546.757625	1654.4488125	1644.4888125	1328.9357	1668.6805625	1695.865	1501.8286875	1470.9896875	1420.65530625	1553.0540625	1440.767375	1601.894875	1719.596	1544.4166875	1467.699125
"ILMN_1226712"	260.86174375	268.74179375	241.90995	186.44199375	275.47909375	263.31391875	269.31935625	189.73489375	193.7898875	268.74179375	192.34130625	233.70659375	279.95749375	166.87675	202.7771	254.36886875
"ILMN_2681592"	5366.7633125	5366.7633125	4902.6641875	4514.3431875	4855.10025	5458.565	5390.3065625	4270.5875	4577.5029375	4735.2788125	5017.492875	5531.992	5920.0250625	4819.3668125	4514.3431875	4799.889
"ILMN_2696066"	115.70334	90.381455625	106.191794375	109.63701875	126.96625625	119.900904375	125.21433125	95.95883	108.418080625	107.661280625	117.11431625	130.45783125	124.50436875	100.364430625	104.433021875	121.12578875
"ILMN_1228733"	308.440225	341.124375	320.69589375	302.0011375	319.296625	342.17348125	322.15643125	325.01405625	314.01744375	249.77924375	298.81056875	290.319825	326.82395625	280.7798125	291.3637	315.527125
"ILMN_1257675"	271.34849375	211.57503125	286.44878125	335.58544375	326.82395625	304.96008125	311.60259375	363.99298125	372.73630625	327.851675	284.07173125	219.13505625	270.48401875	381.22103125	374.74366875	355.19934375
"ILMN_1250750"	989.70889375	948.13583125	1106.1448625	1194.77774375	1056.7428375	986.313625	991.49634375	1012.87120625	1144.45039375	972.734025	1031.5182875	1089.18391875	1031.5182875	1086.60641875	1163.75175	968.52038125
"ILMN_2918317"	163.95495625	167.7883625	196.47584375	163.58553125	221.015275	166.21005625	184.49761875	195.2914625	179.673275	193.07526875	173.4603	186.2141625	185.0267625	146.0064625	118.9281425	152.7839
"ILMN_2734368"	134.66733125	144.7298375	110.057823125	127.8719875	110.410105	116.021529375	123.67819375	130.4140875	111.61705875	112.450651875	143.37633125	108.11154125	97.741526875	127.3510375	116.704525625	135.71329375
"ILMN_3121687"	1018.9702	1161.1970625	800.142025	1104.645125	1065.40696875	1017.5196	1323.73580625	1058.70305625	854.31285625	926.7802875	1200.59594375	715.03693125	1211.26603125	1284.59764375	1142.3346125	999.8791
"ILMN_2816356"	207.45166875	193.07526875	217.3990625	185.25490625	175.98158125	202.26374375	169.34339375	170.992825	175.1317625	166.87675	171.83655	177.7439375	177.13383125	205.534625	167.6349875	183.9246375
"ILMN_2693895"	20157.430625	19803.4675	16150.026875	11818.927875	12621.3100625	14760.245625	24643.0425	10060.255125	14760.245625	22662.46875	21883.9125	17990.79625	22662.46875	15312.959375	17990.79625	18866.55375
"ILMN_1258206"	191.45689375	182.10419375	208.02386875	237.7202375	178.5243375	216.1693125	184.75475625	256.726675	262.67929375	203.529425	237.210825	194.2015	193.3669875	188.33473125	234.5153	212.56733125
"ILMN_2466655"	112.147399375	114.97474375	127.28783125	113.15592625	113.480361875	128.44940625	112.3444475	116.75566875	129.64690625	116.25198875	119.23269	102.638103125	127.2450625	133.76694375	127.537025	110.701926875
"ILMN_2645368"	255.90626875	250.2519625	257.83005	284.07173125	259.57115	291.3637	238.7891375	228.051775	242.69094375	243.336	226.39001875	280.7798125	255.90626875	227.120325	235.25141875	214.13316875
"ILMN_2625035"	164.88851875	181.7425875	198.986275	166.325525	183.9246375	170.2017375	176.7156375	165.34283125	204.81031875	190.51620625	155.68575625	171.83655	185.748925	188.73664375	189.473275	166.7155
"ILMN_1224014"	1109.27059375	1144.45039375	1135.64869375	1146.39284375	1077.30364375	868.936125	1191.72529375	1016.11661875	1544.4166875	1544.4166875	1284.59764375	889.0091875	1163.75175	1459.97975	1389.53755625	1416.0072125
"ILMN_2670352"	544.86930625	448.8247125	656.59380625	535.7323125	579.1233125	493.5442	520.452825	598.9458625	660.82371875	556.3031625	495.60464375	640.49278125	513.18336875	526.3651125	590.2830875	533.3672125
"ILMN_2776485"	250.930975	252.8984	302.9173875	273.0291875	317.0260375	276.746625	222.66893125	251.62058125	254.10841875	255.71478125	184.27898125	249.460775	251.62058125	207.70706875	265.969925	263.91614375
"ILMN_2604835"	320.36241875	324.59301875	282.30319375	312.7451875	290.89839375	314.3022625	338.47830625	286.44878125	287.97133125	263.5487875	320.69589375	318.03841875	291.65074375	293.459625	286.44878125	322.65033125
"ILMN_3141499"	216.1693125	221.7632625	223.72760625	248.81170625	217.3990625	259.83235	265.15980625	289.026225	283.540325	218.88428125	276.421125	185.25490625	213.04775625	263.91614375	266.54350625	212.2325375
"ILMN_2817883"	598.9458625	598.9458625	648.30325625	669.95110625	598.9458625	596.8079375	577.3044	553.6983625	627.058775	598.9458625	567.0161125	665.2559875	609.015525	518.60681875	549.89674375	593.64370625
"ILMN_2738825"	16150.026875	12621.3100625	6096.572375	4115.4703125	6159.7626875	22662.46875	9249.246625	3641.0309375	5316.6859375	6059.90325	10841.250625	22662.46875	14431.91	6927.53375	5188.1588125	7110.6441875
"ILMN_3072676"	609.015525	423.94420625	637.1031	645.18645625	544.86930625	624.54245	391.4559875	679.91124375	638.36458125	621.29355	481.47731875	690.38670625	601.04705625	429.66280625	642.53469375	612.4552625
"ILMN_3160568"	471.9612875	483.0917625	378.12289375	378.12289375	402.26533125	420.80611875	491.08171875	316.0292125	315.527125	387.2671875	470.87679375	445.23834375	497.8212875	499.01070625	348.55784375	363.99298125
"ILMN_2735084"	319.296625	298.077875	463.44099375	340.10790625	293.02445625	441.35880625	378.71825625	494.18310625	468.86593125	296.03155	353.06145	362.3423375	446.799425	410.47876875	387.961875	598.9458625
"ILMN_1232532"	159.3464375	170.04654375	173.61805	166.87675	177.977475	163.95495625	192.6032125	169.4552375	159.4634125	193.5339875	158.53173125	197.0282375	153.1769625	159.56865625	169.04061875	176.8443625
"ILMN_2597013"	117.370764375	100.59616	109.081111875	123.17825	114.42555875	118.084984375	97.10679375	112.83226375	126.0942125	85.64108625	110.64360625	109.123379375	132.205225	121.048245	131.0427625	111.61705875
"ILMN_2662283"	855.91689375	651.440175	713.79743125	758.1567625	833.42680625	817.51023125	729.4838	782.2742875	825.27274375	880.3431	756.18793125	782.2742875	877.80959375	847.2564125	849.21829375	753.64794375
"ILMN_2735080"	348.55784375	330.6628875	322.65033125	277.15685625	329.84598125	284.88960625	330.25861875	302.4367625	292.4938	310.557075	318.36661875	326.28495625	335.58544375	311.60259375	274.6481375	330.6628875
"ILMN_2759563"	343.51701875	318.857075	462.82	318.36661875	524.4077875	376.43794375	329.84598125	322.65033125	474.47324375	435.835025	326.28495625	411.74715	365.182425	366.8749875	375.74753125	361.06348125
"ILMN_2880329"	165.4697625	178.28668125	183.64101875	173.61805	150.34926875	145.898675	195.7818	175.692725	137.35951875	153.1769625	170.86271875	166.5747125	154.2992875	176.556675	153.9696625	194.98645
"ILMN_1252016"	108.06792375	115.9625425	108.362078125	117.03301125	120.079114375	102.469699375	96.087496875	110.701926875	126.8687375	125.9750625	109.37994875	98.83545875	104.112280625	90.30326	115.662123125	134.02999375
"ILMN_2734290"	3248.2679375	3307.411375	3728.71325	3862.5035625	3155.7905625	2975.30275	2968.9675625	3583.1270625	3901.5434375	3031.3415	3436.421625	3323.130125	2647.8840625	3526.0949375	3808.8565	3248.2679375
"ILMN_2617468"	774.922225	544.86930625	960.96005	999.8791	964.61938125	1028.2021375	438.60243125	1161.1970625	1197.1950625	774.922225	643.92078125	999.8791	1157.0028125	758.1567625	1144.45039375	595.21409375
"ILMN_2719473"	118.084984375	131.57471875	117.162448125	122.245771875	146.47023125	122.6171375	148.42471875	115.143828125	104.248475625	110.701926875	136.61658125	116.2029875	150.34926875	114.0558675	100.59616	126.2334375
"ILMN_1232762"	2770.389	3081.9745625	2238.6796875	3232.3765	3331.7243125	3049.8525625	3331.7243125	3074.407375	3282.743375	2792.5048125	3049.8525625	2618.0886875	3556.7825	2963.303625	3166.4545	3422.046375
"ILMN_2627774"	121.17253375	118.15266125	108.689604375	107.5184425	115.143828125	128.020125	130.97268125	119.609384375	110.187594375	121.653625	132.698425	115.45249	131.66101875	124.14365	129.71258125	118.23729375
"ILMN_2695468"	2624.439625	2689.4941875	2800.7055	2850.1111875	2383.1305	2731.420875	2406.897125	2881.650875	2631.082625	2631.082625	2731.420875	2481.5916875	2668.906125	2533.3731875	2601.580625	2689.4941875
"ILMN_1245678"	170.86271875	152.90356875	164.3968125	162.286325	159.17185	179.44441875	173.90828125	127.8719875	179.20448125	185.0267625	138.10944375	183.40340625	163.10266875	142.76286875	141.49523125	172.5337625
"ILMN_2975295"	169.04061875	143.37633125	137.2026125	132.53908125	144.9504375	124.09359375	126.6088375	134.78813125	118.2936625	126.15359375	132.60215	159.4634125	153.695975	131.91349375	121.87844875	132.698425
"ILMN_2596834"	216.99501875	225.11594375	276.421125	216.67686875	214.63416875	213.347025	253.5756875	238.7891375	246.90165	248.03146875	263.5487875	225.56696875	178.14129375	220.08603125	236.95804375	235.43113125
"ILMN_1250816"	4619.5934375	4152.0380625	4855.10025	4544.1546875	5859.1675625	4667.497625	4514.3431875	4735.2788125	4344.53675	4995.627	4344.53675	4206.7450625	4410.4075	4544.1546875	4490.201	5035.313
"ILMN_2789948"	1165.2661875	1031.5182875	946.97265625	1040.3397625	932.24933125	1062.9545625	1086.60641875	1071.30986875	1269.33360625	1136.7809625	1211.26603125	1154.72575625	1191.72529375	1011.060025	1106.1448625	1077.30364375
"ILMN_2689473"	5885.3009375	5920.0250625	6332.6618125	5720.023125	5559.051625	5630.295	6210.5699375	5791.554125	5691.950125	5824.636	5531.992	5432.2115	4880.49925	6136.195875	5986.11875	5235.5604375
"ILMN_2679723"	3572.0115	3199.676125	3166.4545	3292.12425	3796.041	3282.743375	3092.283875	3343.45	3546.5745	3307.411375	3144.962875	3041.47075	3216.0641875	3572.0115	3445.8880625	3275.2453125
"ILMN_2835012"	1021.62443125	1004.4496375	870.534625	910.37574375	939.87478125	946.97265625	1017.5196	944.894575	980.6937	939.87478125	989.70889375	1006.592375	1135.64869375	1174.17459375	1009.5939125	936.561775
"ILMN_1254256"	1569.421	1485.9148125	1695.865	1529.5255625	1481.7319375	1373.50971875	1392.73844375	1621.1950625	1410.221575	1408.1082625	1165.2661875	1781.5615	1408.1082625	1495.75775	1450.9011875	1635.846125
"ILMN_3070951"	597.95865625	574.1261625	667.346975	461.81859375	631.9964875	605.16504375	582.72373125	470.87679375	478.98810625	747.19006875	407.82223125	636.204775	610.22988125	453.05573125	478.21235625	647.28489375
"ILMN_2715601"	2747.872	2613.0956875	2641.6040625	1974.2203125	2890.73225	2770.389	2792.5048125	1745.095625	2148.8818125	2890.73225	2432.0701875	2816.5711875	2781.58875	2369.0618125	2082.9988125	2939.1021875
"ILMN_1221251"	283.215625	262.94540625	284.88960625	290.319825	269.0900875	307.1202375	264.8414125	291.65074375	296.50191875	324.59301875	292.76560625	299.838875	302.4367625	317.6047375	279.61274375	299.838875
"ILMN_2649654"	1841.8780625	1914.436125	1668.6805625	1426.63413125	1933.3263125	1825.6773125	1937.256125	1464.879	1510.2215	2037.840625	1753.9889375	1841.8780625	1761.7409375	1707.034625	1515.7341875	1658.9980625
"ILMN_2681601"	147.8156375	146.249475	152.22359375	195.13283125	147.93004375	151.58565625	153.46726875	208.4504625	191.8118125	171.22390625	171.64175	212.036425	132.896825	188.0836	203.529425	127.3510375
"ILMN_1219682"	378.12289375	320.36241875	345.38940625	631.9964875	302.4367625	353.62091875	285.79318125	517.00189375	528.659375	354.61660625	378.12289375	365.57460625	386.241725	335.58544375	564.21346875	394.19975
"ILMN_2690203"	2448.833375	2510.9436875	3155.7905625	2939.1021875	2342.59925	3199.676125	2916.3459375	2758.6666875	3232.3765	2082.9988125	2397.767	3134.3626875	2800.7055	2758.6666875	2816.5711875	3358.915875
"ILMN_2936468"	111.496716875	122.11165625	115.45249	107.767169375	106.579585	89.02602875	95.15692	105.974695	125.46033125	109.279330625	110.595898125	124.34335625	97.423131875	114.30433375	131.7516	123.0109875
"ILMN_1249838"	900.229325	902.21253125	919.02419375	962.9292375	864.630725	819.3952875	898.38510625	816.19315625	878.55406875	870.534625	863.1886875	841.8968125	835.00675625	855.91689375	804.60284375	860.29973125
"ILMN_2709456"	887.3855875	919.02419375	871.928325	913.7848	889.0091875	867.3996875	976.8693625	952.8408625	1044.1645625	849.21829375	1071.30986875	894.35590625	955.69085625	1154.72575625	1002.61314375	902.21253125
"ILMN_2971314"	308.76860625	333.580125	353.06145	648.30325625	330.25861875	349.856425	357.10310625	455.44276875	577.3044	320.36241875	510.5569375	335.0616875	331.1162875	593.64370625	508.66270625	278.67450625
"ILMN_2645526"	341.61043125	349.856425	460.56375625	397.36328125	412.55158125	387.2671875	342.17348125	363.591075	389.97513125	370.48145625	379.9415625	378.71825625	379.33124375	338.47830625	318.857075	384.34065
"ILMN_1226653"	175.49864375	194.98645	174.942675	185.43579375	189.73489375	180.70965	224.75283125	218.88428125	193.88205	195.13283125	247.27466875	183.64101875	205.07035	222.42536875	195.500075	197.56828125
"ILMN_2695217"	1194.77774375	1157.0028125	1247.6153875	1412.31079375	1161.1970625	1144.45039375	1012.87120625	1275.825625	1275.825625	1318.1725625	1080.43248125	1247.6153875	1061.20106875	1153.086725	1315.989225	1213.3972125
"ILMN_2761169"	771.5237875	722.33518125	780.5475	823.80625	665.2559875	713.79743125	629.7449375	742.81638125	722.33518125	643.92078125	682.99356875	719.046825	737.52373125	816.19315625	758.1567625	660.82371875
"ILMN_2699881"	178.6904875	190.26230625	207.23683125	194.2015	158.3846375	183.0535	190.26230625	162.80370625	194.03785625	235.43113125	185.25490625	170.6414875	219.43544375	133.2308125	175.1317625	174.6676875
"ILMN_1226731"	1535.9275625	1553.0540625	1799.4763125	1546.757625	1565.7745625	1539.848	1467.699125	1488.5588125	1613.5793125	1556.765375	1546.757625	1544.4166875	1719.596	1535.9275625	1597.03825	1569.421
"ILMN_1234773"	150.11764375	147.93004375	132.205225	136.98565	128.34369375	148.21475	129.8790875	139.7600375	139.9945375	120.403178125	157.693625	128.63870625	126.2334375	153.9696625	133.6731375	149.79191875
"ILMN_1250000"	300.51006875	299.09469375	284.07173125	215.26519375	342.17348125	285.79318125	318.36661875	261.69506875	233.2049125	375.74753125	191.8118125	269.9254375	316.0292125	255.90626875	246.22676875	321.4583
"ILMN_2609988"	154.55408125	155.127325	116.08336	144.14700625	136.3262875	139.9945375	158.6875	158.05190625	157.9106125	125.0597375	156.49079375	177.977475	153.5859125	167.6349875	166.87675	121.4719
"ILMN_1258903"	105.466215	89.510451875	111.05283625	99.615653125	123.83503125	134.02999375	96.902806875	100.62857875	117.03301125	127.1895375	83.517596875	127.9695	99.951273125	79.643915625	97.768029375	154.88060625
"ILMN_2697205"	130.19934375	119.53205625	127.3510375	149.64721875	88.77694375	137.74104375	127.8719875	133.76694375	150.51230625	132.9463	146.9285625	137.59983125	128.020125	145.1658125	156.99936875	116.75566875
"ILMN_2876015"	1252.1733875	1959.502625	1416.0072125	1320.76196875	1228.17379375	1265.42595625	1868.818125	1269.33360625	1408.1082625	1290.79334375	1796.3114375	1351.2752375	1279.10915	1914.436125	1304.11341875	1288.97909375
"ILMN_1256668"	426.13363125	344.83418125	374.74366875	432.08651875	432.08651875	379.9415625	325.79024375	639.4019375	326.28495625	355.19934375	331.55780625	513.18336875	350.950725	320.69589375	465.2150125	430.1853875
"ILMN_1213354"	151.49008125	145.28875625	145.28875625	140.78546875	152.22359375	138.8329125	130.28583125	149.99069375	151.49008125	147.21659375	131.7516	136.98565	130.79925	156.49079375	163.58553125	135.840375
"ILMN_2889120"	127.28783125	117.162448125	136.61658125	161.04661875	138.70476875	126.96625625	144.61973125	132.60215	163.41111875	136.24591875	147.05875	128.020125	159.3464375	140.39288125	171.50286875	165.34283125
"ILMN_1246034"	865.75048125	724.54374375	816.19315625	972.734025	726.77698125	747.19006875	887.3855875	849.21829375	912.53776875	679.91124375	868.936125	712.6582	831.99635	1142.3346125	900.229325	771.5237875
"ILMN_2740890"	241.2465625	255.71478125	216.00235625	215.6734625	216.99501875	241.0027875	245.33235	208.2482625	243.0280375	255.90626875	262.09323125	253.16974375	220.50859375	240.45228125	211.57503125	234.86673125
"ILMN_1250975"	111.05283625	100.422220625	105.60140375	139.64135625	85.24356625	92.806575	91.546456875	122.83345	166.325525	96.934176875	147.701675	107.61843	104.776445	139.53805	135.5993875	87.582794375
"ILMN_2726005"	103.879939375	127.09165	128.5330625	121.87844875	126.79658125	117.11431625	120.24917875	103.23180875	110.27779375	151.39938125	107.661280625	118.85425125	137.59983125	113.15592625	136.52760625	141.825175
"ILMN_1238583"	710.4593125	739.25601875	718.119375	774.922225	721.06025	691.70765625	791.96815625	729.4838	737.52373125	718.119375	663.46655	736.02556875	782.2742875	712.6582	775.92039375	774.922225
"ILMN_1219918"	139.53805	131.43111875	122.31927	156.10200625	176.8443625	139.04955625	138.60301875	143.37633125	130.53025625	142.114375	124.55214375	156.38801875	116.5506525	123.372175	125.0597375	154.1588625
"ILMN_2795854"	5390.3065625	5188.1588125	4036.32475	4799.889	5188.1588125	5017.492875	5501.0839375	4774.159	4464.1320625	4530.4624375	5762.73775	4253.6859375	5592.9835	5207.3271875	4452.0114375	4363.454875
"ILMN_2950286"	29991.60125	27148.123125	34808.40625	34808.40625	33503.791875	34808.40625	23872.526875	33503.791875	28088.250625	31429.665	25477.855	39382.785	32505.79625	17526.455625	33503.791875	34808.40625
"ILMN_2997796"	124.85291875	148.7124	132.60215	115.662123125	121.24155375	136.89603125	121.4719	155.98471875	158.2587875	127.68379375	148.21475	153.5859125	114.012673125	127.09165	160.37689375	160.10634375
"ILMN_1212875"	1008.09605625	1142.3346125	778.8566	843.17844375	787.17976875	1089.18391875	1436.6275	903.982275	908.8836125	723.366875	1292.25568125	1292.25568125	1269.33360625	1233.78420625	868.936125	817.51023125
"ILMN_2666279"	1864.5806875	1577.917625	2042.1346875	1873.4655625	1532.028875	1625.73425	1412.31079375	1544.4166875	1488.5588125	1648.387625	1658.9980625	1793.433875	1675.8665625	1812.93475	1741.11475	1597.03825
"ILMN_1239592"	620.669025	570.62875	525.57068125	503.5053625	557.51616875	593.64370625	736.02556875	480.16580625	421.34460625	505.60308125	620.669025	528.659375	613.71071875	507.30178125	480.16580625	507.30178125
"ILMN_1257360"	6432.159625	6716.896125	6159.7626875	6927.53375	7287.4495625	7184.1275	6900.494375	6578.41025	7037.2719375	7037.2719375	6627.1081875	6843.291125	6843.291125	7037.2719375	6791.54225	6927.53375
"ILMN_1239345"	258.75729375	243.64128125	276.746625	248.03146875	240.45228125	242.69094375	214.38885	274.6481375	250.01338125	291.65074375	272.57405	229.88585625	221.015275	279.61274375	273.0291875	220.33043125
"ILMN_2836246"	213.7162125	204.0911625	204.4481	167.0412125	227.120325	216.67686875	184.88224375	163.58553125	151.29939375	229.5596375	170.04654375	201.62113125	206.3713125	148.575225	157.42939375	242.69094375
"ILMN_2890357"	784.02243125	710.4593125	711.26331875	946.97265625	800.142025	843.17844375	780.5475	788.81949375	830.115225	903.982275	785.55970625	870.534625	771.5237875	603.75543125	886.00486875	1009.5939125
"ILMN_2949021"	13534.7125	13983.2231875	13731.0364375	15312.959375	11495.6474375	14190.341875	15312.959375	15066.27	15811.34625	13731.0364375	15811.34625	15066.27	14760.245625	16461.675	15066.27	15066.27
"ILMN_1234698"	311.953325	398.8783375	351.55851875	309.742025	288.4541	314.7001	323.41438125	317.6047375	341.61043125	357.68119375	349.856425	331.1162875	314.7001	272.3043875	337.48220625	366.8749875
"ILMN_2685365"	2383.1305	2364.6356875	2228.328875	2007.6768125	2541.381	2437.573625	2189.738	2082.9988125	2158.863875	2364.6356875	2033.06075	2383.1305	2541.381	1901.7284375	2137.9463125	2416.0603125
"ILMN_1230221"	207.04245	194.2015	143.37633125	290.89839375	172.353225	189.473275	198.986275	246.43791875	257.1474375	201.08705	260.1345875	252.8984	186.44199375	232.7016375	236.39815625	210.29248125
"ILMN_2722213"	1044.1645625	1098.48106875	1159.0100875	1373.50971875	936.561775	989.70889375	973.91274375	1098.48106875	1281.5076125	1101.2866	1128.48683125	1211.26603125	980.6937	1208.95903125	1167.6394625	1102.75900625
"ILMN_2658619"	10333.5746875	11173.0176875	9671.8816875	10958.433125	10674.29	9972.20525	10443.30125	11495.6474375	11297.6646875	11173.0176875	11818.927875	10724.79525	10574.6365	10674.29	11230.1335625	11065.510875
"ILMN_1234172"	4036.32475	4048.0388125	3953.748625	3796.041	5501.0839375	4036.32475	4315.6864375	3699.664375	3526.0949375	3996.876	3592.45975	3343.45	4016.5993125	4036.32475	3624.416875	4082.71825
"ILMN_3097950"	256.726675	262.09323125	218.88428125	193.88205	217.9913875	244.69550625	261.23531875	226.0137125	199.67699375	226.68588125	236.75499375	214.63416875	197.56828125	223.28705625	200.1958	262.09323125
"ILMN_1247919"	236.95804375	256.726675	238.31953125	223.72760625	248.03146875	225.768425	189.473275	263.5487875	253.16974375	287.6191125	224.416875	186.66923125	217.3990625	248.03146875	233.2049125	261.69506875
"ILMN_1224162"	218.7287625	188.0836	230.76646875	213.04775625	283.540325	224.75283125	189.73489375	212.2325375	196.7999	265.53608125	182.10419375	238.0985	192.157875	174.8182375	199.94305625	273.0291875
"ILMN_3080410"	233.86650625	231.4094625	232.98231875	226.0137125	208.8861375	233.86650625	209.103475	196.7999	231.68000625	304.13445625	173.1835875	210.29248125	253.5756875	224.07854375	180.3295625	228.59040625
"ILMN_2517060"	1054.36065625	1054.36065625	1244.2882125	1328.9357	1144.45039375	1083.9575	1037.15800625	1197.1950625	1014.6464	1178.73895	1073.825075	857.74695625	970.23390625	1002.61314375	1102.75900625	970.23390625
"ILMN_2657037"	154.1588625	116.021529375	156.89665	144.38583125	137.5014625	116.704525625	102.0945	124.09359375	139.64135625	124.61303125	125.36169375	110.595898125	124.27139375	144.260675	147.51644375	114.643075
"ILMN_2958076"	10443.30125	10841.250625	10958.433125	12961.611375	13534.7125	11938.2769375	12022.927	13172.297875	13534.7125	12469.35875	12469.35875	10443.30125	12309.0020625	13983.2231875	13534.7125	11173.0176875
"ILMN_1215901"	889.0091875	819.3952875	954.6626875	957.3368875	957.3368875	930.27695625	817.51023125	933.34199375	917.37219375	841.8968125	812.9982	989.70889375	821.9814125	687.17316875	821.9814125	923.3045875
"ILMN_1223330"	373.30499375	493.5442	395.5918375	365.182425	439.20473125	429.66280625	553.6983625	378.12289375	406.25033125	444.0608625	442.89155	435.13193125	427.12645	494.73205	409.2603125	405.7067375
"ILMN_1220430"	448.8247125	428.2162625	471.9612875	507.9213875	567.0161125	450.09990625	451.59918125	519.32630625	546.67505625	503.5053625	477.51089375	415.8145375	420.80611875	480.9888125	613.71071875	442.1013375
"ILMN_2745614"	14760.245625	9972.20525	16461.675	18287.449375	12776.28325	15649.82375	10724.79525	15811.34625	16461.675	11659.052625	10443.30125	11297.6646875	10127.8905625	11297.6646875	16461.675	12469.35875
"ILMN_1244074"	596.8079375	519.32630625	574.9033	565.08385	643.92078125	535.7323125	551.0910625	563.63728125	572.9692625	579.95534375	601.77260625	679.91124375	569.2850875	585.82873125	522.96660625	594.5953875
"ILMN_1219173"	187.723625	190.9587625	158.2587875	159.0277875	165.765375	172.5337625	196.47584375	142.66521875	136.01621875	146.57059375	158.6875	186.82786875	179.673275	159.69138125	139.28285	172.353225
"ILMN_2783557"	195.500075	209.95990625	192.6032125	188.73664375	210.5832875	207.70706875	225.768425	199.52053125	196.22610625	203.9486375	223.72760625	207.70706875	203.7438375	223.62086875	210.29248125	171.64175
"ILMN_1253178"	120.787834375	116.704525625	120.787834375	109.3440175	114.97474375	149.48900625	107.229554375	109.3440175	103.75067375	97.550354375	113.480361875	138.10944375	124.14365	96.153394375	110.486279375	105.904315625
"ILMN_1219820"	417.2681625	390.72719375	353.62091875	368.19235625	302.9173875	396.6321	347.6172625	353.62091875	334.64200625	320.69589375	384.946275	386.81351875	422.1692375	368.69168125	334.64200625	353.06145
"ILMN_2759652"	982.52008125	972.734025	898.38510625	965.92841875	943.18929375	968.52038125	995.77236875	882.26715625	826.7718875	764.2097375	878.55406875	937.8576625	1018.9702	880.3431	924.4569875	871.928325
"ILMN_2956871"	154.66928125	136.79684375	138.39070625	122.11165625	111.6766175	163.41111875	143.8182375	149.1243125	133.43806875	136.79684375	145.3389	137.35951875	152.69155	140.599075	142.58573125	148.8364625
"ILMN_2638778"	3496.7734375	3232.3765	3445.8880625	3323.130125	3260.6586875	3583.1270625	3741.448875	2560.1100625	3323.130125	4100.9669375	2272.8855	2928.994125	3672.7575	3480.6066875	3186.193375	4239.0556875
"ILMN_1224980"	799.0163375	814.58774375	673.8294125	476.1185375	682.99356875	855.91689375	836.24015	657.738425	595.21409375	657.738425	608.020025	753.64794375	693.96675625	642.53469375	601.04705625	675.1991125
"ILMN_1220589"	158.2587875	179.44441875	170.6414875	164.88851875	138.0079125	141.3552625	162.4788625	169.214	180.3295625	205.534625	161.68011875	162.6555875	163.58553125	158.86419375	172.23488125	208.8861375
"ILMN_2835461"	2033.06075	2047.0441875	2063.82525	1855.0858125	1796.3114375	2013.110125	2082.9988125	1817.268875	1719.596	1937.256125	2154.306	1928.6761875	2098.2055	2037.840625	1848.017125	1868.818125
"ILMN_2680229"	149.79191875	137.3024375	138.493975	108.80015625	103.75067375	121.24155375	103.79750125	113.281014375	127.4141875	116.628699375	128.34369375	140.504525	119.956154375	103.629859375	113.209359375	118.6015225
"ILMN_1226169"	313.27270625	335.0616875	306.2683	283.215625	251.9778875	307.59543125	299.838875	275.47909375	298.077875	323.41438125	342.17348125	272.57405	280.32616875	304.96008125	263.5487875	314.987925
"ILMN_2603581"	7144.64825	7073.02275	7287.4495625	7591.974125	7535.8325625	6997.7991875	7504.3965	6927.53375	6997.7991875	6716.896125	7073.02275	7228.3994375	6927.53375	7110.6441875	6997.7991875	6432.159625
"ILMN_2634338"	2738.6715	3007.439625	3343.45	2928.994125	2827.8411875	2568.4504375	2698.729	3260.6586875	3216.0641875	2907.421375	2461.6148125	2800.7055	2334.2050625	2968.9675625	3307.411375	2955.6293125
"ILMN_2638781"	185.59075	163.813025	162.17669375	192.157875	182.548525	171.22390625	162.6555875	211.808925	222.10299375	184.75475625	151.29939375	166.49685	164.552225	178.96955	177.7439375	150.2414625
"ILMN_2588053"	20822.085625	20157.430625	20157.430625	19803.4675	23320.495625	18650.413125	20157.430625	20157.430625	20822.085625	20822.085625	19803.4675	17009.528125	20157.430625	20822.085625	20822.085625	19803.4675
"ILMN_2873174"	376.90229375	379.9415625	386.81351875	384.34065	366.8749875	352.044	436.32871875	376.90229375	338.47830625	367.22568125	432.68891875	376.90229375	437.71665625	382.43631875	428.2162625	399.316725
"ILMN_2833356"	782.2742875	769.2259125	643.92078125	752.23520625	586.82305	664.2749	748.15424375	681.12016875	713.79743125	660.82371875	804.60284375	656.59380625	591.56195625	724.54374375	652.601775	636.204775
"ILMN_1246017"	753.64794375	706.28880625	742.81638125	821.9814125	796.67608125	788.81949375	625.94640625	772.78075625	787.17976875	750.79295	761.0036625	649.74345625	698.881425	625.94640625	729.4838	809.68798125
"ILMN_2767216"	39382.785	39382.785	39382.785	39382.785	43942.53375	39382.785	46726.258125	39382.785	39382.785	39382.785	34808.40625	34808.40625	39382.785	33503.791875	39382.785	39382.785
"ILMN_2688822"	186.01159375	168.585275	175.692725	159.81698125	214.38885	161.43203125	212.56733125	136.704875	157.83153125	203.0263	142.114375	228.051775	188.93926875	156.60838125	160.23875	184.88224375
"ILMN_1240472"	215.26519375	208.4504625	240.692075	209.95990625	231.99835625	194.641925	180.70965	213.04775625	169.78939375	156.10200625	206.84325	213.93013125	181.58448125	225.768425	167.33055625	199.27065
"ILMN_2981896"	1174.17459375	1178.73895	1345.5829875	1298.1607625	1389.53755625	1178.73895	1220.88975625	1174.17459375	1253.613975	1328.9357	1174.17459375	1138.93230625	1083.9575	1042.23654375	1211.26603125	1215.46968125
"ILMN_2660815"	4774.159	4577.5029375	4100.9669375	4490.201	3699.664375	4490.201	4410.4075	4544.1546875	4452.0114375	4344.53675	5390.3065625	4774.159	4490.201	4799.889	4602.2670625	4293.4258125
"ILMN_2691706"	178.81230625	156.10200625	154.2992875	142.249075	139.87195625	170.86271875	170.387425	145.79421875	149.99069375	162.04371875	169.214	164.552225	169.04061875	214.999475	124.85291875	176.99835
"ILMN_2968032"	603.07173125	684.55906875	569.9199	603.75543125	564.21346875	515.71900625	809.68798125	634.68935625	666.30194375	614.66899375	845.59393125	652.601775	659.09488125	701.97584375	621.29355	588.53715
"ILMN_2681604"	987.84588125	930.27695625	864.630725	1025.50926875	1111.68751875	976.8693625	1021.62443125	984.3163125	1018.9702	1017.5196	1011.060025	958.827475	1077.30364375	1114.7287	1082.09006875	1031.5182875
"ILMN_1215157"	811.4076125	775.92039375	896.56195625	825.27274375	1035.2212625	943.18929375	873.73599375	826.7718875	752.23520625	812.9982	877.80959375	924.4569875	769.2259125	800.142025	820.2931	819.3952875
"ILMN_2971721"	1526.519875	1457.8441875	1467.699125	1665.832375	1377.04380625	1443.8409375	1357.73449375	1684.229	1700.66975	1510.2215	1512.9835625	1737.21975	1565.7745625	1389.53755625	1684.229	1488.5588125
"ILMN_2962041"	119.074268125	103.19625	105.28630125	106.023879375	120.787834375	106.643790625	126.79658125	107.72572	106.85326625	114.643075	139.04955625	107.229554375	118.6015225	86.50411875	96.153394375	103.526888125
"ILMN_2679428"	5824.636	5885.3009375	5531.992	6627.1081875	5159.29925	5791.554125	6136.195875	6251.9165625	6210.5699375	5207.3271875	6716.896125	5824.636	5859.1675625	6900.494375	6159.7626875	5531.992
"ILMN_1244872"	145.674675	155.98471875	156.38801875	130.90685	137.35951875	132.53908125	139.28285	138.70476875	136.98565	146.0064625	165.34283125	138.8329125	166.21005625	147.21659375	148.21475	149.3582875
"ILMN_2954575"	257.1474375	230.76646875	265.53608125	261.23531875	236.39815625	274.07449375	257.1474375	256.2845125	304.96008125	250.01338125	297.66561875	352.044	263.31391875	215.532425	252.4631	271.68064375
"ILMN_2696511"	113.281014375	88.971735625	119.23269	119.609384375	123.0109875	114.872921875	113.7851975	123.0109875	119.900904375	132.60215	112.450651875	105.466215	116.987925	136.3262875	103.295068125	135.35369375
"ILMN_2679477"	317.0260375	313.732625	329.84598125	279.61274375	318.36661875	341.124375	304.13445625	321.4583	298.53729375	334.64200625	252.8984	296.50191875	319.932875	304.5775125	302.4367625	289.4902375
"ILMN_2701435"	766.57840625	789.96631875	690.38670625	534.31181875	646.166675	741.15223125	732.0853625	627.058775	590.2830875	664.2749	811.4076125	692.932175	692.932175	870.534625	607.033175	564.21346875
"ILMN_2717496"	348.09076875	382.43631875	352.64973125	352.64973125	191.9776875	377.57789375	377.57789375	304.96008125	355.19934375	228.051775	465.7442	418.11000625	310.557075	403.94156875	363.99298125	233.70659375
"ILMN_1259470"	1672.5034375	1684.229	1716.46775	1928.6761875	1761.7409375	1684.229	2033.06075	1665.832375	1778.81175	1733.5576875	1680.0055	1773.0195	1909.405	1556.765375	1593.675875	2047.0441875
"ILMN_2609654"	234.260575	260.1345875	204.95320625	196.7999	205.3047125	265.15980625	244.36269375	302.0011375	262.94540625	184.88224375	216.67686875	220.08603125	197.75609375	324.59301875	251.30326875	335.95439375
"ILMN_2588728"	350.950725	325.4101375	342.9916375	362.90645625	365.182425	305.29793125	318.03841875	318.03841875	335.95439375	335.0616875	323.41438125	318.36661875	340.65205625	292.4938	308.440225	311.60259375
"ILMN_2674367"	2258.226875	2426.33675	2288.631	2781.58875	1613.5793125	2747.872	2243.769375	3081.9745625	2998.837625	2781.58875	2601.580625	2574.93875	2770.389	2522.957375	3232.3765	2968.9675625
"ILMN_2892480"	185.43579375	162.934825	157.42939375	117.162448125	180.3295625	172.23488125	161.551425	153.1769625	157.56325625	168.585275	146.0064625	151.29939375	142.58573125	135.1378125	130.28583125	157.9106125
"ILMN_2686270"	5592.9835	4995.627	6015.1349375	5691.950125	4464.1320625	5188.1588125	4758.6421875	5691.950125	5824.636	4544.1546875	6015.1349375	5762.73775	4964.116125	5366.7633125	5559.051625	4951.3425625
"ILMN_1244649"	108.418080625	125.1430625	122.41531875	109.448013125	144.61973125	133.9557875	99.843674375	115.017581875	123.83503125	129.03165	117.784730625	126.7113625	138.10944375	122.062223125	101.845324375	114.30433375
"ILMN_1218617"	1638.406375	1825.6773125	1635.846125	1978.2611875	1556.765375	1707.034625	1781.5615	1988.0516875	1964.982125	1588.2665625	1905.974125	1778.81175	1691.932625	1905.974125	1964.982125	1851.1645625
"ILMN_1223713"	122.41531875	119.3709175	128.162825	117.784730625	125.805925	131.7516	147.32380625	118.982745625	115.143828125	136.10575625	119.900904375	152.372725	149.3582875	115.570525	141.3552625	141.90628125
"ILMN_2608574"	439.20473125	432.68891875	389.59186875	354.05960625	461.81859375	438.60243125	469.40995625	382.95286875	468.20624375	418.7329625	446.799425	419.286475	420.2161375	437.71665625	356.32760625	437.71665625
"ILMN_2610012"	139.04955625	143.6057375	107.44807875	143.8182375	88.231883125	113.15592625	122.11165625	131.66101875	127.537025	108.9940325	167.203	112.147399375	123.07411875	198.537425	158.3846375	93.565455625
"ILMN_3125814"	530.13569375	515.00791875	516.35701875	610.22988125	494.18310625	579.1233125	509.714725	649.74345625	652.601775	486.43069375	515.71900625	495.60464375	439.20473125	444.5415	491.6045875	541.213475
"ILMN_2806907"	184.27898125	183.0535	180.588125	175.49864375	189.26159375	154.66928125	162.17669375	176.99835	158.1505875	193.88205	151.9914375	173.90828125	164.74565625	133.0385625	166.7155	160.6173125
"ILMN_1243609"	104.01969625	130.0340125	115.3635675	114.928289375	126.36245	115.570525	117.578344375	113.0331475	103.933105	139.41925	104.4697725	128.92178125	99.558214375	113.846940625	147.21659375	156.60838125
"ILMN_2710773"	1215.46968125	1323.73580625	1255.287775	1323.73580625	1163.75175	1269.33360625	1340.43134375	1123.47035	1249.51303125	1223.86389375	1259.73734375	1170.5943	1220.88975625	1304.11341875	1244.2882125	1357.73449375
"ILMN_2962575"	147.39860625	158.1505875	141.68094375	126.0942125	150.2414625	158.2587875	140.2900875	143.50841875	140.8878375	142.9232375	141.90628125	136.52760625	133.379225	145.898675	152.69155	173.04038125
"ILMN_2629528"	173.4603	131.27735	146.828925	144.86123125	148.0848125	139.53805	155.31084375	175.98158125	141.825175	158.2587875	155.98471875	155.57271875	174.510375	131.0427625	131.27735	161.04661875
"ILMN_2799217"	345.38940625	359.99755625	313.732625	323.41438125	349.2293625	331.1162875	383.67525	308.03741875	302.9173875	361.06348125	350.950725	357.68119375	362.90645625	300.83779375	317.6047375	349.856425
"ILMN_2668642"	134.78813125	197.75609375	136.10575625	130.97268125	162.04371875	169.88470625	165.765375	149.48900625	142.9232375	143.07578125	134.32206875	159.0277875	142.48908125	142.9232375	168.80715	162.80370625
"ILMN_1221262"	697.11445625	633.27214375	697.11445625	748.15424375	784.02243125	745.71349375	619.76544375	765.3852875	812.9982	709.30966875	736.02556875	685.93454375	765.3852875	765.3852875	774.922225	682.99356875
"ILMN_1260046"	1213.3972125	1318.1725625	1292.25568125	1294.65333125	1233.78420625	1357.73449375	1284.59764375	1298.1607625	1315.989225	1240.6907125	1249.51303125	1191.72529375	1281.5076125	1194.77774375	1165.2661875	1298.1607625
"ILMN_1241795"	234.5153	195.500075	227.67105	221.24006875	254.823675	172.0150375	208.4504625	182.548525	235.43113125	220.50859375	255.71478125	241.0027875	216.99501875	243.64128125	226.0137125	203.7438375
"ILMN_3120194"	121.580483125	137.077675	170.04654375	148.0848125	123.91041875	131.66101875	121.24155375	142.48908125	138.33310625	118.544265	149.87991875	123.77083125	121.37270625	129.64690625	140.2900875	139.64135625
"ILMN_2663555"	284.58690625	308.03741875	293.02445625	260.1345875	339.5567875	279.0067375	283.215625	255.342925	317.0260375	296.50191875	213.7162125	261.23531875	259.83235	226.0137125	286.81030625	307.1202375
"ILMN_2914036"	319.52645625	339.5567875	319.52645625	259.83235	306.2683	280.32616875	326.28495625	269.9254375	282.668375	325.4101375	290.89839375	333.03789375	384.946275	330.25861875	322.15643125	303.2110375
"ILMN_2901312"	570.62875	676.4500125	615.6507375	527.93001875	610.22988125	612.4552625	528.659375	506.4152125	506.4152125	610.22988125	559.57819375	629.7449375	541.8511625	558.30926875	475.084675	640.49278125
"ILMN_1247118"	1654.4488125	1644.4888125	1747.868375	1841.8780625	1747.868375	1651.4259375	1864.5806875	1909.405	1658.9980625	1610.26175	1964.982125	1745.095625	1968.7001875	1817.268875	1864.5806875	1638.406375
"ILMN_1232760"	136.98565	126.430475	123.5136625	123.61475625	134.2687625	133.76694375	131.66101875	130.19934375	118.982745625	137.2026125	124.34335625	129.30451875	134.18521875	134.89306875	124.417475	124.61303125
"ILMN_2625058"	488.60263125	465.2150125	439.20473125	572.9692625	405.04731875	374.27375	375.74753125	522.02868125	580.68080625	463.44099375	570.62875	492.318275	398.8783375	517.00189375	513.18336875	522.96660625
"ILMN_2713673"	780.5475	886.00486875	1082.09006875	1308.2683375	1135.64869375	958.827475	785.55970625	1491.8528125	1357.73449375	1052.4328875	905.5100875	868.936125	808.3092375	836.24015	1208.95903125	1109.27059375
"ILMN_1234427"	128.8212375	135.42206875	145.898675	137.59983125	158.6875	147.8156375	149.79191875	143.20033125	144.7298375	148.575225	127.1895375	134.479925	132.30241875	148.42471875	153.038975	128.34369375
"ILMN_2964816"	172.23488125	187.40104375	168.585275	167.203	160.6173125	158.05190625	157.9106125	158.6875	140.78546875	155.127325	166.87675	161.81215625	183.0535	145.5794125	174.942675	192.157875
"ILMN_3160592"	259.10294375	236.75499375	217.59455	183.0535	206.64905625	221.5099	208.2482625	197.0282375	237.44534375	216.00235625	238.7891375	250.2519625	234.5153	209.103475	230.0987875	195.2914625
"ILMN_2623480"	1017.5196	1029.641025	1128.48683125	1075.377725	1213.3972125	978.4476	1133.0493375	991.49634375	993.2954125	1176.1765125	1050.89158125	912.53776875	1025.50926875	1023.44788125	970.23390625	1067.32936875
"ILMN_2601705"	633.27214375	313.27270625	537.3564875	515.71900625	549.2649875	403.94156875	496.135925	420.2161375	544.86930625	610.8717375	352.044	241.5009	534.31181875	697.11445625	404.7403875	557.51616875
"ILMN_2685133"	4206.7450625	4224.2954375	3741.448875	3757.6965625	3572.0115	3953.748625	3757.6965625	3307.411375	3712.4661875	3971.043125	3971.043125	3953.748625	3862.5035625	4253.6859375	4224.2954375	3712.4661875
"ILMN_1214307"	126.96625625	119.7339625	117.03301125	108.9940325	108.960214375	132.4609	122.6171375	99.19944625	107.72572	124.6910875	124.914075	122.062223125	120.931299375	92.64462875	121.580483125	122.83345
"ILMN_3117612"	144.00685625	140.1893	135.71329375	152.22359375	124.97909375	157.42939375	134.18521875	147.8156375	142.48908125	151.7113	128.162825	142.83349375	120.706985625	142.249075	131.66101875	136.24591875
"ILMN_1257020"	273.60645	308.76860625	311.953325	323.1156125	357.10310625	305.74060625	313.27270625	428.2162625	459.588925	306.74313125	311.04498125	346.84835	373.30499375	286.81030625	316.35359375	448.8247125
"ILMN_2930922"	113.0331475	143.50841875	141.3552625	153.8393625	107.5184425	122.062223125	107.33387125	141.49523125	146.828925	118.2936625	133.43806875	126.430475	115.45249	151.7113	111.979923125	119.609384375
"ILMN_2830837"	237.210825	228.051775	275.04995	230.4721	233.70659375	255.342925	217.9913875	263.31391875	228.59040625	267.6644625	214.13316875	298.077875	213.7162125	224.75283125	240.692075	276.421125
"ILMN_2910627"	873.73599375	980.6937	943.18929375	970.23390625	975.55876875	1042.23654375	851.2181625	884.5102875	955.69085625	989.70889375	978.4476	1080.43248125	957.3368875	1056.7428375	1004.4496375	1002.61314375
"ILMN_2719498"	3556.7825	3496.7734375	3367.8920625	3216.0641875	2770.389	3592.45975	3422.046375	3331.7243125	3092.283875	2985.4025	3064.3103125	3556.7825	3018.412625	3216.0641875	2721.8628125	3049.8525625
"ILMN_2742136"	458.6657375	413.6796125	493.5442	509.714725	549.89674375	552.80308125	402.26533125	471.9612875	439.64811875	517.00189375	500.1246625	486.43069375	536.63215625	385.60209375	439.20473125	555.743425
"ILMN_2856187"	186.44199375	194.767025	180.70965	186.82786875	151.49008125	166.325525	141.26234375	180.01171875	215.26519375	162.17669375	176.556675	178.96955	194.98645	188.93926875	198.537425	199.94305625
"ILMN_3150233"	385.60209375	446.799425	448.20770625	495.60464375	396.1385875	423.94420625	403.94156875	446.23766875	522.02868125	420.80611875	497.8212875	426.63545	426.13363125	483.0917625	509.714725	435.13193125
"ILMN_2630710"	513.18336875	553.6983625	558.30926875	518.60681875	593.64370625	490.5482625	570.62875	511.4432375	517.00189375	583.84518125	533.3672125	535.7323125	542.5852375	539.54431875	531.53671875	619.76544375
"ILMN_2674407"	1014.6464	995.77236875	1203.07131875	1247.6153875	968.52038125	1077.30364375	960.96005	1178.73895	1174.17459375	1091.12875625	1085.4797875	1165.2661875	892.5835875	1130.81324375	1123.47035	1091.12875625
"ILMN_1226540"	1323.73580625	1635.846125	1382.81021875	1325.81468125	1138.93230625	1215.46968125	1808.6184375	1413.892925	1294.65333125	1109.27059375	1426.63413125	1379.9554375	1140.3004	1412.31079375	1200.59594375	1318.1725625
"ILMN_2831944"	200.1958	219.13505625	241.2465625	222.66893125	234.5153	230.76646875	140.97510625	202.7771	212.036425	225.56696875	165.765375	194.03785625	238.31953125	207.04245	215.532425	227.67105
"ILMN_2997406"	145.5794125	148.8364625	159.4634125	182.71784375	144.260675	152.69155	139.15418125	178.6904875	159.17185	154.2992875	166.21005625	136.01621875	143.8182375	128.34369375	182.85221875	152.5911625
"ILMN_2732961"	1253.613975	1211.26603125	1069.8680125	1004.4496375	1153.086725	1104.645125	1228.17379375	1044.1645625	1106.1448625	1165.2661875	1040.3397625	1223.86389375	1170.5943	1106.1448625	1136.7809625	1075.377725
"ILMN_2677712"	1052.4328875	1012.87120625	1252.1733875	954.6626875	1745.095625	1140.3004	1213.3972125	913.7848	923.3045875	1237.64559375	871.928325	1086.60641875	1122.48299375	912.53776875	955.69085625	1320.76196875
"ILMN_2706022"	2375.4135	2281.600125	2907.421375	2154.306	2448.833375	2406.897125	2453.9903125	2183.460125	2056.9218125	2432.0701875	2052.1315	2668.906125	2355.1674375	2196.211625	2172.82875	2601.580625
"ILMN_3000318"	3397.958	3463.9809375	2985.4025	3074.407375	3292.12425	3331.7243125	3358.915875	3526.0949375	3331.7243125	3260.6586875	3496.7734375	3422.046375	3658.924875	3436.421625	3397.958	3125.4125
"ILMN_2656071"	487.81764375	497.8212875	482.1791625	576.2538625	509.714725	455.44276875	465.7442	522.96660625	551.6918875	513.18336875	571.6147875	469.928175	552.80308125	477.51089375	504.2750375	549.89674375
"ILMN_2601453"	3712.4661875	3546.5745	3712.4661875	3367.8920625	3177.6788125	3397.958	3409.3478125	3940.2430625	3480.6066875	4137.6650625	3712.4661875	4464.1320625	3331.7243125	3445.8880625	3463.9809375	3682.3524375
"ILMN_2777804"	789.96631875	759.58360625	952.8408625	1181.55914375	693.96675625	736.02556875	782.2742875	1075.377725	1255.287775	906.973	955.69085625	847.2564125	689.3837625	950.49096875	1253.613975	845.59393125
"ILMN_2846865"	2874.069125	3971.043125	2297.81	3307.411375	4479.1653125	4376.21475	4855.10025	3546.5745	3199.676125	2939.1021875	4479.1653125	1588.2665625	4925.7006875	3901.5434375	3883.6430625	3260.6586875
"ILMN_2689426"	83.888324375	77.876983125	371.5558125	113.525858125	808.3092375	82.707756875	91.77513125	109.595425625	110.010455625	328.90161875	87.199884375	100.229693125	104.931365625	100.057215625	99.493893125	254.823675
"ILMN_1248637"	4514.3431875	4166.331375	5920.0250625	6159.7626875	6843.291125	4293.4258125	3862.5035625	6383.8138125	5986.11875	6432.159625	4602.2670625	4410.4075	4577.5029375	4436.122	7228.3994375	5986.11875
"ILMN_1217235"	536.63215625	566.12206875	613.71071875	569.2850875	642.53469375	558.30926875	603.75543125	614.66899375	569.2850875	656.59380625	460.98259375	678.67405625	634.68935625	574.9033	552.80308125	823.80625
"ILMN_1238609"	204.0911625	197.2252125	183.0535	202.7771	178.81230625	204.81031875	217.3990625	226.2570875	202.7771	185.748925	184.49761875	202.05618125	163.41111875	167.96165625	205.07035	208.2482625
"ILMN_1234294"	127.8719875	142.76286875	132.896825	132.7850125	165.34283125	158.3846375	133.379225	144.260675	130.90685	140.2900875	123.5136625	127.1895375	144.86123125	131.3446625	132.30241875	128.2565
"ILMN_2775213"	134.479925	185.43579375	148.0848125	149.02734375	133.31306875	171.50286875	183.40340625	158.1505875	156.10200625	110.27779375	204.95320625	156.89665	142.66521875	162.04371875	133.31306875	117.370764375
"ILMN_2605703"	402.26533125	360.557825	328.90161875	346.35661875	394.19975	373.30499375	346.84835	372.341475	381.22103125	424.62724375	370.48145625	414.83418125	436.96919375	405.04731875	396.6321	420.80611875
"ILMN_2594567"	135.35369375	139.15418125	121.653625	151.58565625	137.88758125	140.2900875	114.928289375	128.020125	154.1588625	140.39288125	143.50841875	161.68011875	129.64690625	160.10634375	151.9914375	159.3464375
"ILMN_2881263"	1695.865	1895.11975	1644.4888125	1408.1082625	1974.2203125	1616.891125	1905.974125	1450.9011875	1351.2752375	1825.6773125	1529.5255625	1864.5806875	1663.08725	1644.4888125	1325.81468125	1549.452
"ILMN_2691832"	271.0086	338.01579375	365.57460625	332.51471875	279.95749375	293.85094375	300.13343125	354.05960625	322.15643125	349.2293625	318.03841875	276.746625	282.668375	325.01405625	302.0011375	349.2293625
"ILMN_3135801"	169.88470625	180.922175	195.500075	194.03785625	169.34339375	148.8364625	199.94305625	183.9246375	197.2252125	198.2266625	187.723625	150.99335625	167.7883625	196.22610625	206.3713125	221.24006875
"ILMN_2637930"	254.823675	241.90995	285.79318125	210.16245625	270.48401875	249.19909375	250.65075	253.16974375	197.96421875	290.319825	208.2482625	245.33235	246.90165	228.82529375	226.2570875	246.22676875
"ILMN_2694463"	126.5154875	126.0942125	126.30664375	116.75566875	113.562564375	104.82532	123.77083125	108.30596375	95.12855375	109.081111875	116.48577125	107.72572	118.084984375	112.3777025	109.821780625	126.6088375
"ILMN_2925281"	4925.7006875	5207.3271875	4452.0114375	3384.2715625	5261.7406875	5691.950125	5630.295	3610.6621875	3384.2715625	4758.6421875	3672.7575	4270.5875	5120.44175	3496.7734375	3409.3478125	5188.1588125
"ILMN_2998406"	393.7152125	431.7225875	414.16425625	399.899675	341.124375	396.1385875	362.3423375	426.63545	411.01455625	363.99298125	464.38098125	448.20770625	363.591075	368.19235625	399.316725	456.45375
"ILMN_2602902"	221.5099	235.25141875	243.64128125	239.0553	222.66893125	251.62058125	278.2667625	260.4962375	280.32616875	306.2683	295.17453125	223.11305	268.257725	294.1801625	294.1801625	253.16974375
"ILMN_2746968"	2070.5778125	2305.095875	2172.82875	2089.5956875	2388.401875	2500.73225	1928.6761875	2243.769375	2042.1346875	2214.44325	2131.0719375	2334.2050625	2288.631	2154.306	2250.7824375	2070.5778125
"ILMN_1217272"	645.18645625	681.12016875	636.204775	646.166675	736.02556875	679.91124375	657.738425	709.30966875	637.1031	765.3852875	669.95110625	663.46655	682.99356875	675.1991125	698.881425	769.2259125
"ILMN_2750789"	917.37219375	884.5102875	941.899225	673.8294125	758.1567625	840.31154375	774.922225	759.58360625	649.74345625	936.561775	750.79295	877.80959375	816.19315625	711.26331875	660.82371875	789.96631875
"ILMN_2760211"	864.630725	989.70889375	849.21829375	784.02243125	764.2097375	1008.09605625	919.02419375	794.63866875	928.73256875	692.932175	1001.36695	970.23390625	841.8968125	1163.75175	800.142025	728.21921875
"ILMN_2925196"	587.55103125	563.63728125	605.86194375	519.32630625	582.72373125	578.27779375	543.97434375	551.0910625	519.32630625	589.33045	462.82	596.8079375	566.12206875	513.72638125	515.00791875	609.015525
"ILMN_2731197"	217.22279375	217.22279375	207.04245	212.2325375	195.7818	214.87245625	221.015275	203.0263	210.5832875	238.31953125	225.56696875	206.3713125	214.87245625	231.4094625	223.72760625	225.56696875
"ILMN_1256019"	17990.79625	17009.528125	18866.55375	11938.2769375	18866.55375	17526.455625	17990.79625	10674.29	9671.8816875	16461.675	9671.8816875	16461.675	13731.0364375	10574.6365	10443.30125	16461.675
"ILMN_2612125"	1111.68751875	1337.96778125	1009.5939125	958.827475	1018.9702	982.52008125	1122.48299375	1114.7287	1075.377725	1104.645125	1413.892925	1061.20106875	1223.86389375	1240.6907125	1111.68751875	1128.48683125
"ILMN_2684075"	117.784730625	141.825175	123.17825	131.0427625	118.9281425	124.61303125	150.78871875	122.93675	150.99335625	144.86123125	156.60838125	127.3510375	133.87325625	170.86271875	158.05190625	127.68379375
"ILMN_1255657"	246.70936875	205.3047125	264.24041875	209.6493125	203.0263	227.67105	192.34130625	204.81031875	208.2482625	228.59040625	231.4094625	247.57271875	195.2914625	239.0553	204.4481	195.500075
"ILMN_2691227"	737.52373125	825.27274375	921.2737875	793.42196875	1011.060025	851.2181625	723.366875	896.56195625	793.42196875	796.67608125	664.2749	874.99784375	732.0853625	572.9692625	724.54374375	796.67608125
"ILMN_2778799"	170.6414875	148.93023125	138.9548125	159.97255	155.432225	153.9696625	165.954875	145.28875625	160.48074375	141.825175	150.34926875	149.64721875	149.48900625	136.61658125	134.66733125	136.10575625
"ILMN_1233478"	260.4962375	240.45228125	272.79385	294.61255625	266.54350625	271.0086	261.69506875	276.421125	255.90626875	270.48401875	269.54261875	273.60645	236.95804375	273.0291875	289.026225	238.7891375
"ILMN_2700425"	270.48401875	304.13445625	297.66561875	303.5227625	350.950725	310.557075	284.07173125	329.3921125	332.51471875	286.13239375	356.66225625	338.969875	371.001275	313.27270625	341.124375	321.82924375
"ILMN_2616180"	140.2900875	156.2078125	131.27735	140.2900875	142.9232375	141.5911125	172.70298125	180.3295625	158.53173125	156.99936875	170.992825	142.9232375	173.61805	179.79511875	129.10061875	142.114375
"ILMN_1245322"	92.6912025	101.03895	108.159053125	109.976179375	126.8687375	93.50245125	94.05565125	111.05283625	128.2565	106.984139375	112.3444475	109.031705	123.5136625	115.45249	127.28783125	113.525858125
"ILMN_2660056"	184.0525875	183.9246375	214.13316875	185.88055	194.767025	213.04775625	205.81603125	230.76646875	210.16245625	205.07035	218.5558625	190.26230625	204.23965625	241.2465625	246.90165	278.2667625
"ILMN_1244077"	516.35701875	486.43069375	392.65998125	378.71825625	333.580125	459.588925	525.57068125	335.0616875	383.67525	422.1692375	403.4728625	439.20473125	465.7442	465.2150125	358.44570625	355.68825625
"ILMN_2912439"	2281.600125	2397.767	2143.6614375	2238.6796875	2313.56925	2334.2050625	2112.8919375	2272.8855	2070.5778125	2238.6796875	2105.115125	2183.460125	2214.44325	2112.8919375	1968.7001875	2033.06075
"ILMN_2799351"	277.7191375	334.64200625	229.5596375	316.0292125	173.4603	312.7451875	311.04498125	287.6191125	396.1385875	286.44878125	387.961875	275.47909375	307.1202375	357.10310625	325.79024375	265.969925
"ILMN_1214517"	489.587425	595.21409375	538.40756875	668.6408375	528.659375	589.33045	490.5482625	695.1960625	579.95534375	603.75543125	584.78806875	545.7415125	494.73205	566.12206875	625.94640625	571.6147875
"ILMN_2681001"	428.2162625	481.47731875	403.4728625	330.6628875	478.98810625	488.60263125	487.0973125	328.285625	344.2023125	480.16580625	478.98810625	456.45375	527.07400625	379.33124375	387.2671875	362.3423375
"ILMN_1240165"	870.534625	803.50789375	833.42680625	944.894575	898.38510625	1188.904225	917.37219375	838.49383125	1006.592375	814.58774375	984.3163125	1085.4797875	984.3163125	946.97265625	847.2564125	924.4569875
"ILMN_2622829"	1635.846125	1638.406375	1665.832375	1741.11475	1642.0229375	1658.9980625	1761.7409375	1408.1082625	1436.6275	1644.4888125	1467.699125	1668.6805625	1541.624625	1491.8528125	1495.75775	1588.2665625
"ILMN_1234139"	1521.487125	1571.518	1723.53475	1778.81175	1408.1082625	1523.2851875	1510.2215	1773.0195	1790.375375	1672.5034375	1758.3530625	1574.8205625	1345.5829875	1635.846125	1723.53475	1753.9889375
"ILMN_2645981"	131.80700625	168.80715	128.71798125	129.10061875	108.159053125	127.9695	158.1505875	118.544265	130.19934375	144.7298375	133.76694375	140.2900875	139.9945375	143.07578125	135.00350625	125.46033125
"ILMN_1212632"	138.0079125	132.4609	130.53025625	134.479925	123.5136625	105.466215	128.34369375	145.5794125	140.97510625	129.10061875	120.51551125	144.38583125	123.0109875	113.0331475	136.704875	112.680161875
"ILMN_2628658"	287.144725	295.17453125	284.58690625	223.11305	381.22103125	267.9434	320.69589375	219.13505625	221.7632625	300.51006875	205.81603125	305.74060625	311.04498125	211.57503125	218.7287625	326.28495625
"ILMN_2624977"	176.31839375	177.7439375	215.532425	189.26159375	148.8364625	149.87991875	128.020125	166.21005625	178.14129375	161.43203125	182.548525	180.01171875	158.2587875	183.64101875	183.22048125	172.23488125
"ILMN_2749382"	521.16900625	524.4077875	589.33045	636.204775	570.62875	520.452825	469.928175	569.9199	501.45809375	603.07173125	588.53715	559.57819375	507.30178125	510.5569375	631.9964875	600.22399375
"ILMN_2684397"	152.5911625	147.32380625	130.19934375	126.7113625	137.077675	132.7850125	164.74565625	142.83349375	144.9504375	148.21475	130.09806875	162.286325	175.28598125	160.6173125	131.43111875	138.2094375
"ILMN_2614728"	6716.896125	7460.845875	6627.1081875	5791.554125	5720.023125	6159.7626875	7037.2719375	7411.148625	6961.1408125	5720.023125	6136.195875	7037.2719375	6059.90325	6159.7626875	6474.592	7535.8325625
"ILMN_2972403"	123.83503125	128.92178125	137.59983125	136.52760625	128.71798125	119.825093125	158.86419375	129.44345	152.22359375	136.61658125	108.159053125	138.33310625	112.7672725	128.162825	137.35951875	149.1243125
"ILMN_3143557"	1758.3530625	2029.4189375	2250.7824375	1707.034625	2272.8855	1952.964125	1663.08725	1802.7274375	1635.846125	2288.631	1223.86389375	1758.3530625	1751.0855	1501.8286875	1577.917625	1786.308875
"ILMN_2638061"	809.68798125	840.31154375	851.2181625	711.26331875	1086.60641875	902.21253125	1056.7428375	698.881425	628.2296125	852.3978375	765.3852875	777.837775	805.97924375	691.70765625	785.55970625	780.5475
"ILMN_2949844"	585.82873125	596.8079375	499.01070625	647.28489375	505.60308125	677.79639375	646.166675	607.033175	505.60308125	568.67436875	744.27988125	551.0910625	560.8079	661.9242375	609.015525	597.95865625
"ILMN_2748837"	26401.904375	26401.904375	28088.250625	24643.0425	26401.904375	28088.250625	26401.904375	24643.0425	25477.855	28088.250625	27148.123125	25477.855	28088.250625	27148.123125	26401.904375	27148.123125
"ILMN_2685507"	1114.7287	1133.0493375	821.9814125	1073.825075	1028.2021375	1208.95903125	1128.48683125	1109.27059375	989.70889375	991.49634375	1272.7707375	1031.5182875	1142.3346125	1318.1725625	1093.05636875	913.7848
"ILMN_2640348"	830.115225	656.59380625	766.57840625	838.49383125	782.2742875	796.67608125	830.115225	799.0163375	934.93573125	756.18793125	841.8968125	765.3852875	868.936125	934.93573125	864.630725	765.3852875
"ILMN_3058640"	101.015840625	116.87479875	109.549266875	113.33778875	132.205225	120.324115625	125.805925	117.162448125	118.23729375	123.67819375	124.85291875	135.53380625	106.897774375	132.10626875	119.43970125	125.0597375
"ILMN_2630827"	205.3047125	214.999475	191.9776875	205.534625	224.416875	212.2325375	238.0985	215.532425	246.43791875	212.77806875	177.622125	205.3047125	194.44226875	203.529425	222.10299375	193.07526875
"ILMN_2699294"	3901.5434375	3641.0309375	3572.0115	3853.270625	3526.0949375	4239.0556875	3508.3631875	3397.958	3953.748625	3546.5745	3508.3631875	4183.4475625	3920.65875	3658.924875	3757.6965625	4036.32475
"ILMN_2955214"	4239.0556875	3901.5434375	4166.331375	4530.4624375	4834.3839375	4642.1986875	4490.201	4315.6864375	4619.5934375	4410.4075	4239.0556875	4490.201	4293.4258125	4100.9669375	4735.2788125	4479.1653125
"ILMN_2761273"	519.32630625	623.59819375	513.72638125	492.8494125	469.40995625	470.87679375	513.18336875	478.98810625	492.8494125	544.86930625	513.72638125	522.96660625	487.0973125	490.5482625	459.588925	370.48145625
"ILMN_1242790"	12621.3100625	12309.0020625	12469.35875	10724.79525	11659.052625	12309.0020625	11818.927875	10958.433125	10674.29	11495.6474375	12776.28325	12195.6165625	12776.28325	12469.35875	11818.927875	11659.052625
"ILMN_3004177"	180.01171875	178.81230625	176.7156375	162.17669375	205.81603125	167.6349875	171.38676875	140.8878375	151.39938125	132.00056875	157.83153125	195.2914625	208.02386875	169.34339375	167.203	182.32083125
"ILMN_1377923"	16461.675	17526.455625	14431.91	17526.455625	15312.959375	16461.675	18866.55375	17990.79625	19253.191875	18650.413125	20822.085625	16150.026875	19253.191875	19803.4675	19803.4675	18650.413125
"ILMN_1248367"	868.936125	946.97265625	809.68798125	718.119375	666.30194375	987.84588125	812.9982	629.7449375	603.75543125	465.2150125	1042.23654375	1151.43849375	840.31154375	851.2181625	713.79743125	405.04731875
"ILMN_1252243"	452.3838625	402.7885	439.64811875	373.30499375	456.45375	468.20624375	454.602775	378.71825625	399.316725	491.6045875	366.8749875	478.98810625	509.714725	322.65033125	411.01455625	534.31181875
"ILMN_2896976"	138.60301875	93.44218875	105.466215	117.229330625	97.423131875	117.29396875	135.42206875	120.931299375	123.0109875	125.36169375	110.010455625	129.8790875	145.28875625	132.4016625	121.52119	121.37270625
"ILMN_3094886"	154.88060625	134.3977375	156.10200625	137.2026125	158.1505875	145.3389	150.8607	129.8790875	132.53908125	149.3582875	161.81215625	149.79191875	121.17253375	148.0848125	145.3389	154.66928125
"ILMN_2829604"	114.643075	101.975290625	91.191428125	95.51638125	115.9625425	125.31658125	117.162448125	100.422220625	97.0718975	106.191794375	126.96625625	118.805108125	113.638276875	131.43111875	108.689604375	96.198616875
"ILMN_3144984"	318.36661875	322.65033125	433.41804375	416.5290125	375.74753125	354.05960625	324.59301875	355.19934375	370.48145625	402.26533125	413.6796125	333.580125	313.732625	372.341475	361.06348125	265.53608125
"ILMN_2980044"	1170.5943	1126.81623125	1366.5811	1315.989225	1240.6907125	1217.59461875	1163.75175	1138.93230625	1262.084325	1252.1733875	1054.36065625	962.9292375	1073.825075	1255.287775	1286.1005125	1042.23654375
"ILMN_2752597"	153.1769625	133.43806875	131.66101875	136.01621875	150.51230625	123.5136625	145.5794125	122.195053125	114.42555875	121.048245	142.3656125	133.31306875	122.41531875	119.53205625	136.24591875	132.4016625
"ILMN_2683283"	1308.2683375	1290.79334375	1495.75775	1237.64559375	1331.98633125	1253.613975	1117.5936875	1249.51303125	1191.72529375	1286.1005125	1101.2866	1213.3972125	1075.377725	1098.48106875	1098.48106875	1183.2926625
"ILMN_2692986"	565.08385	594.5953875	590.2830875	592.42118125	530.13569375	582.72373125	535.7323125	620.669025	500.1246625	558.30926875	661.9242375	519.32630625	624.54245	639.4019375	569.2850875	559.57819375
"ILMN_2643723"	973.91274375	964.61938125	910.37574375	811.4076125	1085.4797875	926.7802875	1042.23654375	852.3978375	884.5102875	1031.5182875	882.26715625	993.2954125	1040.3397625	780.5475	948.13583125	1054.36065625
"ILMN_2647820"	114.97474375	110.5282575	99.99417625	100.5552075	129.64690625	110.701926875	123.29315	124.417475	121.653625	121.809210625	111.7973125	119.43970125	140.2900875	124.97909375	117.65351375	111.087913125
"ILMN_1252373"	336.88030625	279.61274375	293.85094375	310.557075	267.9434	299.838875	248.03146875	300.13343125	275.04995	250.930975	255.342925	329.3921125	293.02445625	214.87245625	292.4938	361.62028125
"ILMN_2815545"	986.313625	937.8576625	1119.3327375	1011.060025	978.4476	928.73256875	1052.4328875	987.84588125	1042.23654375	1146.39284375	980.6937	1004.4496375	999.8791	1021.62443125	982.52008125	1014.6464
"ILMN_2732190"	2758.6666875	2838.8095625	2850.1111875	3144.962875	2154.306	2468.7893125	2522.957375	3177.6788125	3292.12425	2816.5711875	3307.411375	2758.6666875	2568.4504375	3323.130125	3343.45	2608.4428125
"ILMN_2619491"	257.63335	263.5487875	240.04690625	251.9778875	273.0291875	243.64128125	289.4902375	253.8598	320.96831875	249.460775	273.0291875	243.64128125	269.9254375	315.527125	302.9173875	297.20371875
"ILMN_2689540"	198.537425	196.22610625	198.73825	193.07526875	213.04775625	198.986275	213.7162125	178.5243375	195.500075	176.7156375	219.43544375	178.5243375	184.0525875	201.62113125	185.59075	188.0836
"ILMN_2761046"	1249.51303125	820.2931	1523.2851875	1366.5811	1544.4166875	1389.53755625	724.54374375	1355.16958125	1231.54114375	1399.6960125	692.932175	1369.38539375	1111.68751875	741.15223125	1539.848	1228.17379375
"ILMN_1246221"	113.415215	95.4291	122.7133125	109.37994875	105.0368925	115.0698675	109.3440175	122.6171375	124.50436875	102.8892825	113.089596875	106.05800125	108.480956875	133.31306875	109.37994875	132.10626875
"ILMN_2705655"	377.57789375	392.08263125	425.43803125	365.57460625	402.7885	413.1436125	422.1692375	397.36328125	454.602775	428.86770625	389.97513125	368.69168125	476.1185375	413.6796125	402.26533125	463.44099375
"ILMN_2761082"	180.15525625	162.6555875	155.31084375	129.64690625	164.3968125	143.8182375	168.585275	140.0592625	137.3024375	159.0277875	151.7113	143.07578125	194.2015	158.1505875	123.61475625	151.8665125
"ILMN_2604358"	232.98231875	233.4838625	249.77924375	292.4938	213.347025	250.2519625	215.532425	232.98231875	218.88428125	252.4631	250.2519625	243.336	257.3934125	261.23531875	219.84864375	249.77924375
"ILMN_2680128"	835.00675625	567.74288125	791.96815625	364.36604375	774.922225	954.6626875	896.56195625	293.85094375	404.7403875	772.78075625	312.35949375	430.1853875	768.13921875	403.4728625	345.38940625	745.71349375
"ILMN_3147944"	884.5102875	903.982275	912.53776875	1144.45039375	900.229325	833.42680625	1069.8680125	1073.825075	1077.30364375	794.63866875	1172.722225	1018.9702	1023.44788125	993.2954125	1130.81324375	807.2088
"ILMN_2848163"	7630.668	9249.246625	7460.845875	10333.5746875	7110.6441875	8355.2378125	8031.7658125	10210.935875	10724.79525	7984.2996875	9972.20525	8729.9628125	8420.7889375	9413.28375	9249.246625	7460.845875
"ILMN_2821158"	152.22359375	137.74104375	128.34369375	124.55214375	125.6313	156.10200625	141.825175	134.66733125	126.2334375	134.3977375	144.9504375	145.5794125	112.83226375	139.9945375	105.53290375	137.88758125
"ILMN_1225859"	198.2266625	181.0369875	205.81603125	219.43544375	214.13316875	239.731575	182.32083125	194.44226875	182.85221875	187.17769375	186.66923125	192.34130625	202.5795125	195.7818	186.66923125	199.67699375
"ILMN_1234054"	231.4094625	233.2049125	246.22676875	228.82529375	192.157875	231.68000625	201.62113125	218.25731875	222.9096625	254.36886875	216.1693125	241.2465625	212.2325375	171.22390625	201.08705	266.98208125
"ILMN_1219077"	1565.7745625	1625.73425	1348.860525	1392.73844375	1042.23654375	1546.757625	1737.21975	1320.76196875	1663.08725	1167.6394625	1654.4488125	1665.832375	1703.268	1790.375375	1505.6170625	1174.17459375
"ILMN_2524776"	284.07173125	283.540325	242.38879375	286.44878125	257.63335	287.6191125	319.932875	246.70936875	289.4902375	277.15685625	261.23531875	257.63335	243.64128125	293.85094375	271.0086	267.9434
"ILMN_2752497"	259.83235	259.83235	248.03146875	214.63416875	286.81030625	255.90626875	234.86673125	284.07173125	265.15980625	271.68064375	211.1658125	241.740075	203.529425	221.015275	215.26519375	226.68588125
"ILMN_2750842"	249.77924375	289.026225	228.82529375	289.4902375	300.51006875	259.10294375	242.38879375	233.86650625	288.4541	236.61770625	233.4838625	257.83005	216.1693125	221.7632625	315.527125	253.8598
"ILMN_3158565"	4544.1546875	6292.2961875	4799.889	3940.2430625	4799.889	4819.3668125	6474.592	3741.448875	4514.3431875	4667.497625	6383.8138125	4819.3668125	5824.636	6332.6618125	4100.9669375	5207.3271875
"ILMN_2482896"	153.8393625	115.143828125	142.83349375	132.00056875	138.8329125	146.35961875	127.72565625	159.17185	174.510375	163.2424375	138.39070625	146.9285625	132.53908125	139.64135625	165.954875	139.9945375
"ILMN_2625854"	2063.82525	1859.51175	1909.405	1933.3263125	1968.7001875	1737.21975	2042.1346875	2383.1305	2264.731375	1781.5615	2164.478	1648.387625	1933.3263125	2063.82525	2029.4189375	1657.091625
"ILMN_2825905"	171.38676875	191.8118125	182.548525	184.0525875	183.0535	208.614425	159.17185	186.82786875	161.81215625	160.23875	191.631825	182.32083125	210.5832875	219.13505625	144.38583125	191.9776875
"ILMN_1232235"	238.0985	235.79373125	266.54350625	227.120325	231.05068125	231.4094625	244.98325	188.93926875	213.7162125	236.95804375	220.8166125	240.2466625	250.01338125	206.64905625	198.73825	227.120325
"ILMN_2725466"	359.38050625	346.35661875	369.6460875	337.48220625	345.7649375	381.63321875	296.50191875	384.946275	359.99755625	335.95439375	365.182425	289.80645	353.62091875	329.3921125	392.08263125	318.36661875
"ILMN_2590917"	138.70476875	143.8182375	126.79658125	124.34335625	114.11353375	145.674675	136.01621875	130.45783125	115.3052825	130.90685	150.64725625	133.6731375	114.30433375	130.19934375	127.80019375	128.92178125
"ILMN_3105117"	143.07578125	122.50006875	136.98565	125.88055625	145.45378125	142.249075	111.844568125	135.71329375	129.03165	136.704875	129.44345	121.580483125	120.324115625	123.77083125	127.09165	158.2587875
"ILMN_1245872"	394.19975	383.67525	361.62028125	421.34460625	431.16281875	382.95286875	397.36328125	422.1692375	485.53976875	385.60209375	454.602775	330.25861875	381.63321875	446.23766875	425.43803125	313.732625
"ILMN_3021272"	143.20033125	141.68094375	142.9232375	145.898675	137.59983125	177.13383125	134.3977375	137.3024375	138.70476875	162.286325	155.127325	159.81698125	154.42223125	117.29396875	135.2270875	158.05190625
"ILMN_2843403"	179.79511875	186.66923125	179.79511875	152.7839	188.73664375	182.10419375	185.88055	161.43203125	136.4538875	168.20095	133.56350625	167.33055625	157.83153125	147.05875	153.34843125	164.74565625
"ILMN_2734181"	2476.998875	2369.0618125	2432.0701875	1919.0003125	2250.7824375	2541.381	2214.44325	1948.114	1884.99275	2355.1674375	2016.9168125	2533.3731875	2432.0701875	2089.5956875	1868.818125	2369.0618125
"ILMN_1223335"	2105.115125	2800.7055	1895.11975	2838.8095625	2601.580625	1944.8068125	2533.3731875	2827.8411875	3275.2453125	2098.2055	2881.650875	1553.0540625	2264.731375	3343.45	2731.420875	1577.917625
"ILMN_1258449"	3658.924875	3672.7575	3232.3765	3186.193375	3092.283875	3018.412625	3953.748625	2781.58875	3114.975	3770.3874375	3728.71325	3920.65875	3572.0115	3592.45975	3031.3415	3658.924875
"ILMN_2651496"	141.10776875	128.63870625	128.2565	144.9504375	141.5911125	133.43806875	113.638276875	109.780618125	107.3906325	122.93675	113.562564375	124.97909375	114.11353375	133.87325625	131.80700625	127.1895375
"ILMN_2833587"	168.20095	141.90628125	140.39288125	139.87195625	171.83655	160.23875	153.8393625	114.754201875	145.79421875	144.9504375	152.90356875	127.68379375	162.80370625	152.7839	146.35961875	186.82786875
"ILMN_2745433"	1067.32936875	1163.75175	1008.09605625	1140.3004	989.70889375	1018.9702	1194.77774375	1102.75900625	1284.59764375	952.8408625	1323.73580625	1215.46968125	1247.6153875	1247.6153875	1047.83524375	1047.83524375
"ILMN_2973024"	418.11000625	388.98266875	369.0737	402.7885	381.63321875	417.2681625	363.591075	398.285625	386.81351875	378.12289375	357.10310625	393.157475	416.5290125	362.90645625	441.35880625	406.94613125
"ILMN_1251301"	631.9964875	541.8511625	603.07173125	586.82305	567.74288125	630.68256875	549.89674375	520.452825	564.21346875	567.0161125	591.56195625	601.77260625	625.94640625	634.68935625	541.8511625	610.8717375
"ILMN_2752234"	1023.44788125	973.91274375	1144.45039375	1133.0493375	933.34199375	915.24975	957.3368875	1009.5939125	954.6626875	1021.62443125	976.8693625	1082.09006875	889.0091875	1025.50926875	989.70889375	873.73599375
"ILMN_1227212"	2593.7214375	2624.439625	2881.650875	2228.328875	2500.73225	2491.2391875	2618.0886875	2618.0886875	2313.56925	3409.3478125	1793.433875	2243.769375	2522.957375	2325.05	2313.56925	3331.7243125
"ILMN_2680142"	4376.21475	4902.6641875	4224.2954375	3901.5434375	4544.1546875	4452.0114375	4951.3425625	3971.043125	3658.924875	4619.5934375	4925.7006875	4115.4703125	4436.122	4344.53675	3996.876	4642.1986875
"ILMN_1245489"	785.55970625	690.38670625	665.2559875	912.53776875	741.15223125	730.96755	758.1567625	930.27695625	889.0091875	748.15424375	1014.6464	772.78075625	894.35590625	882.26715625	926.7802875	756.18793125
"ILMN_2916782"	126.0942125	111.979923125	119.7339625	135.35369375	131.49894375	112.21845	106.85326625	135.92853125	141.68094375	146.9285625	118.805108125	120.6277775	139.28285	137.2026125	134.89306875	169.214
"ILMN_3160507"	220.8166125	222.42536875	244.12235625	422.1692375	162.286325	186.01159375	186.01159375	414.83418125	426.13363125	239.731575	441.35880625	285.20514375	184.88224375	431.16281875	463.44099375	216.99501875
"ILMN_2745354"	197.2252125	178.96955	186.2141625	216.99501875	212.036425	210.16245625	250.2519625	190.76133125	197.75609375	217.59455	221.24006875	202.26374375	222.42536875	202.05618125	180.922175	190.9587625
"ILMN_1240839"	128.34369375	138.8329125	130.09806875	114.42555875	125.88055625	127.3510375	125.9750625	115.50622375	106.797685625	113.15592625	117.515893125	115.3052825	105.21574625	130.45783125	119.609384375	131.3446625
"ILMN_1217403"	174.29655	153.038975	182.32083125	184.75475625	197.75609375	206.84325	173.37554375	213.93013125	168.585275	184.27898125	169.34339375	191.9776875	161.43203125	194.44226875	196.22610625	194.767025
"ILMN_1252195"	331.1162875	328.90161875	296.89524375	400.818975	241.0027875	303.2110375	361.62028125	365.182425	377.57789375	347.2855875	409.2603125	302.4367625	388.98266875	415.8145375	409.6476375	320.83210625
"ILMN_2615448"	164.552225	160.77475625	144.86123125	148.33931875	168.585275	156.38801875	147.8156375	148.7124	129.30451875	176.31839375	151.58565625	152.7839	169.65194375	171.83655	133.379225	146.828925
"ILMN_2888375"	176.12585	188.93926875	199.27065	198.537425	193.5339875	215.532425	196.22610625	155.0321	175.98158125	204.81031875	229.88585625	176.8443625	205.534625	164.552225	180.70965	236.130475
"ILMN_2647669"	186.82786875	232.98231875	180.922175	207.70706875	240.692075	197.2252125	207.45166875	203.16753125	205.534625	193.3669875	221.5099	231.05068125	200.4274125	240.692075	244.98325	221.5099
"ILMN_2687854"	261.69506875	275.47909375	295.17453125	295.67068125	236.95804375	251.9778875	235.79373125	278.2667625	291.3637	266.98208125	318.857075	268.257725	255.71478125	289.80645	286.13239375	242.168325
"ILMN_2524404"	293.02445625	337.48220625	324.18878125	300.13343125	373.30499375	362.90645625	290.319825	281.8167875	311.04498125	305.74060625	299.09469375	351.55851875	249.460775	275.04995	284.58690625	306.74313125
"ILMN_2594718"	1042.23654375	1035.2212625	1028.2021375	877.80959375	823.80625	1014.6464	1065.40696875	921.2737875	882.26715625	1004.4496375	987.84588125	1042.23654375	1082.09006875	1123.47035	836.24015	1035.2212625
"ILMN_3162224"	2838.8095625	3018.412625	2827.8411875	2593.7214375	2928.994125	2939.1021875	2955.6293125	2710.1726875	3125.4125	2975.30275	2907.421375	2681.920625	2928.994125	2850.1111875	2874.069125	2916.3459375
"ILMN_2869139"	250.2519625	246.22676875	239.0553	264.8414125	261.69506875	265.53608125	218.88428125	239.0553	292.0348375	243.64128125	258.45333125	228.59040625	237.7202375	251.9778875	241.740075	212.77806875
"ILMN_2660028"	567.0161125	538.40756875	654.93716875	570.62875	668.6408375	574.9033	530.13569375	574.9033	588.53715	634.68935625	453.55994375	461.81859375	521.16900625	560.8079	610.8717375	510.5569375
"ILMN_2999447"	1426.63413125	1405.39675625	1208.95903125	1342.66180625	1325.81468125	1142.3346125	1203.07131875	1286.1005125	1395.78575	1410.221575	1610.26175	1065.40696875	1301.79445	1413.892925	1382.81021875	1311.92510625
"ILMN_2682865"	425.43803125	367.22568125	409.2603125	452.3838625	389.59186875	424.62724375	390.72719375	508.66270625	424.62724375	468.20624375	439.64811875	467.39164375	389.97513125	412.55158125	450.09990625	421.34460625
"ILMN_2960474"	715.03693125	749.09235	752.23520625	692.932175	913.7848	766.57840625	787.17976875	625.94640625	633.27214375	768.13921875	536.63215625	748.15424375	687.17316875	733.7992	603.07173125	706.28880625
"ILMN_2863837"	910.37574375	791.96815625	668.6408375	687.17316875	664.2749	890.8846625	829.02494375	750.79295	906.973	787.17976875	722.33518125	898.38510625	1045.9207875	747.19006875	710.4593125	1001.36695
"ILMN_1226238"	507.30178125	428.86770625	480.9888125	507.30178125	467.39164375	527.93001875	488.60263125	567.74288125	523.6465625	445.80331875	489.587425	457.2691	514.343425	476.1185375	507.30178125	494.18310625
"ILMN_2692554"	2681.920625	2608.4428125	2698.729	2890.73225	2056.9218125	2514.93025	2397.767	3031.3415	2850.1111875	2601.580625	2939.1021875	2313.56925	2238.6796875	2890.73225	2624.439625	2406.897125
"ILMN_2737374"	5100.66625	5432.2115	5390.3065625	5390.3065625	5432.2115	5366.7633125	5100.66625	5188.1588125	5559.051625	5458.565	5035.313	5100.66625	5261.7406875	5035.313	5390.3065625	4758.6421875
"ILMN_2965612"	149.64721875	157.9106125	113.15592625	143.07578125	100.117196875	151.29939375	151.9914375	111.4405175	117.370764375	125.46033125	140.97510625	170.04654375	142.0322125	145.45378125	121.809210625	127.537025
"ILMN_2744228"	163.58553125	157.42939375	158.53173125	181.43729375	199.52053125	150.78871875	159.69138125	152.1062	164.552225	153.8393625	135.35369375	173.4603	172.70298125	168.80715	172.353225	157.83153125
"ILMN_1225552"	749.09235	896.56195625	774.922225	816.19315625	675.1991125	800.142025	844.16524375	723.366875	836.24015	753.64794375	788.81949375	851.2181625	852.3978375	863.1886875	749.09235	905.5100875
"ILMN_3153614"	1952.964125	2013.110125	1712.4669375	1937.256125	1873.4655625	2029.4189375	1968.7001875	1832.8898125	1880.222375	1719.596	2196.211625	1944.8068125	2089.5956875	2258.226875	1895.11975	1751.0855
"ILMN_1242066"	3064.3103125	2890.73225	3463.9809375	3397.958	3343.45	3081.9745625	2939.1021875	3367.8920625	3177.6788125	3007.439625	3186.193375	3275.2453125	2975.30275	2792.5048125	3199.676125	3367.8920625
"ILMN_1213531"	7460.845875	6997.7991875	7110.6441875	8420.7889375	6666.436625	7591.974125	7228.3994375	8031.7658125	8420.7889375	7332.76175	8420.7889375	7411.148625	7790.514875	8729.9628125	8355.2378125	7591.974125
"ILMN_2666864"	155.0321	138.60301875	178.5243375	143.6057375	151.8665125	149.99069375	142.66521875	144.00685625	141.49523125	171.83655	160.37689375	153.34843125	115.70334	160.48074375	146.0064625	132.30241875
"ILMN_2699367"	151.9914375	140.599075	142.114375	145.28875625	177.13383125	172.70298125	150.51230625	164.19486875	180.70965	147.8156375	157.56325625	165.765375	170.86271875	136.704875	148.0848125	148.21475
"ILMN_1252963"	233.70659375	255.90626875	238.0985	279.0067375	269.54261875	249.460775	271.0086	280.32616875	278.67450625	243.86538125	288.4541	229.10846875	245.33235	271.68064375	281.32585625	236.39815625
"ILMN_1240770"	2631.082625	2355.1674375	2491.2391875	2631.082625	2098.2055	2601.580625	2325.05	2681.920625	2721.8628125	2522.957375	3007.439625	2608.4428125	2313.56925	2375.4135	2928.994125	2383.1305
"ILMN_2654568"	269.54261875	264.8414125	281.8167875	284.58690625	263.5487875	269.31935625	274.6481375	242.38879375	240.692075	264.523	257.83005	238.7891375	250.930975	236.95804375	261.23531875	269.54261875
"ILMN_2707198"	890.8846625	821.9814125	724.54374375	701.97584375	908.8836125	934.93573125	975.55876875	692.932175	673.8294125	867.3996875	569.2850875	803.50789375	930.27695625	645.18645625	594.5953875	768.13921875
"ILMN_1223102"	218.25731875	224.416875	167.6349875	198.986275	232.463875	190.51620625	173.4603	201.32313125	154.42223125	193.7898875	159.4634125	236.95804375	199.94305625	199.52053125	202.5795125	211.57503125
"ILMN_1242542"	124.76700625	123.77083125	128.44940625	133.76694375	122.245771875	110.410105	146.47023125	113.846940625	130.28583125	126.96625625	123.77083125	117.11431625	129.10061875	141.90628125	137.74104375	137.5014625
"ILMN_2646138"	5630.295	6159.7626875	5630.295	6059.90325	6332.6618125	5762.73775	6383.8138125	5531.992	5885.3009375	6136.195875	6666.436625	5501.0839375	6136.195875	6520.82825	6015.1349375	6059.90325
"ILMN_3154231"	669.95110625	697.11445625	764.2097375	640.49278125	659.09488125	666.30194375	609.015525	654.93716875	597.95865625	663.46655	600.22399375	669.95110625	562.62983125	577.3044	553.6983625	613.71071875
"ILMN_2650106"	8994.49525	7935.557625	8907.919	6716.896125	6753.8141875	8907.919	9598.34675	7073.02275	7110.6441875	7287.4495625	7935.557625	9671.8816875	8907.919	8031.7658125	7037.2719375	7935.557625
"ILMN_1258394"	2264.731375	1937.256125	1781.5615	1825.6773125	2029.4189375	2183.460125	2098.2055	1712.4669375	1937.256125	1933.3263125	1944.8068125	2238.6796875	2143.6614375	2158.863875	1836.85825	2112.8919375
"ILMN_2904961"	3307.411375	3409.3478125	3583.1270625	3658.924875	3971.043125	3177.6788125	3343.45	3592.45975	3397.958	4082.71825	3534.9343125	3104.4561875	3770.3874375	3282.743375	3367.8920625	3307.411375
"ILMN_2650266"	231.68000625	211.1658125	149.99069375	159.56865625	178.14129375	239.0553	224.07854375	119.956154375	173.1835875	191.9776875	205.534625	244.98325	237.210825	190.08255	154.2992875	155.57271875
"ILMN_2619408"	110.977543125	174.29655	179.673275	140.39288125	213.93013125	87.72433625	209.32098125	142.9232375	147.39860625	180.15525625	134.2687625	110.057823125	129.03165	129.7814125	140.39288125	204.0911625
"ILMN_1256488"	1286.1005125	1247.6153875	1337.96778125	1130.81324375	1098.48106875	1320.76196875	1126.81623125	1215.46968125	1220.88975625	1073.825075	1167.6394625	1535.9275625	1217.59461875	1357.73449375	1217.59461875	1194.77774375
"ILMN_2606470"	10210.935875	10443.30125	11408.793	13983.2231875	8907.919	10060.255125	8834.2650625	12961.611375	13731.0364375	10443.30125	11065.510875	11408.793	9169.2155	11065.510875	12776.28325	9598.34675
"ILMN_2621909"	1188.904225	1102.75900625	1237.64559375	1331.98633125	1071.30986875	1122.48299375	1106.1448625	1405.39675625	1593.675875	1205.7586875	1237.64559375	1176.1765125	1183.2926625	1226.33259375	1228.17379375	1252.1733875
"ILMN_1253682"	272.79385	298.81056875	305.74060625	318.857075	337.48220625	335.0616875	340.10790625	298.81056875	289.026225	304.5775125	373.30499375	264.523	271.0086	314.987925	285.79318125	291.3637
"ILMN_1216182"	143.37633125	158.2587875	175.28598125	147.05875	150.78871875	178.81230625	151.39938125	151.7113	164.74565625	154.42223125	162.04371875	156.60838125	158.05190625	155.31084375	168.20095	152.1062
"ILMN_1255898"	503.5053625	430.1853875	453.55994375	398.8783375	533.3672125	413.6796125	452.3838625	402.7885	338.969875	526.3651125	358.44570625	338.47830625	408.5570375	449.41195625	487.81764375	457.2691
"ILMN_1252760"	1228.17379375	1249.51303125	1200.59594375	1016.11661875	1382.81021875	1244.2882125	1275.825625	1111.68751875	1065.40696875	1140.3004	999.8791	1318.1725625	1505.6170625	1167.6394625	1083.9575	1247.6153875
"ILMN_2685023"	126.8687375	108.159053125	136.704875	129.03165	101.54980625	141.90628125	126.96625625	108.6479925	142.3656125	117.440628125	114.012673125	113.638276875	136.10575625	109.22851625	126.96625625	109.22851625
"ILMN_2952098"	149.87991875	139.41925	154.88060625	161.68011875	194.03785625	152.7839	153.5859125	162.6555875	136.10575625	131.43111875	154.2992875	138.493975	166.5747125	121.809210625	142.114375	120.24917875
"ILMN_1228208"	131.91349375	139.64135625	112.075176875	123.5136625	97.510411875	109.19637	116.08336	133.14736875	118.805108125	111.496716875	100.841723125	103.526888125	126.0942125	120.079114375	113.638276875	125.31658125
"ILMN_1259252"	177.977475	217.59455	218.7287625	180.01171875	200.89800625	237.44534375	193.3669875	235.79373125	208.8861375	233.2049125	165.4697625	194.641925	209.32098125	286.44878125	241.0027875	271.0086
"ILMN_2746421"	497.8212875	523.6465625	453.05573125	455.44276875	503.5053625	469.40995625	548.38800625	539.54431875	607.033175	487.0973125	624.54245	564.21346875	555.743425	603.07173125	563.63728125	513.72638125
"ILMN_1222637"	3049.8525625	2975.30275	2809.6363125	2800.7055	3199.676125	3064.3103125	2907.421375	3007.439625	3155.7905625	2998.837625	3041.47075	2916.3459375	3134.3626875	3074.407375	3134.3626875	2850.1111875
"ILMN_1228094"	216.40799375	185.25490625	138.8329125	181.98435	174.510375	199.94305625	167.33055625	182.10419375	193.07526875	180.922175	197.56828125	173.04038125	231.99835625	195.13283125	230.4721	171.50286875
"ILMN_1255780"	113.69159375	125.21433125	121.24155375	132.698425	141.825175	136.10575625	122.062223125	112.724624375	113.89941625	154.88060625	126.03825625	111.4405175	125.46033125	116.48577125	110.410105	102.8892825
"ILMN_3002505"	306.74313125	263.31391875	307.1202375	314.7001	385.60209375	321.82924375	302.4367625	291.3637	320.36241875	321.82924375	291.65074375	297.20371875	271.34849375	279.0067375	295.67068125	298.81056875
"ILMN_2710312"	1402.53706875	1402.53706875	1412.31079375	1457.8441875	1476.0480625	1325.81468125	1373.50971875	1262.084325	1369.38539375	1745.095625	1440.767375	1259.73734375	1402.53706875	1146.39284375	1331.98633125	1571.518
"ILMN_2690306"	924.4569875	986.313625	923.3045875	873.73599375	1044.1645625	826.7718875	952.8408625	976.8693625	1091.12875625	978.4476	1032.766675	892.5835875	997.9165375	1122.48299375	1016.11661875	912.53776875
"ILMN_2716783"	331.55780625	356.32760625	371.001275	414.16425625	328.285625	365.182425	349.2293625	402.26533125	373.78556875	361.62028125	382.43631875	355.19934375	348.55784375	296.03155	364.36604375	311.04498125
"ILMN_1250922"	140.0592625	128.020125	151.49008125	129.71258125	163.95495625	137.5014625	145.898675	143.68168125	121.580483125	143.8182375	160.48074375	132.698425	118.9281425	162.17669375	133.76694375	145.03638125
"ILMN_2631674"	127.537025	134.02999375	110.486279375	145.45378125	130.6918125	127.62435625	131.7516	152.5911625	134.89306875	132.10626875	125.7289875	125.0597375	108.84136875	112.037173125	124.14365	117.440628125
"ILMN_2771368"	214.38885	180.01171875	153.038975	214.38885	176.99835	188.0836	226.0137125	282.668375	204.0911625	195.500075	201.32313125	208.4504625	189.890575	204.23965625	219.13505625	228.051775
"ILMN_2944657"	146.35961875	165.03119375	152.515875	170.6414875	180.70965	128.8212375	191.1588375	136.01621875	136.24591875	145.28875625	130.0340125	175.692725	145.5794125	139.41925	132.4016625	153.695975
"ILMN_2722353"	527.93001875	483.86240625	478.98810625	543.97434375	534.31181875	445.80331875	442.89155	499.01070625	427.12645	494.18310625	429.66280625	396.6321	413.6796125	479.6173875	489.587425	414.16425625
"ILMN_2643092"	9249.246625	9413.28375	10443.30125	9890.1793125	12195.6165625	9346.0995	9753.672125	12195.6165625	11065.510875	12309.0020625	9598.34675	9598.34675	10210.935875	10443.30125	11495.6474375	10958.433125
"ILMN_1223318"	677.79639375	675.1991125	609.015525	715.03693125	629.7449375	636.204775	543.2651625	775.92039375	710.4593125	618.0341625	523.6465625	616.95135	601.77260625	643.92078125	659.09488125	719.046825
"ILMN_1238213"	292.76560625	294.1801625	303.2110375	350.950725	295.17453125	292.4938	307.1202375	292.4938	300.13343125	292.0348375	296.50191875	313.732625	286.13239375	350.2464875	295.17453125	276.746625
"ILMN_2857595"	228.59040625	247.27466875	246.70936875	257.1474375	254.10841875	240.692075	223.11305	281.32585625	274.6481375	242.38879375	244.36269375	226.39001875	269.31935625	245.33235	234.86673125	269.31935625
"ILMN_2652085"	236.130475	274.07449375	242.69094375	224.75283125	211.1658125	242.38879375	272.57405	317.0260375	246.70936875	241.0027875	267.6644625	226.2570875	242.38879375	297.66561875	282.30319375	333.580125
"ILMN_3161887"	184.49761875	209.32098125	157.693625	179.673275	157.42939375	178.6904875	211.57503125	146.828925	165.34283125	157.83153125	133.9557875	169.04061875	222.66893125	168.20095	163.10266875	171.83655
"ILMN_2661287"	480.9888125	496.93676875	382.95286875	458.6657375	348.55784375	496.135925	476.99363125	396.1385875	382.0394125	417.2681625	568.67436875	587.55103125	543.97434375	597.95865625	470.87679375	422.1692375
"ILMN_2684732"	833.42680625	868.936125	928.73256875	867.3996875	715.03693125	801.81858125	778.8566	851.2181625	845.59393125	744.27988125	965.92841875	844.16524375	707.6533625	830.115225	793.42196875	715.03693125
"ILMN_1241035"	2827.8411875	2574.93875	2364.6356875	2118.75825	3074.407375	2618.0886875	2631.082625	2228.328875	2196.211625	2838.8095625	2098.2055	2468.7893125	2618.0886875	2137.9463125	2320.2016875	2582.3805
"ILMN_2918114"	208.2482625	239.0553	219.43544375	218.88428125	282.668375	246.90165	223.28705625	195.7818	162.17669375	229.88585625	165.03119375	237.7202375	203.36625	187.9385375	189.890575	221.7632625
"ILMN_1237114"	124.914075	109.976179375	121.735439375	108.480956875	120.6277775	126.36245	141.90628125	108.25309375	108.480956875	109.37994875	117.440628125	102.045950625	122.93675	100.3090925	93.885325625	109.595425625
"ILMN_1214631"	122.7133125	96.902806875	103.16863125	149.1243125	112.50059875	130.19934375	107.973544375	141.26234375	144.61973125	132.205225	121.37270625	134.02999375	109.678511875	133.56350625	128.162825	98.76970625
"ILMN_1256518"	7287.4495625	7790.514875	6997.7991875	7144.64825	8994.49525	8031.7658125	7790.514875	7460.845875	7228.3994375	7935.557625	7287.4495625	7591.974125	8212.2020625	7504.3965	7504.3965	7630.668
"ILMN_2639063"	120.172779375	127.62435625	111.979923125	137.077675	116.82452	110.64360625	118.6015225	138.8329125	99.843674375	108.362078125	112.7672725	114.754201875	106.525805625	109.448013125	117.11431625	104.346954375
"ILMN_3138157"	204.81031875	213.93013125	204.81031875	197.0282375	223.11305	206.018925	194.641925	210.29248125	210.80955	174.6676875	207.70706875	168.80715	235.25141875	230.0987875	236.75499375	197.96421875
"ILMN_2669034"	1016.11661875	939.87478125	980.6937	923.3045875	1146.39284375	903.982275	933.34199375	915.24975	905.5100875	957.3368875	928.73256875	944.894575	867.3996875	826.7718875	803.50789375	978.4476
"ILMN_1216813"	958.827475	993.2954125	1089.18391875	1114.7287	1012.87120625	1096.2395125	1049.03378125	1240.6907125	1069.8680125	809.68798125	851.2181625	957.3368875	882.26715625	1045.9207875	1114.7287	995.77236875
"ILMN_2724347"	180.588125	182.71784375	231.68000625	156.7400875	170.04654375	188.73664375	259.10294375	190.9587625	160.23875	194.44226875	199.94305625	227.67105	197.3707125	226.2570875	185.43579375	207.23683125
"ILMN_2649846"	303.5227625	344.2023125	359.38050625	321.4583	249.460775	354.61660625	312.7451875	447.55898125	367.22568125	345.7649375	328.90161875	328.285625	319.296625	405.7067375	411.74715	399.899675
"ILMN_2858173"	7790.514875	6927.53375	6578.41025	6753.8141875	6136.195875	6332.6618125	6578.41025	6520.82825	6136.195875	7184.1275	6520.82825	7287.4495625	7110.6441875	6716.896125	6332.6618125	6474.592
"ILMN_2699477"	672.2165125	777.837775	775.92039375	689.3837625	919.02419375	762.295575	663.46655	675.1991125	728.21921875	762.295575	603.07173125	747.19006875	690.38670625	530.13569375	677.79639375	814.58774375
"ILMN_2845839"	546.67505625	494.18310625	509.714725	517.00189375	588.53715	533.3672125	501.45809375	457.93085	442.89155	480.9888125	480.9888125	614.66899375	551.6918875	474.47324375	478.98810625	487.0973125
"ILMN_2731629"	4964.116125	5159.29925	4490.201	5035.313	4436.122	4758.6421875	5284.0041875	4577.5029375	4327.9955625	4559.2555625	5188.1588125	4925.7006875	4376.21475	5284.0041875	4995.627	4152.0380625
"ILMN_2757006"	330.6628875	362.90645625	349.856425	450.09990625	342.9916375	381.22103125	352.64973125	386.241725	420.80611875	377.57789375	415.8145375	308.440225	432.68891875	396.1385875	473.52364375	373.78556875
"ILMN_2685275"	18287.449375	18866.55375	20822.085625	21368.33875	18650.413125	17009.528125	19253.191875	19253.191875	18866.55375	17009.528125	18287.449375	17526.455625	17990.79625	19253.191875	18287.449375	19253.191875
"ILMN_1228394"	6292.2961875	5859.1675625	6059.90325	5630.295	5458.565	6015.1349375	5762.73775	5559.051625	5501.0839375	5762.73775	5691.950125	6015.1349375	6383.8138125	6096.572375	5885.3009375	5885.3009375
"ILMN_2818717"	957.3368875	1062.9545625	939.87478125	1077.30364375	830.115225	924.4569875	955.69085625	1194.77774375	1226.33259375	955.69085625	1191.72529375	855.91689375	1021.62443125	1062.9545625	1094.47193125	863.1886875
"ILMN_1250358"	131.15114375	129.8790875	113.638276875	120.931299375	142.58573125	121.653625	126.5154875	124.6910875	122.93675	124.55214375	118.6015225	129.10061875	117.7128925	141.10776875	132.4609	123.77083125
"ILMN_2761422"	169.78939375	186.2141625	174.510375	176.12585	153.34843125	177.7439375	160.37689375	159.56865625	181.58448125	194.767025	132.896825	148.21475	167.96165625	136.79684375	159.56865625	181.23368125
"ILMN_1227712"	514.343425	488.60263125	531.53671875	472.914975	605.86194375	483.0917625	494.73205	465.2150125	476.1185375	539.54431875	435.835025	437.71665625	544.86930625	462.82	522.02868125	520.452825
"ILMN_1234604"	636.204775	609.015525	512.05889375	469.40995625	607.033175	675.1991125	578.27779375	485.53976875	477.51089375	530.13569375	672.2165125	547.767775	639.4019375	588.53715	446.799425	517.529525
"ILMN_2901284"	3834.3006875	3526.0949375	4183.4475625	3572.0115	3583.1270625	3610.6621875	4016.5993125	3834.3006875	3971.043125	3445.8880625	4293.4258125	3682.3524375	3682.3524375	3583.1270625	3796.041	3409.3478125
"ILMN_3007898"	1128.48683125	1194.77774375	1320.76196875	1292.25568125	984.3163125	1115.814175	930.27695625	1117.5936875	1049.03378125	1077.30364375	1077.30364375	1104.645125	1037.15800625	898.38510625	1025.50926875	1106.1448625
"ILMN_2720925"	1630.3749375	1535.9275625	1793.433875	1981.51975	2022.208	1733.5576875	1553.0540625	1901.7284375	1868.818125	1836.85825	1485.9148125	1569.421	1510.2215	1467.699125	1841.8780625	1741.11475
"ILMN_1244135"	273.0291875	253.5756875	225.56696875	210.80955	296.50191875	232.98231875	272.3043875	189.890575	189.890575	279.61274375	184.75475625	190.51620625	262.09323125	174.510375	198.986275	317.6047375
"ILMN_2755195"	1077.30364375	1138.93230625	976.8693625	982.52008125	1045.9207875	1101.2866	1151.43849375	906.973	1252.1733875	1461.678875	1668.6805625	1395.78575	1654.4488125	1560.8211875	1423.25485	1366.5811
"ILMN_2617433"	2154.306	2143.6614375	2029.4189375	2037.840625	2320.2016875	1994.359875	2560.1100625	2098.2055	2243.769375	2437.573625	1981.51975	1988.0516875	2406.897125	1974.2203125	2560.1100625	2770.389
"ILMN_2940399"	158.53173125	142.83349375	175.98158125	122.50006875	165.20645625	143.37633125	143.07578125	139.9945375	138.2094375	156.2078125	109.91764625	149.1243125	135.5993875	116.25198875	158.86419375	155.432225
"ILMN_3143088"	162.04371875	157.83153125	158.86419375	153.5859125	143.07578125	140.0592625	115.570525	161.04661875	162.80370625	148.7124	195.13283125	155.31084375	123.91041875	146.828925	165.03119375	166.325525
"ILMN_2838372"	796.67608125	880.3431	596.8079375	595.21409375	794.63866875	689.3837625	978.4476	551.6918875	689.3837625	672.2165125	903.982275	749.09235	800.142025	831.99635	681.12016875	678.67405625
"ILMN_1244147"	7073.02275	7228.3994375	7144.64825	5501.0839375	6251.9165625	6843.291125	6666.436625	5885.3009375	5284.0041875	6753.8141875	5261.7406875	8212.2020625	6210.5699375	5235.5604375	5017.492875	7184.1275
"ILMN_2736925"	147.51644375	173.37554375	159.17185	138.8329125	146.35961875	164.3968125	166.49685	179.20448125	170.86271875	171.64175	165.20645625	152.515875	132.4016625	184.27898125	187.723625	174.29655
"ILMN_2622306"	95.46102875	105.466215	101.03895	103.036055625	80.446035	92.241450625	128.162825	129.30451875	134.093925	91.141570625	118.982745625	131.91349375	112.3444475	122.31927	97.583255	76.864013125
"ILMN_1227817"	581.747025	692.932175	612.4552625	681.12016875	450.09990625	551.6918875	595.21409375	701.97584375	724.54374375	540.56240625	654.93716875	642.53469375	557.51616875	774.922225	709.30966875	499.01070625
"ILMN_2646985"	2939.1021875	3125.4125	2553.0296875	2657.9415625	2747.872	2881.650875	3384.2715625	2698.729	3104.4561875	2334.2050625	3353.5210625	2939.1021875	3186.193375	3275.2453125	2631.082625	2491.2391875
"ILMN_2730758"	1753.9889375	1476.0480625	1648.387625	1773.0195	1433.597	1613.5793125	1491.8528125	1625.73425	1767.103375	1658.9980625	1585.203875	1968.7001875	1642.0229375	1621.1950625	1707.034625	1668.6805625
"ILMN_1257788"	344.83418125	283.215625	255.342925	306.74313125	294.61255625	244.36269375	213.93013125	262.67929375	294.61255625	281.8167875	245.7140625	325.01405625	244.98325	229.88585625	280.32616875	256.2845125
"ILMN_1258728"	185.25490625	160.37689375	173.37554375	154.2992875	162.6555875	203.529425	159.0277875	145.898675	162.286325	170.2017375	163.2424375	150.2414625	189.473275	149.1243125	151.7113	168.80715
"ILMN_2758762"	143.68168125	136.01621875	121.307835625	135.71329375	169.04061875	144.7298375	135.71329375	158.86419375	149.79191875	150.11764375	149.64721875	142.48908125	142.83349375	144.7298375	137.88758125	123.67819375
"ILMN_2727004"	2710.1726875	3041.47075	2560.1100625	2500.73225	1978.2611875	2816.5711875	2641.6040625	2721.8628125	2453.9903125	3049.8525625	2325.05	2657.9415625	2453.9903125	2453.9903125	2383.1305	3018.412625
"ILMN_2656805"	892.5835875	871.928325	1205.7586875	849.21829375	1091.12875625	1029.641025	941.899225	845.59393125	903.982275	1130.81324375	793.42196875	796.67608125	1002.61314375	913.7848	993.2954125	932.24933125
"ILMN_3040759"	154.42223125	150.34926875	120.706985625	150.78871875	179.20448125	146.69515625	172.23488125	149.79191875	146.35961875	123.91041875	141.5911125	136.704875	151.49008125	115.78272625	160.48074375	176.12585
"ILMN_2950422"	194.641925	231.99835625	218.25731875	198.2266625	194.2015	206.64905625	228.82529375	223.62086875	181.23368125	217.3990625	201.62113125	220.33043125	197.0282375	185.748925	192.157875	254.10841875
"ILMN_1216426"	619.76544375	510.5569375	684.55906875	716.28623125	527.07400625	549.89674375	479.6173875	609.015525	690.38670625	593.64370625	596.8079375	568.67436875	572.9692625	709.30966875	712.6582	603.07173125
"ILMN_2634157"	447.55898125	406.94613125	487.0973125	514.343425	423.94420625	439.64811875	408.5570375	528.659375	530.13569375	408.5570375	453.05573125	466.434675	426.63545	448.20770625	432.68891875	400.818975
"ILMN_1215903"	248.81170625	220.33043125	194.2015	241.2465625	284.07173125	236.130475	228.59040625	210.5832875	203.36625	221.5099	233.86650625	220.8166125	213.347025	228.38930625	214.999475	245.33235
"ILMN_3030470"	524.4077875	499.01070625	517.529525	679.91124375	701.97584375	547.767775	549.2649875	691.70765625	808.3092375	646.166675	509.714725	499.01070625	516.35701875	678.67405625	752.23520625	629.7449375
"ILMN_1254386"	398.285625	439.64811875	430.63421875	355.68825625	409.6476375	426.13363125	417.2681625	383.67525	331.55780625	353.62091875	394.9682625	468.20624375	440.4020125	346.84835	319.296625	416.5290125
"ILMN_1214187"	3232.3765	2781.58875	3064.3103125	3114.975	3275.2453125	3232.3765	3166.4545	3041.47075	3134.3626875	2968.9675625	2809.6363125	2792.5048125	3104.4561875	2510.9436875	3177.6788125	3064.3103125
"ILMN_1220846"	1281.5076125	1094.47193125	1275.825625	1416.0072125	1357.73449375	1284.59764375	1130.81324375	1328.9357	1499.0845625	1429.7836125	1111.68751875	1467.699125	1485.9148125	1018.9702	1459.97975	1290.79334375
"ILMN_2963483"	1488.5588125	1252.1733875	1553.0540625	1436.6275	1577.917625	1606.403875	1294.65333125	1379.9554375	1563.394625	1457.8441875	1405.39675625	1515.7341875	1436.6275	1541.624625	1535.9275625	1773.0195
"ILMN_2719702"	128.5330625	209.103475	119.956154375	133.43806875	142.114375	181.7425875	178.28668125	118.9281425	178.28668125	127.09165	223.62086875	165.03119375	136.52760625	181.43729375	116.628699375	110.977543125
"ILMN_1226330"	203.9486375	238.7891375	213.7162125	235.43113125	221.24006875	197.3707125	223.62086875	222.10299375	209.103475	198.537425	198.986275	210.16245625	224.07854375	218.88428125	208.2482625	259.83235
"ILMN_1217039"	1680.0055	1773.0195	2013.110125	1630.3749375	1737.21975	1610.26175	1716.46775	1635.846125	1729.3028125	1817.268875	1695.865	2022.208	1644.4888125	1745.095625	1680.0055	1848.017125
"ILMN_2644455"	135.42206875	137.88758125	126.2334375	138.9548125	135.42206875	170.04654375	143.37633125	173.04038125	155.98471875	153.46726875	146.828925	165.34283125	111.496716875	132.205225	169.4552375	161.81215625
"ILMN_2718356"	133.0385625	138.10944375	125.1430625	141.10776875	121.048245	136.704875	119.319458125	154.2992875	146.249475	127.28783125	137.2026125	146.47023125	129.7814125	129.20803125	153.1769625	154.2992875
"ILMN_2708404"	157.42939375	146.69515625	134.89306875	156.38801875	110.319638125	138.2094375	144.7298375	170.86271875	166.7155	144.38583125	166.5747125	193.5339875	137.88758125	173.90828125	190.08255	119.3709175
"ILMN_2607972"	509.714725	461.81859375	515.71900625	420.2161375	436.96919375	476.1185375	449.41195625	353.06145	365.182425	456.45375	386.241725	524.4077875	487.81764375	392.65998125	382.0394125	450.87916875
"ILMN_2639230"	3940.2430625	3953.748625	3770.3874375	3682.3524375	3445.8880625	3834.3006875	3940.2430625	3953.748625	3682.3524375	3436.421625	3796.041	3728.71325	3757.6965625	3853.270625	3496.7734375	3292.12425
"ILMN_1258158"	11230.1335625	11938.2769375	12621.3100625	13172.297875	9169.2155	10841.250625	11408.793	13983.2231875	11495.6474375	10127.8905625	10333.5746875	10841.250625	11297.6646875	10958.433125	11297.6646875	12309.0020625
"ILMN_2723579"	2668.906125	2208.8605	2264.731375	2453.9903125	2432.0701875	2574.93875	2568.4504375	2223.8230625	2514.93025	2468.7893125	2522.957375	2125.5966875	2698.729	2838.8095625	2618.0886875	2305.095875
"ILMN_1229688"	1395.78575	1279.10915	1272.7707375	1165.2661875	1172.722225	1433.597	1308.2683375	975.55876875	890.8846625	1191.72529375	1098.48106875	1599.0994375	1294.65333125	1188.904225	965.92841875	1144.45039375
"ILMN_3009738"	366.3423875	355.68825625	403.94156875	407.82223125	421.78673125	368.69168125	341.124375	306.74313125	291.65074375	392.65998125	287.97133125	412.55158125	326.28495625	306.2683	323.1156125	359.99755625
"ILMN_2752300"	171.64175	200.7246625	195.7818	146.35961875	169.214	166.5747125	164.3968125	150.8607	172.0150375	195.7818	159.17185	185.59075	155.81645625	142.3656125	197.2252125	222.10299375
"ILMN_3135781"	2189.738	2453.9903125	2131.0719375	2320.2016875	2118.75825	2052.1315	2781.58875	2007.6768125	2406.897125	2397.767	2448.833375	2148.8818125	2325.05	2514.93025	2500.73225	2721.8628125
"ILMN_1255823"	17526.455625	17990.79625	17990.79625	17009.528125	17990.79625	19253.191875	18287.449375	18287.449375	17526.455625	18866.55375	17526.455625	18287.449375	18650.413125	18650.413125	17526.455625	18287.449375
"ILMN_2609495"	240.04690625	285.79318125	274.6481375	262.94540625	278.2667625	299.09469375	293.02445625	269.0900875	267.27683125	271.34849375	271.0086	289.026225	303.5227625	281.32585625	309.742025	292.4938
"ILMN_1248425"	210.5832875	190.76133125	171.38676875	169.214	201.08705	192.6032125	201.32313125	194.767025	192.6032125	159.56865625	184.88224375	191.1588375	163.95495625	203.0263	225.768425	191.45689375
"ILMN_3154222"	1069.8680125	1050.89158125	989.70889375	1178.73895	1058.70305625	1035.2212625	1047.83524375	1308.2683375	1233.78420625	1114.7287	1185.554375	1058.70305625	1101.2866	1178.73895	1178.73895	1012.87120625
"ILMN_2674425"	238.7891375	241.2465625	220.08603125	235.79373125	246.43791875	227.4998625	240.692075	246.90165	274.07449375	237.44534375	244.69550625	186.44199375	246.43791875	268.74179375	243.336	242.38879375
"ILMN_2639271"	2975.30275	2881.650875	3275.2453125	3409.3478125	3041.47075	2985.4025	2731.420875	2955.6293125	2963.303625	2955.6293125	2838.8095625	3125.4125	2816.5711875	2874.069125	3114.975	2800.7055
"ILMN_2625920"	1328.9357	1613.5793125	1249.51303125	1138.93230625	952.8408625	1420.65530625	1369.38539375	1211.26603125	1318.1725625	1453.836625	1663.08725	1517.980125	1420.65530625	1532.028875	1420.65530625	1491.8528125
"ILMN_3052390"	2112.8919375	2189.738	2037.840625	1901.7284375	1925.171375	2022.208	2131.0719375	2143.6614375	1892.11275	2510.9436875	1799.4763125	2228.328875	2243.769375	2029.4189375	1948.114	2272.8855
"ILMN_2983587"	906.973	836.24015	722.33518125	902.21253125	820.2931	831.99635	855.91689375	948.13583125	1031.5182875	780.5475	1035.2212625	871.928325	898.38510625	1058.70305625	986.313625	826.7718875
"ILMN_2751054"	142.249075	178.6904875	149.48900625	141.3552625	159.56865625	163.10266875	178.5243375	140.39288125	143.6057375	163.41111875	128.44940625	167.203	140.504525	136.10575625	155.57271875	157.42939375
"ILMN_2745151"	246.22676875	236.130475	254.823675	271.68064375	263.31391875	290.89839375	228.051775	233.2049125	249.19909375	225.29593125	300.51006875	233.2049125	226.2570875	234.260575	261.69506875	229.88585625
"ILMN_1241270"	318.857075	271.0086	316.0292125	286.13239375	325.79024375	287.97133125	269.9254375	283.215625	299.838875	296.89524375	305.74060625	342.17348125	275.47909375	303.5227625	278.2667625	274.07449375
"ILMN_1220276"	221.7632625	257.3934125	267.6644625	255.90626875	227.4998625	245.33235	255.342925	209.95990625	260.4962375	261.23531875	232.98231875	208.614425	257.63335	219.43544375	227.67105	277.7191375
"ILMN_2660924"	142.3656125	129.71258125	129.37900625	133.0385625	132.10626875	133.0385625	138.39070625	115.3052825	140.2900875	152.69155	120.005404375	99.704710625	142.76286875	137.3024375	121.994118125	138.8329125
"ILMN_1215884"	845.59393125	691.70765625	621.29355	754.62749375	621.29355	709.30966875	906.973	513.18336875	636.204775	528.659375	796.67608125	492.8494125	654.93716875	825.27274375	719.046825	556.3031625
"ILMN_2677728"	187.17769375	176.7156375	215.26519375	204.95320625	209.95990625	203.16753125	195.2914625	196.22610625	165.954875	234.5153	181.0369875	195.13283125	187.40104375	164.88851875	163.95495625	209.103475
"ILMN_3001013"	323.41438125	357.68119375	441.35880625	429.66280625	350.2464875	332.17845625	303.2110375	427.6186125	352.64973125	379.9415625	396.6321	345.38940625	335.0616875	387.961875	400.818975	372.73630625
"ILMN_2590015"	280.32616875	341.61043125	343.51701875	424.62724375	382.0394125	328.90161875	384.34065	393.7152125	387.961875	369.0737	312.7451875	280.32616875	349.856425	363.99298125	362.90645625	338.01579375
"ILMN_2859960"	129.95585625	133.87325625	137.35951875	124.76700625	131.7516	125.805925	134.093925	101.8069025	128.92178125	142.58573125	133.31306875	122.7133125	125.1430625	148.7124	92.95297625	116.704525625
"ILMN_1234100"	1429.7836125	1436.6275	1535.9275625	1523.2851875	1515.7341875	1644.4888125	1523.2851875	1410.221575	1512.9835625	1459.97975	1453.836625	1304.11341875	1521.487125	1453.836625	1481.7319375	1450.9011875
"ILMN_1249344"	2334.2050625	2264.731375	2125.5966875	2624.439625	2364.6356875	2196.211625	2481.5916875	2288.631	2731.420875	2158.863875	2641.6040625	2172.82875	2281.600125	2747.872	2838.8095625	2228.328875
"ILMN_2908953"	1135.64869375	1101.2866	1323.73580625	1228.17379375	1418.00461875	1194.77774375	1040.3397625	1292.25568125	1142.3346125	1163.75175	944.894575	1001.36695	1067.32936875	978.4476	1149.6691	1348.860525
"ILMN_2645662"	1606.403875	1153.086725	1729.3028125	2125.5966875	2201.56525	1597.03825	1136.7809625	1952.964125	1909.405	2056.9218125	1337.96778125	1751.0855	1418.00461875	1337.96778125	2406.897125	2164.478
"ILMN_2773422"	1642.0229375	1793.433875	1658.9980625	1952.964125	2223.8230625	2105.115125	1944.8068125	1959.502625	1802.7274375	2033.06075	1925.171375	1658.9980625	2131.0719375	2143.6614375	2208.8605	2022.208
"ILMN_2703354"	299.09469375	312.7451875	323.1156125	319.932875	338.969875	243.86538125	256.726675	357.10310625	307.1202375	333.580125	227.120325	300.51006875	263.91614375	344.83418125	274.07449375	330.25861875
"ILMN_1250417"	1357.73449375	1512.9835625	1223.86389375	1001.36695	1029.641025	1399.6960125	1569.421	1154.72575625	1377.04380625	1345.5829875	1817.268875	1416.0072125	1585.203875	1799.4763125	1275.825625	1535.9275625
"ILMN_2628174"	31429.665	29991.60125	31429.665	28088.250625	32505.79625	31429.665	29198.485625	30659.768125	29991.60125	30659.768125	29991.60125	29991.60125	29198.485625	30659.768125	29198.485625	29991.60125
"ILMN_2991166"	130.0340125	124.34335625	123.77083125	119.43970125	118.39256	142.76286875	121.17253375	129.7814125	122.50006875	129.95585625	98.9888375	134.2687625	143.68168125	123.0109875	129.03165	138.9548125
"ILMN_2745318"	135.92853125	136.704875	147.32380625	134.3977375	132.4609	149.3582875	131.27735	162.4788625	148.33931875	134.560175	132.4016625	151.1479625	106.9473225	140.1893	186.2141625	159.81698125
"ILMN_2622200"	124.09359375	128.71798125	125.36169375	121.24155375	124.34335625	121.809210625	134.560175	124.50436875	122.31927	131.3446625	124.50436875	125.6313	111.979923125	127.8719875	122.83345	126.7113625
"ILMN_2939012"	805.97924375	889.0091875	1073.825075	1226.33259375	1004.4496375	865.75048125	886.00486875	1281.5076125	1183.2926625	1115.814175	844.16524375	843.17844375	946.97265625	955.69085625	1369.38539375	1037.15800625
"ILMN_2751345"	98.914894375	106.146181875	99.0234825	136.61658125	93.475575625	113.281014375	105.21574625	139.64135625	153.5859125	111.234585625	115.9625425	106.42664125	109.19637	145.03638125	164.3968125	102.37671125
"ILMN_2592313"	5316.6859375	5261.7406875	4951.3425625	4819.3668125	5986.11875	4951.3425625	4902.6641875	5390.3065625	4951.3425625	5432.2115	4706.18725	4735.2788125	4819.3668125	4667.497625	4951.3425625	4706.18725
"ILMN_1245250"	199.94305625	187.723625	180.3295625	201.08705	136.4538875	182.85221875	199.52053125	260.1345875	191.9776875	182.71784375	204.81031875	242.168325	171.38676875	220.33043125	231.68000625	224.07854375
"ILMN_2593117"	523.6465625	564.21346875	466.434675	321.82924375	482.1791625	380.48959375	638.36458125	320.69589375	344.83418125	574.9033	639.4019375	446.799425	585.82873125	460.98259375	438.60243125	447.55898125
"ILMN_2872745"	134.2687625	115.70334	125.31658125	118.084984375	117.370764375	116.25198875	129.7814125	132.205225	116.87479875	120.51551125	120.787834375	111.844568125	122.062223125	127.68379375	116.87479875	127.09165
"ILMN_2671366"	656.59380625	748.15424375	634.68935625	698.881425	618.0341625	660.82371875	634.68935625	982.52008125	669.95110625	647.28489375	563.63728125	654.93716875	608.020025	793.42196875	737.52373125	722.33518125
"ILMN_2892904"	704.96834375	652.601775	765.3852875	654.93716875	719.046825	690.38670625	630.68256875	689.3837625	656.59380625	596.8079375	593.64370625	675.1991125	610.8717375	609.015525	549.2649875	703.5802625
"ILMN_3088934"	4137.6650625	4452.0114375	5120.44175	6292.2961875	5100.66625	3971.043125	4059.5295	5762.73775	6096.572375	5390.3065625	4410.4075	4344.53675	3971.043125	4410.4075	6136.195875	5017.492875
"ILMN_2666999"	226.39001875	297.20371875	289.4902375	299.09469375	329.3921125	272.3043875	292.0348375	272.79385	248.3792375	244.36269375	254.823675	309.742025	269.54261875	237.44534375	210.16245625	268.257725
"ILMN_2719097"	372.341475	373.78556875	502.513075	340.65205625	436.32871875	422.1692375	425.43803125	435.835025	378.12289375	427.6186125	216.00235625	270.48401875	421.78673125	277.7191375	322.65033125	429.66280625
"ILMN_2739364"	138.493975	130.4140875	148.7124	163.813025	162.4788625	123.17825	120.931299375	142.3656125	134.32206875	146.47023125	128.92178125	109.87727375	107.10756	123.17825	118.2936625	133.0385625
"ILMN_2749595"	117.440628125	136.89603125	131.91349375	129.8790875	110.187594375	135.1378125	143.50841875	125.6313	127.8719875	141.49523125	159.0277875	142.0322125	149.1243125	142.0322125	153.5859125	145.3389
"ILMN_1225876"	233.4838625	170.6414875	167.0412125	221.7632625	173.04038125	211.3284125	218.5558625	179.79511875	189.73489375	202.5795125	179.79511875	180.588125	181.7425875	212.2325375	196.47584375	187.40104375
"ILMN_2939503"	179.673275	214.63416875	220.50859375	183.9246375	196.029325	237.210825	169.88470625	169.04061875	164.3968125	194.03785625	169.04061875	222.9096625	207.04245	191.631825	152.372725	184.0525875
"ILMN_2710354"	2089.5956875	2201.56525	1549.452	851.2181625	1440.767375	1359.73494375	2689.4941875	877.80959375	1054.36065625	2747.872	1515.7341875	1529.5255625	2022.208	1133.0493375	1308.2683375	1919.0003125
"ILMN_2873180"	7935.557625	7535.8325625	7884.927125	7984.2996875	6791.54225	7935.557625	7460.845875	7724.063375	8355.2378125	7460.845875	7724.063375	7460.845875	8031.7658125	8098.043625	7984.2996875	7790.514875
"ILMN_2987107"	8492.1395	7884.927125	7332.76175	7630.668	6716.896125	7724.063375	7591.974125	7630.668	7884.927125	7073.02275	9249.246625	8285.4875	7591.974125	9249.246625	7411.148625	6332.6618125
"ILMN_2757861"	711.26331875	728.21921875	698.881425	768.13921875	580.68080625	638.36458125	764.2097375	791.96815625	761.0036625	715.03693125	801.81858125	759.58360625	665.2559875	673.8294125	796.67608125	623.59819375
"ILMN_2597827"	113.965685625	97.700478125	134.66733125	117.29396875	110.1219775	118.805108125	86.57016375	102.8892825	101.015840625	104.721908125	110.5282575	131.43111875	126.7113625	101.48536875	105.8060175	115.70334
"ILMN_2679532"	1045.9207875	1042.23654375	1109.27059375	1117.5936875	1337.96778125	1174.17459375	1085.4797875	1130.81324375	1029.641025	1080.43248125	1067.32936875	964.61938125	1114.7287	930.27695625	999.8791	1021.62443125
"ILMN_1223848"	507.9213875	471.9612875	526.3651125	649.74345625	476.1185375	496.93676875	505.60308125	594.5953875	608.020025	551.6918875	631.9964875	518.60681875	499.01070625	601.04705625	651.440175	541.8511625
"ILMN_1222594"	995.77236875	1091.12875625	1085.4797875	1049.03378125	1170.5943	1002.61314375	1093.05636875	980.6937	1025.50926875	1012.87120625	964.61938125	1062.9545625	1004.4496375	1014.6464	903.982275	989.70889375
"ILMN_1225191"	2243.769375	2016.9168125	1919.0003125	2264.731375	2288.631	2313.56925	2013.110125	2047.0441875	2089.5956875	2047.0441875	2056.9218125	2137.9463125	2029.4189375	1648.387625	2112.8919375	1994.359875
"ILMN_3124226"	676.4500125	665.2559875	660.82371875	616.95135	679.91124375	733.7992	771.5237875	653.84860625	596.8079375	711.26331875	676.4500125	645.18645625	804.60284375	682.99356875	653.84860625	667.346975
"ILMN_2659062"	119.956154375	131.7516	133.0385625	166.7155	82.377486875	109.678511875	146.35961875	193.07526875	210.29248125	150.34926875	153.038975	153.038975	131.91349375	185.43579375	173.1835875	95.747703125
"ILMN_2590908"	325.79024375	305.74060625	332.17845625	278.2667625	346.35661875	308.440225	314.987925	273.0291875	239.0553	305.29793125	294.1801625	298.81056875	328.285625	229.5596375	280.7798125	291.65074375
"ILMN_2662036"	1761.7409375	1928.6761875	1342.66180625	1126.81623125	1539.848	1808.6184375	1707.034625	1323.73580625	1286.1005125	1549.452	1379.9554375	1613.5793125	1848.017125	1526.519875	1220.88975625	1521.487125
"ILMN_1256699"	168.3561625	161.551425	148.8364625	136.89603125	109.487064375	154.1588625	155.98471875	164.0783625	149.87991875	130.19934375	183.64101875	150.34926875	160.37689375	162.934825	132.60215	151.58565625
"ILMN_2859902"	744.27988125	737.52373125	601.04705625	747.19006875	748.15424375	716.28623125	690.38670625	676.4500125	603.07173125	689.3837625	665.2559875	661.9242375	722.33518125	737.52373125	661.9242375	578.27779375
"ILMN_2735766"	314.3022625	356.66225625	303.5227625	305.29793125	310.557075	330.6628875	335.95439375	293.459625	282.30319375	313.27270625	296.89524375	334.0526875	266.54350625	266.54350625	283.540325	311.953325
"ILMN_1243799"	107.137295625	108.739425	115.143828125	121.653625	136.704875	122.195053125	116.987925	133.9557875	124.417475	117.784730625	119.3709175	112.3777025	109.735179375	126.30664375	121.24155375	118.15266125
"ILMN_2994063"	754.62749375	693.96675625	629.7449375	695.1960625	656.59380625	619.76544375	685.93454375	712.6582	742.81638125	566.12206875	820.2931	865.75048125	762.295575	753.64794375	718.119375	601.04705625
"ILMN_2633148"	224.07854375	246.70936875	214.87245625	263.5487875	223.28705625	202.5795125	232.463875	231.68000625	245.33235	250.2519625	268.74179375	216.67686875	246.22676875	278.67450625	248.03146875	261.23531875
"ILMN_2683374"	1707.034625	1459.97975	1389.53755625	1648.387625	1436.6275	1453.836625	1599.0994375	1616.891125	1691.932625	1412.31079375	1549.452	1707.034625	1793.433875	1601.894875	1703.268	1340.43134375
"ILMN_2786160"	1399.6960125	1197.1950625	1405.39675625	1215.46968125	1499.0845625	1476.0480625	1252.1733875	1279.10915	1459.97975	1416.0072125	1342.66180625	1546.757625	1588.2665625	1363.2152	1348.860525	1665.832375
"ILMN_2727318"	11659.052625	11230.1335625	10724.79525	12309.0020625	10724.79525	11495.6474375	12309.0020625	11230.1335625	13172.297875	10333.5746875	12961.611375	10674.29	11938.2769375	13731.0364375	12195.6165625	10841.250625
"ILMN_1258977"	1978.2611875	2164.478	1944.8068125	1892.11275	1964.982125	1937.256125	2063.82525	1751.0855	1841.8780625	2042.1346875	2189.738	1851.1645625	2112.8919375	2172.82875	1817.268875	2238.6796875
"ILMN_2675064"	1089.18391875	809.68798125	1176.1765125	639.4019375	1412.31079375	785.55970625	943.18929375	638.36458125	583.84518125	1294.65333125	508.66270625	941.899225	865.75048125	576.2538625	507.9213875	1093.05636875
"ILMN_2758896"	286.81030625	314.3022625	314.7001	250.930975	345.38940625	260.4962375	315.527125	225.11594375	263.31391875	285.20514375	242.69094375	286.81030625	323.1156125	281.8167875	250.2519625	339.5567875
"ILMN_2694356"	374.74366875	352.044	336.88030625	298.53729375	334.0526875	320.96831875	409.6476375	423.20989375	356.32760625	327.20638125	286.81030625	316.35359375	376.90229375	418.7329625	327.20638125	308.440225
"ILMN_3161105"	316.0292125	291.3637	326.28495625	305.74060625	216.00235625	333.580125	285.20514375	284.58690625	281.32585625	287.97133125	321.82924375	338.01579375	360.557825	300.13343125	278.67450625	307.59543125
"ILMN_2815374"	192.86455	126.15359375	181.0369875	188.33473125	162.934825	156.60838125	171.22390625	168.585275	174.29655	128.5330625	154.88060625	209.103475	180.70965	130.6918125	142.3656125	167.96165625
"ILMN_2698334"	136.4538875	149.3582875	137.5014625	128.71798125	133.9557875	132.00056875	147.39860625	121.580483125	123.5136625	136.98565	148.7124	126.2334375	139.87195625	115.9625425	138.8329125	143.20033125
"ILMN_2845917"	3177.6788125	3049.8525625	3134.3626875	2998.837625	2975.30275	3031.3415	3144.962875	2864.5063125	2738.6715	3064.3103125	3248.2679375	2975.30275	3177.6788125	3155.7905625	2916.3459375	2975.30275
"ILMN_1232341"	160.23875	161.68011875	160.77475625	149.87991875	144.14700625	143.6057375	146.57059375	132.9463	126.79658125	142.3656125	148.8364625	166.87675	125.21433125	128.8212375	163.41111875	137.74104375
"ILMN_2592656"	3641.0309375	3728.71325	3480.6066875	3177.6788125	3307.411375	3463.9809375	4036.32475	3358.915875	3422.046375	3358.915875	3546.5745	4082.71825	3422.046375	3770.3874375	3353.5210625	3323.130125
"ILMN_1256843"	191.631825	193.5339875	199.67699375	223.62086875	190.51620625	195.2914625	183.64101875	187.723625	190.9587625	187.9385375	212.77806875	193.88205	209.103475	200.4274125	216.1693125	203.36625
"ILMN_2590950"	2541.381	2158.863875	2975.30275	2313.56925	3031.3415	2710.1726875	2078.9265625	2500.73225	2533.3731875	2448.833375	2047.0441875	2375.4135	2250.7824375	1968.7001875	2052.1315	2963.303625
"ILMN_2770270"	142.0322125	138.9548125	143.8182375	164.0783625	160.48074375	130.09806875	187.17769375	127.09165	133.379225	141.68094375	138.493975	144.14700625	125.5333625	128.92178125	136.79684375	150.34926875
"ILMN_1233889"	2963.303625	2770.389	2998.837625	3092.283875	2426.33675	2968.9675625	2500.73225	2533.3731875	2624.439625	2668.906125	2624.439625	3144.962875	2641.6040625	2864.5063125	2809.6363125	2631.082625
"ILMN_2974601"	1443.8409375	1423.25485	1379.9554375	1556.765375	1541.624625	1331.98633125	1556.765375	1476.0480625	1440.767375	1288.97909375	1593.675875	1197.1950625	1470.9896875	1523.2851875	1453.836625	1369.38539375
"ILMN_2613076"	142.76286875	135.00350625	115.83833375	105.21574625	123.67819375	139.41925	133.6731375	126.430475	127.80019375	135.840375	119.319458125	150.64725625	130.53025625	147.32380625	127.1895375	112.037173125
"ILMN_2610899"	1262.084325	1288.97909375	1240.6907125	1102.75900625	1122.48299375	1231.54114375	1286.1005125	1244.2882125	1272.7707375	1315.989225	1308.2683375	1194.77774375	1203.07131875	1351.2752375	1181.55914375	1140.3004
"ILMN_2930819"	1719.596	1599.0994375	1817.268875	1606.403875	2013.110125	1672.5034375	1751.0855	1565.7745625	1630.3749375	1680.0055	1517.980125	1799.4763125	1577.917625	1510.2215	1563.394625	1716.46775
"ILMN_2704715"	1082.09006875	991.49634375	1464.879	1402.53706875	1223.86389375	1004.4496375	1002.61314375	1416.0072125	1163.75175	1259.73734375	937.8576625	896.56195625	796.67608125	1102.75900625	1402.53706875	1135.64869375
"ILMN_2519451"	409.2603125	500.1246625	445.80331875	442.89155	460.98259375	483.86240625	470.87679375	484.5622625	374.74366875	450.09990625	468.86593125	473.52364375	418.11000625	427.6186125	469.928175	389.59186875
"ILMN_2702628"	440.4020125	513.72638125	426.13363125	628.2296125	460.56375625	430.63421875	556.3031625	636.204775	601.77260625	511.4432375	625.94640625	451.59918125	535.7323125	629.7449375	633.27214375	485.53976875
"ILMN_2676716"	214.87245625	196.7999	177.977475	163.2424375	257.1474375	184.0525875	202.7771	180.588125	143.68168125	217.9913875	163.95495625	164.3968125	222.9096625	147.701675	180.01171875	193.5339875
"ILMN_2912598"	239.731575	259.57115	253.16974375	239.3336125	284.58690625	275.04995	248.3792375	265.53608125	247.57271875	263.91614375	260.4962375	255.90626875	265.53608125	213.04775625	236.130475	288.4541
"ILMN_1219797"	394.9682625	352.64973125	347.2855875	413.6796125	411.74715	383.67525	321.4583	426.13363125	428.2162625	399.899675	385.60209375	367.22568125	325.79024375	413.1436125	448.8247125	357.10310625
"ILMN_2850450"	1237.64559375	1073.825075	1301.79445	1695.865	1345.5829875	1345.5829875	1018.9702	1691.932625	1672.5034375	1385.99768125	1279.10915	1244.2882125	1262.084325	1012.87120625	1625.73425	1056.7428375
"ILMN_1260219"	5859.1675625	5824.636	5691.950125	4735.2788125	5630.295	5986.11875	6059.90325	4964.116125	5432.2115	5261.7406875	5100.66625	6332.6618125	5458.565	5120.44175	4376.21475	6159.7626875
"ILMN_1244726"	247.27466875	243.86538125	191.631825	247.27466875	188.93926875	212.77806875	280.32616875	207.70706875	231.05068125	192.86455	277.15685625	230.4721	231.4094625	284.58690625	208.02386875	217.22279375
"ILMN_2638147"	4530.4624375	4376.21475	3901.5434375	3834.3006875	4166.331375	4544.1546875	4344.53675	4059.5295	3796.041	4293.4258125	3996.876	4452.0114375	4514.3431875	3940.2430625	3728.71325	4544.1546875
"ILMN_1258534"	913.7848	845.59393125	868.936125	769.2259125	1037.15800625	809.68798125	871.928325	716.28623125	811.4076125	896.56195625	673.8294125	758.1567625	905.5100875	698.881425	771.5237875	833.42680625
"ILMN_3071104"	765.3852875	892.5835875	908.8836125	778.8566	829.02494375	791.96815625	910.37574375	704.96834375	791.96815625	889.0091875	800.142025	936.561775	854.31285625	820.2931	704.96834375	910.37574375
"ILMN_2724194"	135.53380625	169.88470625	159.56865625	136.24591875	131.80700625	137.2026125	226.2570875	151.29939375	150.2414625	134.66733125	192.157875	151.49008125	156.89665	172.23488125	145.79421875	122.195053125
"ILMN_2721149"	144.260675	127.1895375	124.85291875	126.03825625	142.48908125	156.99936875	122.41531875	130.6918125	162.4788625	134.479925	137.3024375	155.0321	159.81698125	133.43806875	144.9504375	166.49685
"ILMN_2799945"	560.8079	664.2749	475.084675	542.5852375	420.2161375	577.3044	537.3564875	724.54374375	587.55103125	430.63421875	499.01070625	522.02868125	407.82223125	638.36458125	547.767775	552.80308125
"ILMN_2717172"	944.894575	870.534625	1077.30364375	932.24933125	955.69085625	761.0036625	989.70889375	1106.1448625	968.52038125	937.8576625	890.8846625	965.92841875	870.534625	868.936125	1031.5182875	884.5102875
"ILMN_2620131"	203.529425	167.203	181.7425875	136.79684375	164.0783625	136.01621875	166.7155	155.68575625	139.04955625	151.49008125	143.20033125	169.65194375	151.9914375	163.2424375	153.46726875	173.61805
"ILMN_3099265"	120.079114375	97.145974375	130.6918125	108.59527	136.24591875	113.7851975	108.9940325	102.33945	114.012673125	115.1817375	107.767169375	106.797685625	115.017581875	98.30176125	119.161096875	115.243696875
"ILMN_3109491"	4834.3839375	3862.5035625	5159.29925	6332.6618125	4253.6859375	4183.4475625	4048.0388125	5986.11875	5017.492875	5630.295	3940.2430625	4315.6864375	4137.6650625	4082.71825	5316.6859375	4880.49925
"ILMN_2652518"	886.00486875	830.115225	847.2564125	833.42680625	703.5802625	748.15424375	900.229325	939.87478125	975.55876875	830.115225	941.899225	785.55970625	937.8576625	1004.4496375	946.97265625	928.73256875
"ILMN_2680665"	3409.3478125	3397.958	2890.73225	3556.7825	2816.5711875	3624.416875	3282.743375	3353.5210625	3610.6621875	2963.303625	3658.924875	3496.7734375	3624.416875	3672.7575	3534.9343125	2998.837625
"ILMN_2701383"	127.72565625	129.10061875	117.29396875	126.5154875	131.66101875	133.379225	113.480361875	108.84136875	120.24917875	123.77083125	108.30596375	128.44940625	143.37633125	110.595898125	108.11154125	115.9625425
"ILMN_2684388"	305.74060625	280.7798125	259.10294375	236.39815625	322.65033125	276.12820625	301.5162	215.26519375	225.56696875	247.57271875	259.57115	269.0900875	283.215625	255.342925	221.015275	256.726675
"ILMN_1242178"	1657.091625	1574.8205625	1703.268	1450.9011875	2007.6768125	1565.7745625	1606.403875	1668.6805625	1433.597	1928.6761875	1286.1005125	1621.1950625	1399.6960125	1331.98633125	1476.0480625	1808.6184375
"ILMN_2724415"	1331.98633125	1412.31079375	1515.7341875	1593.675875	1505.6170625	1478.5996875	1345.5829875	1563.394625	1426.63413125	1541.624625	1366.5811	1581.35175	1433.597	1369.38539375	1443.8409375	1331.98633125
"ILMN_1252335"	4363.454875	4667.497625	4376.21475	3996.876	4680.85275	4410.4075	4602.2670625	4137.6650625	3834.3006875	4464.1320625	4224.2954375	4436.122	4559.2555625	4363.454875	3770.3874375	4452.0114375
"ILMN_2630756"	365.182425	387.2671875	346.35661875	396.1385875	332.51471875	344.83418125	345.7649375	369.0737	406.94613125	383.67525	420.2161375	360.557825	355.19934375	365.57460625	330.6628875	457.93085
"ILMN_1215967"	601.77260625	576.2538625	585.82873125	528.659375	706.28880625	586.82305	589.33045	543.97434375	579.1233125	681.12016875	616.95135	609.015525	598.9458625	436.32871875	593.64370625	681.12016875
"ILMN_2648580"	7984.2996875	8031.7658125	7073.02275	7535.8325625	7935.557625	7460.845875	7935.557625	7591.974125	7144.64825	7630.668	7630.668	6474.592	8098.043625	7411.148625	7110.6441875	7287.4495625
"ILMN_2650902"	230.0987875	260.4962375	240.2466625	231.99835625	241.5009	248.3792375	225.11594375	198.537425	244.69550625	240.2466625	276.12820625	198.73825	248.03146875	264.523	221.7632625	230.76646875
"ILMN_1232025"	140.39288125	142.0322125	183.22048125	145.79421875	194.98645	138.9548125	146.249475	147.21659375	164.19486875	178.6904875	132.205225	122.31927	141.825175	138.8329125	157.56325625	152.22359375
"ILMN_3071764"	276.12820625	304.5775125	257.1474375	226.68588125	228.82529375	246.43791875	308.03741875	254.823675	276.12820625	242.168325	302.4367625	246.90165	239.731575	269.9254375	283.215625	294.61255625
"ILMN_1219564"	223.72760625	222.10299375	209.103475	229.10846875	205.07035	298.077875	236.130475	199.67699375	224.07854375	204.95320625	222.42536875	219.84864375	238.7891375	234.5153	208.8861375	235.79373125
"ILMN_2682173"	414.83418125	420.2161375	382.0394125	394.19975	391.4559875	402.7885	396.1385875	342.17348125	429.66280625	423.94420625	426.63545	445.80331875	380.48959375	411.74715	433.41804375	452.3838625
"ILMN_2870950"	10060.255125	11065.510875	11297.6646875	10060.255125	11173.0176875	10724.79525	10333.5746875	9671.8816875	8994.49525	10060.255125	9753.672125	9249.246625	10443.30125	8994.49525	8834.2650625	10674.29
"ILMN_2604794"	2574.93875	2476.998875	2342.59925	2963.303625	2781.58875	2325.05	2874.069125	3216.0641875	2928.994125	2827.8411875	2510.9436875	2118.75825	2553.0296875	3397.958	3583.1270625	2522.957375
"ILMN_2695228"	408.5570375	436.96919375	344.2023125	388.29455	442.1013375	439.20473125	503.5053625	349.856425	414.16425625	384.946275	501.45809375	340.10790625	400.818975	423.94420625	388.29455	390.72719375
"ILMN_1230931"	2533.3731875	2568.4504375	2105.115125	2533.3731875	2850.1111875	2827.8411875	2468.7893125	2461.6148125	2437.573625	2258.226875	2747.872	2258.226875	2560.1100625	2641.6040625	2491.2391875	2481.5916875
"ILMN_2639189"	124.0164625	119.074268125	134.02999375	122.31927	121.37270625	159.56865625	123.91041875	132.896825	124.27139375	139.7600375	113.638276875	127.2450625	132.698425	113.525858125	122.41531875	129.95585625
"ILMN_3151492"	297.66561875	216.67686875	347.6172625	347.6172625	267.27683125	292.0348375	192.157875	343.51701875	325.4101375	337.48220625	205.07035	282.668375	332.51471875	209.95990625	305.29793125	282.668375
"ILMN_3135991"	157.216325	164.88851875	163.813025	150.99335625	143.6057375	134.3977375	140.39288125	140.599075	130.59743125	144.61973125	148.33931875	158.2587875	147.21659375	150.8607	156.2078125	139.28285
"ILMN_2914271"	1613.5793125	1790.375375	1719.596	1581.35175	1767.103375	1753.9889375	1577.917625	1741.11475	1703.268	1873.4655625	1657.091625	1753.9889375	1665.832375	1672.5034375	1719.596	1876.157875
"ILMN_2837189"	1825.6773125	1729.3028125	2500.73225	2448.833375	2037.840625	1933.3263125	1529.5255625	2148.8818125	2320.2016875	2201.56525	1919.0003125	1876.157875	1716.46775	1665.832375	2355.1674375	1859.51175
"ILMN_1224336"	2388.401875	1841.8780625	2593.7214375	2476.998875	2461.6148125	2164.478	1790.375375	2022.208	2183.460125	2416.0603125	1638.406375	2223.8230625	2052.1315	1808.6184375	2063.82525	2313.56925
"ILMN_2644480"	145.03638125	156.7400875	153.8393625	130.09806875	168.80715	129.64690625	129.03165	123.83503125	115.0698675	160.77475625	134.02999375	157.693625	119.43970125	122.41531875	116.08336	138.60301875
"ILMN_1237830"	182.32083125	171.83655	234.260575	193.7898875	130.0340125	189.26159375	189.890575	250.930975	196.029325	175.1317625	189.26159375	238.31953125	146.0064625	198.2266625	216.00235625	197.0282375
"ILMN_1252602"	207.70706875	205.534625	193.88205	149.21289375	218.25731875	210.29248125	204.95320625	185.43579375	142.249075	162.6555875	174.942675	174.510375	191.9776875	161.81215625	187.40104375	220.8166125
"ILMN_2964728"	466.434675	480.16580625	461.81859375	453.05573125	605.16504375	581.747025	514.343425	394.19975	423.20989375	461.81859375	524.4077875	565.08385	494.18310625	438.60243125	427.12645	524.4077875
"ILMN_2818396"	1625.73425	1539.848	1684.229	1712.4669375	1588.2665625	1635.846125	1485.9148125	1642.0229375	1751.0855	1553.0540625	1703.268	1593.675875	1657.091625	1593.675875	1733.5576875	1553.0540625
"ILMN_2594768"	1096.2395125	1128.48683125	1288.97909375	1410.221575	1249.51303125	1272.7707375	1208.95903125	1447.2469375	1304.11341875	1123.47035	1140.3004	1265.42595625	1128.48683125	1237.64559375	1340.43134375	1122.48299375
"ILMN_3158444"	253.8598	263.91614375	240.45228125	371.001275	154.1588625	220.08603125	216.99501875	346.35661875	396.6321	276.746625	387.2671875	258.45333125	241.5009	346.35661875	427.6186125	232.7016375
"ILMN_2640140"	461.81859375	425.43803125	406.25033125	486.43069375	589.33045	477.51089375	430.63421875	515.00791875	457.2691	492.318275	511.4432375	468.86593125	540.56240625	501.45809375	565.08385	469.928175
"ILMN_2676056"	151.58565625	166.21005625	167.7883625	156.89665	113.415215	155.31084375	156.7400875	178.96955	200.89800625	161.26354375	177.32429375	185.0267625	148.0848125	193.3669875	167.96165625	140.78546875
"ILMN_1228796"	307.1202375	332.17845625	279.95749375	233.2049125	274.6481375	329.3921125	296.89524375	241.2465625	236.130475	279.0067375	250.65075	286.13239375	287.6191125	264.8414125	221.5099	292.76560625
"ILMN_2660103"	748.15424375	741.15223125	785.55970625	800.142025	667.346975	645.18645625	722.33518125	833.42680625	860.29973125	733.7992	787.17976875	819.3952875	730.96755	803.50789375	905.5100875	991.49634375
"ILMN_1234685"	1793.433875	1447.2469375	1546.757625	1447.2469375	1672.5034375	1512.9835625	1512.9835625	1382.81021875	1467.699125	1716.46775	1418.00461875	1539.848	1851.1645625	1521.487125	1433.597	1654.4488125
"ILMN_2616422"	716.28623125	721.06025	829.02494375	558.30926875	801.81858125	668.6408375	697.11445625	521.16900625	448.20770625	742.81638125	456.45375	608.020025	649.74345625	536.63215625	496.135925	736.02556875
"ILMN_2983714"	145.79421875	134.32206875	121.994118125	134.32206875	152.90356875	130.59743125	137.5014625	136.4538875	137.74104375	138.493975	120.24917875	135.35369375	133.14736875	129.71258125	148.93023125	156.49079375
"ILMN_3133267"	178.96955	145.5794125	186.66923125	162.934825	158.53173125	140.78546875	152.69155	157.56325625	156.60838125	167.96165625	150.51230625	155.98471875	153.038975	175.98158125	167.46681875	186.01159375
"ILMN_1259004"	105.41077625	105.0368925	132.7850125	113.965685625	133.56350625	115.45249	110.27779375	139.28285	130.0340125	130.0340125	122.83345	92.074044375	111.549485	108.84136875	113.846940625	133.6731375
"ILMN_2668178"	1004.4496375	1040.3397625	997.9165375	997.9165375	867.3996875	880.3431	841.8968125	910.37574375	1086.60641875	946.97265625	889.0091875	1073.825075	728.21921875	778.8566	833.42680625	843.17844375
"ILMN_2730714"	12195.6165625	12022.927	12309.0020625	11659.052625	13172.297875	11818.927875	11659.052625	11065.510875	11938.2769375	12776.28325	11659.052625	11938.2769375	12022.927	11818.927875	11408.793	13534.7125
"ILMN_2631745"	2514.93025	2641.6040625	2624.439625	2243.769375	2647.8840625	2657.9415625	2747.872	2375.4135	2189.738	2305.095875	2342.59925	2432.0701875	2416.0603125	2250.7824375	2461.6148125	2223.8230625
"ILMN_3001417"	4706.18725	4239.0556875	3682.3524375	3282.743375	3757.6965625	4619.5934375	4115.4703125	3463.9809375	3445.8880625	3641.0309375	4100.9669375	4642.1986875	4544.1546875	4137.6650625	3546.5745	3953.748625
"ILMN_2496121"	327.851675	346.84835	258.45333125	261.69506875	332.17845625	334.0526875	312.35949375	330.6628875	269.31935625	303.5227625	308.76860625	313.27270625	356.32760625	323.1156125	285.20514375	281.8167875
"ILMN_2839745"	379.33124375	366.8749875	452.3838625	406.94613125	430.63421875	458.6657375	337.48220625	434.11775625	480.9888125	482.1791625	308.03741875	508.66270625	451.59918125	340.65205625	445.80331875	439.64811875
"ILMN_1218151"	136.01621875	161.26354375	154.1588625	124.914075	108.30596375	152.515875	132.7850125	113.638276875	146.47023125	127.3510375	171.22390625	125.805925	140.8878375	124.0164625	114.250825	133.43806875
"ILMN_1228561"	106.643790625	102.251944375	129.30451875	118.23729375	116.987925	106.42664125	114.5831625	118.025370625	106.33853625	132.53908125	115.3635675	108.6479925	131.0427625	114.643075	96.29378375	129.55834375
"ILMN_2893564"	200.4274125	210.5832875	185.25490625	182.85221875	226.0137125	203.7438375	246.70936875	185.88055	207.23683125	235.79373125	214.999475	201.08705	246.70936875	235.43113125	191.631825	218.7287625
"ILMN_1237241"	272.57405	271.68064375	302.0011375	208.8861375	323.41438125	268.257725	266.98208125	264.24041875	278.2667625	326.82395625	235.43113125	293.02445625	295.17453125	241.0027875	203.0263	283.540325
"ILMN_2729235"	758.1567625	826.7718875	799.0163375	809.68798125	791.96815625	729.4838	652.601775	812.9982	750.79295	721.06025	729.4838	811.4076125	685.93454375	752.23520625	762.295575	791.96815625
"ILMN_2741737"	202.26374375	244.12235625	224.07854375	204.0911625	250.01338125	186.66923125	231.68000625	205.07035	200.7246625	226.39001875	196.7999	207.04245	200.89800625	169.88470625	199.27065	239.731575
"ILMN_2655871"	134.02999375	145.03638125	155.81645625	139.41925	148.93023125	126.8687375	132.10626875	163.10266875	128.63870625	165.4697625	126.30664375	144.86123125	122.195053125	133.6731375	129.55834375	129.8790875
"ILMN_3149218"	179.20448125	194.03785625	204.6013	185.748925	220.33043125	190.9587625	189.08605625	169.34339375	170.04654375	188.0836	203.16753125	163.58553125	182.32083125	177.32429375	203.16753125	161.551425
"ILMN_1239411"	160.48074375	149.99069375	163.10266875	168.585275	127.09165	149.1243125	143.20033125	159.0277875	194.2015	166.325525	154.55408125	143.8182375	156.38801875	166.21005625	171.22390625	159.56865625
"ILMN_1253761"	255.71478125	248.81170625	310.557075	233.4838625	289.80645	231.99835625	254.10841875	243.86538125	259.57115	254.10841875	238.31953125	271.34849375	245.7140625	259.57115	212.56733125	272.57405
"ILMN_2616956"	3757.6965625	3592.45975	3658.924875	3422.046375	3508.3631875	3658.924875	3480.6066875	3728.71325	4048.0388125	3592.45975	3682.3524375	3610.6621875	3307.411375	3699.664375	3862.5035625	3572.0115
"ILMN_1225901"	114.250825	117.863168125	104.67067125	110.925168125	108.418080625	125.46033125	101.48536875	122.245771875	120.51551125	133.6731375	108.362078125	104.67067125	116.87479875	98.33418625	102.30998375	127.4141875
"ILMN_2722769"	176.99835	212.2325375	211.1658125	178.81230625	181.23368125	192.86455	181.58448125	177.32429375	193.3669875	197.3707125	204.0911625	195.500075	192.86455	191.1588375	213.93013125	178.96955
"ILMN_1248125"	320.69589375	279.95749375	280.7798125	260.86174375	276.421125	283.540325	279.61274375	241.740075	275.47909375	368.19235625	285.20514375	299.09469375	304.13445625	321.82924375	271.34849375	304.13445625
"ILMN_2746132"	1385.99768125	1851.1645625	1581.35175	1501.8286875	1318.1725625	1395.78575	1581.35175	1478.5996875	1695.865	1625.73425	1635.846125	1328.9357	1328.9357	1606.403875	1569.421	1747.868375
"ILMN_2885123"	287.6191125	297.66561875	399.899675	240.692075	386.81351875	229.88585625	325.01405625	234.260575	262.09323125	442.89155	283.540325	235.25141875	234.260575	338.969875	264.8414125	427.6186125
"ILMN_2692124"	56178.88	60944.44125	57838.04	60944.44125	60944.44125	57838.04	60944.44125	60944.44125	56178.88	53803.0675	59554.999375	59554.999375	60944.44125	60944.44125	56178.88	59554.999375
"ILMN_1220398"	1062.9545625	968.52038125	1126.81623125	826.7718875	950.49096875	941.899225	1050.89158125	835.00675625	852.3978375	1157.0028125	816.19315625	1035.2212625	928.73256875	857.74695625	870.534625	1018.9702
"ILMN_2715558"	1684.229	1672.5034375	1638.406375	1642.0229375	1560.8211875	1695.865	1812.93475	1836.85825	1974.2203125	1799.4763125	1560.8211875	1836.85825	1597.03825	1599.0994375	1745.095625	1974.2203125
"ILMN_1253601"	223.11305	255.342925	236.75499375	165.954875	217.22279375	236.61770625	230.76646875	199.27065	212.2325375	232.7016375	234.260575	267.27683125	264.523	179.673275	197.0282375	255.71478125
"ILMN_2704826"	11938.2769375	12961.611375	14760.245625	13534.7125	15811.34625	10674.29	13172.297875	13534.7125	12621.3100625	15312.959375	11495.6474375	11818.927875	11408.793	12309.0020625	12022.927	13731.0364375
"ILMN_2710611"	189.26159375	186.82786875	185.0267625	174.8182375	192.6032125	174.8182375	181.98435	220.08603125	174.6676875	184.0525875	159.81698125	162.17669375	190.26230625	233.2049125	155.432225	163.41111875
"ILMN_2635888"	321.82924375	301.5162	293.459625	291.65074375	286.13239375	296.50191875	267.9434	310.557075	284.58690625	284.58690625	313.732625	372.73630625	274.07449375	285.20514375	312.7451875	285.79318125
"ILMN_1220417"	167.46681875	161.43203125	177.7439375	163.95495625	189.08605625	174.6676875	175.692725	143.8182375	159.69138125	173.37554375	172.0150375	178.28668125	174.1205625	164.74565625	138.60301875	174.1205625
"ILMN_2754492"	98.3837425	101.455893125	104.931365625	139.9945375	88.47611625	90.45675125	101.764814375	100.0861875	129.8790875	97.92421375	105.775105625	96.820976875	100.057215625	100.422220625	124.914075	94.4450625
"ILMN_2699833"	282.668375	280.32616875	251.62058125	270.48401875	255.342925	259.57115	286.81030625	266.98208125	300.83779375	256.726675	257.1474375	272.79385	277.7191375	240.2466625	290.319825	268.74179375
"ILMN_2672208"	729.4838	733.7992	600.22399375	549.89674375	638.36458125	646.166675	728.21921875	535.7323125	622.424775	649.74345625	719.046825	569.9199	761.0036625	693.96675625	623.59819375	758.1567625
"ILMN_2707207"	3358.915875	3996.876	3883.6430625	4059.5295	4327.9955625	3480.6066875	4396.7099375	4464.1320625	4115.4703125	3572.0115	4183.4475625	3397.958	3610.6621875	4706.18725	4363.454875	3583.1270625
"ILMN_1257298"	3741.448875	3658.924875	3323.130125	3583.1270625	3741.448875	3672.7575	3546.5745	4115.4703125	4166.331375	3526.0949375	4166.331375	3583.1270625	3883.6430625	4270.5875	4206.7450625	3353.5210625
"ILMN_2623793"	306.2683	302.9173875	325.4101375	457.2691	214.999475	327.20638125	269.0900875	394.9682625	444.0608625	298.077875	428.2162625	350.2464875	300.51006875	375.74753125	435.13193125	301.5162
"ILMN_1217040"	1658.9980625	1997.4680625	1802.7274375	1616.891125	1700.66975	1925.171375	2238.6796875	1593.675875	1565.7745625	1642.0229375	1933.3263125	1733.5576875	1978.2611875	1859.51175	1610.26175	1648.387625
"ILMN_2754787"	300.13343125	257.83005	318.857075	408.5570375	356.32760625	293.459625	339.5567875	279.95749375	324.59301875	330.25861875	269.0900875	215.26519375	321.82924375	380.48959375	359.99755625	294.1801625
"ILMN_1222356"	732.0853625	660.82371875	749.09235	791.96815625	649.74345625	600.22399375	679.91124375	745.71349375	726.77698125	661.9242375	579.95534375	812.9982	668.6408375	681.12016875	765.3852875	668.6408375
"ILMN_2736847"	1080.43248125	1067.32936875	519.32630625	462.82	545.7415125	950.49096875	1062.9545625	477.51089375	653.84860625	533.3672125	1153.086725	1117.5936875	973.91274375	1200.59594375	502.513075	546.67505625
"ILMN_3163221"	569.9199	607.033175	605.16504375	522.02868125	558.30926875	667.346975	562.62983125	597.95865625	592.42118125	605.16504375	475.084675	577.3044	629.7449375	546.67505625	521.16900625	615.6507375
"ILMN_2754859"	127.80019375	92.419905	102.415140625	99.99417625	106.191794375	129.20803125	113.0331475	120.51551125	94.993215	100.057215625	88.327661875	100.364430625	81.313718125	105.904315625	94.05565125	80.620875
"ILMN_1232123"	143.9201875	151.7113	167.96165625	134.66733125	152.5911625	134.32206875	161.04661875	106.85326625	131.91349375	148.33931875	138.2094375	140.78546875	154.1588625	148.21475	138.70476875	138.70476875
"ILMN_2656440"	630.68256875	601.04705625	465.7442	508.66270625	522.02868125	610.22988125	733.7992	505.60308125	534.31181875	481.47731875	592.42118125	619.76544375	712.6582	685.93454375	628.2296125	491.6045875
"ILMN_2793281"	595.21409375	587.55103125	530.13569375	608.020025	556.3031625	592.42118125	610.22988125	624.54245	567.0161125	569.9199	613.71071875	541.213475	603.75543125	555.743425	582.72373125	657.738425
"ILMN_1247873"	193.7898875	169.214	242.168325	181.23368125	186.66923125	222.66893125	191.631825	197.2252125	195.2914625	182.85221875	156.10200625	190.76133125	168.80715	185.59075	211.3284125	237.210825
"ILMN_2687908"	109.081111875	130.6918125	139.28285	126.6088375	118.982745625	124.76700625	118.23729375	112.450651875	116.48577125	142.76286875	113.7851975	130.4140875	158.1505875	132.896825	125.5333625	130.19934375
"ILMN_2743155"	126.15359375	122.7133125	133.6731375	119.3709175	161.43203125	144.61973125	127.9695	116.021529375	105.35851	118.084984375	128.5330625	132.205225	119.074268125	162.6555875	129.44345	112.3777025
"ILMN_2751354"	420.2161375	447.55898125	518.60681875	470.87679375	423.20989375	442.1013375	413.1436125	488.60263125	460.98259375	483.0917625	468.20624375	452.3838625	396.1385875	472.914975	430.63421875	493.5442
"ILMN_2739645"	302.0011375	311.953325	311.04498125	369.6460875	365.57460625	388.98266875	248.81170625	333.03789375	388.29455	266.54350625	250.930975	342.9916375	298.81056875	244.69550625	321.4583	329.84598125
"ILMN_2612513"	3353.5210625	3367.8920625	3186.193375	2560.1100625	3282.743375	3144.962875	3307.411375	2668.906125	2568.4504375	3232.3765	2968.9675625	3186.193375	3353.5210625	2448.833375	2641.6040625	3177.6788125
"ILMN_1252111"	2481.5916875	2437.573625	2383.1305	3049.8525625	2468.7893125	2461.6148125	2426.33675	3186.193375	3144.962875	2406.897125	3260.6586875	2388.401875	2890.73225	2916.3459375	3144.962875	2476.998875
"ILMN_2600443"	156.89665	167.6349875	174.1205625	161.43203125	167.203	177.977475	162.04371875	188.33473125	182.548525	128.71798125	145.1658125	139.28285	176.8443625	193.7898875	180.15525625	148.575225
"ILMN_2955362"	430.1853875	433.41804375	539.54431875	566.12206875	492.8494125	527.07400625	485.53976875	747.19006875	586.82305	453.55994375	434.11775625	628.2296125	453.55994375	503.5053625	616.95135	695.1960625
"ILMN_2609052"	3422.046375	3712.4661875	3144.962875	2881.650875	3323.130125	2698.729	3534.9343125	3018.412625	2698.729	3081.9745625	2874.069125	3353.5210625	3049.8525625	2647.8840625	2781.58875	2864.5063125
"ILMN_2603958"	115.9625425	108.25309375	124.14365	128.162825	121.580483125	118.23729375	114.30433375	126.7113625	103.479665625	107.86980625	131.27735	154.88060625	129.44345	106.242820625	113.562564375	112.450651875
"ILMN_2687372"	380.48959375	324.18878125	431.7225875	412.55158125	389.97513125	460.56375625	386.241725	429.66280625	391.4559875	374.74366875	346.35661875	444.0608625	362.3423375	374.27375	384.34065	462.82
"ILMN_1233304"	722.33518125	661.9242375	820.2931	860.29973125	960.96005	718.119375	598.9458625	892.5835875	870.534625	857.74695625	572.9692625	829.02494375	721.06025	605.16504375	812.9982	838.49383125
"ILMN_1218880"	132.60215	118.982745625	112.4208325	109.821780625	128.162825	117.65351375	134.02999375	123.07411875	132.10626875	131.7516	134.3977375	129.64690625	122.7133125	141.68094375	123.0109875	116.2029875
"ILMN_2641063"	86.950666875	90.30326	98.255631875	89.7198325	97.145974375	99.884870625	101.583679375	93.84986125	98.9641	114.710489375	122.93675	87.74708125	95.51638125	130.90685	105.21574625	107.0372
"ILMN_1228426"	134.89306875	150.78871875	151.58565625	157.9106125	132.896825	146.9285625	110.81515	144.38583125	152.515875	160.6173125	141.825175	136.79684375	152.1062	138.493975	164.0783625	174.510375
"ILMN_1258943"	281.8167875	268.257725	357.68119375	292.76560625	220.08603125	242.168325	283.540325	304.5775125	251.62058125	293.02445625	241.2465625	281.32585625	197.96421875	260.4962375	276.421125	299.09469375
"ILMN_2732998"	302.4367625	296.89524375	267.27683125	375.74753125	324.18878125	284.07173125	320.96831875	400.818975	398.8783375	294.1801625	452.3838625	315.527125	312.35949375	371.5558125	468.86593125	309.742025
"ILMN_2847004"	387.961875	407.82223125	332.51471875	312.35949375	308.440225	404.7403875	426.13363125	342.5941	376.43794375	344.2023125	558.30926875	444.5415	476.99363125	541.213475	422.1692375	342.5941
"ILMN_3059135"	105.687775625	113.846940625	129.95585625	118.6015225	117.440628125	134.89306875	125.88055625	130.79925	102.251944375	122.31927	117.229330625	120.24917875	105.53290375	132.53908125	121.17253375	116.628699375
"ILMN_2828420"	226.68588125	234.5153	231.05068125	226.39001875	237.44534375	205.3047125	213.347025	226.39001875	197.0282375	206.018925	194.03785625	236.75499375	232.7016375	153.5859125	185.748925	207.45166875
"ILMN_2754220"	381.63321875	338.969875	399.316725	343.51701875	342.5941	418.11000625	310.557075	369.6460875	318.36661875	401.56864375	284.58690625	376.43794375	401.56864375	299.838875	333.03789375	423.94420625
"ILMN_2729783"	372.73630625	278.67450625	368.69168125	243.336	382.95286875	357.10310625	222.9096625	262.09323125	265.53608125	316.35359375	278.2667625	342.5941	320.36241875	256.2845125	343.51701875	279.0067375
"ILMN_2651781"	851.2181625	852.3978375	1071.30986875	896.56195625	926.7802875	894.35590625	807.2088	1021.62443125	821.9814125	854.31285625	777.837775	930.27695625	829.02494375	886.00486875	860.29973125	877.80959375
"ILMN_1256175"	554.6096625	521.16900625	546.67505625	583.84518125	448.8247125	528.659375	516.35701875	527.07400625	567.74288125	510.5569375	515.00791875	512.05889375	515.71900625	519.32630625	539.54431875	433.41804375
"ILMN_2685088"	97.476561875	119.825093125	146.47023125	169.34339375	93.84986125	101.126781875	95.9209275	137.077675	145.674675	155.432225	99.41942625	106.85326625	110.64360625	92.074044375	111.7973125	106.33853625
"ILMN_2950721"	700.53440625	679.91124375	844.16524375	780.5475	628.2296125	685.93454375	660.82371875	718.119375	693.96675625	645.18645625	710.4593125	722.33518125	600.22399375	726.77698125	736.02556875	709.30966875
"ILMN_1257631"	213.93013125	222.9096625	236.95804375	233.86650625	242.168325	247.57271875	210.29248125	214.999475	256.726675	241.90995	220.08603125	246.43791875	230.0987875	200.7246625	195.7818	231.68000625
"ILMN_2725286"	362.90645625	293.85094375	313.27270625	269.54261875	335.58544375	288.4541	342.5941	259.10294375	290.319825	340.10790625	236.130475	303.5227625	279.61274375	262.67929375	259.10294375	287.144725
"ILMN_1225027"	326.82395625	336.38178125	398.285625	444.0608625	269.31935625	340.65205625	305.74060625	572.9692625	431.7225875	331.55780625	341.124375	362.90645625	304.5775125	402.7885	457.93085	346.35661875
"ILMN_1243593"	6627.1081875	5691.950125	6136.195875	5762.73775	5691.950125	6791.54225	5691.950125	5592.9835	5720.023125	6332.6618125	5458.565	6997.7991875	6578.41025	5100.66625	5859.1675625	5859.1675625
"ILMN_2660898"	165.954875	195.7818	199.52053125	208.4504625	218.7287625	222.42536875	190.51620625	189.26159375	241.5009	219.13505625	167.0412125	180.922175	223.62086875	230.76646875	254.823675	198.73825
"ILMN_2809656"	111.382021875	128.34369375	115.50622375	118.805108125	118.85425125	123.29315	122.195053125	123.17825	115.3635675	121.52119	109.735179375	114.165755625	124.76700625	143.37633125	114.165755625	101.521660625
"ILMN_2620583"	2500.73225	2758.6666875	2461.6148125	2334.2050625	1988.0516875	2476.998875	2281.600125	2647.8840625	2809.6363125	2189.738	2491.2391875	2781.58875	2426.33675	2297.81	2553.0296875	2355.1674375
"ILMN_2644161"	997.9165375	1083.9575	1161.1970625	1035.2212625	1292.25568125	1094.47193125	964.61938125	1029.641025	991.49634375	1154.72575625	1149.6691	968.52038125	993.2954125	1069.8680125	964.61938125	1094.47193125
"ILMN_1220263"	107.767169375	129.30451875	122.6171375	115.143828125	115.017581875	111.549485	134.32206875	110.057823125	135.840375	130.79925	122.245771875	108.960214375	134.3977375	119.956154375	136.01621875	121.653625
"ILMN_2915716"	149.99069375	131.0427625	123.61475625	141.825175	166.49685	124.417475	163.58553125	136.98565	130.4140875	128.63870625	145.5794125	129.7814125	135.53380625	162.80370625	126.2334375	130.79925
"ILMN_2775300"	112.5711125	137.35951875	103.933105	104.433021875	125.5333625	109.37994875	140.504525	117.65351375	123.17825	126.6088375	120.403178125	126.0942125	109.031705	114.165755625	132.10626875	136.4538875
"ILMN_2588682"	453.55994375	394.19975	511.4432375	494.18310625	517.00189375	427.6186125	460.56375625	413.6796125	453.55994375	449.41195625	368.69168125	501.45809375	352.64973125	358.44570625	420.2161375	509.714725
"ILMN_2706051"	3031.3415	2816.5711875	3114.975	2731.420875	2710.1726875	2681.920625	2800.7055	2582.3805	2641.6040625	2738.6715	2476.998875	2963.303625	2491.2391875	2388.401875	2342.59925	2781.58875
"ILMN_2659456"	128.63870625	137.2026125	126.5154875	136.10575625	117.578344375	129.8790875	125.46033125	108.480956875	128.44940625	104.51807625	126.5154875	121.87844875	127.1895375	141.26234375	127.9695	123.83503125
"ILMN_3059772"	143.50841875	142.58573125	148.33931875	155.432225	135.840375	159.0277875	149.99069375	135.53380625	132.698425	163.95495625	160.77475625	140.8878375	130.28583125	157.9106125	145.5794125	143.37633125
"ILMN_2590532"	129.10061875	147.21659375	117.229330625	134.093925	143.50841875	139.28285	134.479925	118.23729375	129.37900625	128.34369375	122.41531875	151.58565625	126.5154875	129.37900625	121.048245	132.896825
"ILMN_2691567"	204.95320625	192.6032125	227.4998625	244.69550625	280.32616875	254.36886875	211.3284125	225.29593125	228.38930625	217.22279375	226.2570875	220.50859375	200.56650625	171.38676875	234.260575	245.7140625
"ILMN_2606990"	486.43069375	450.09990625	435.13193125	457.93085	444.5415	475.084675	491.6045875	365.57460625	399.899675	470.87679375	534.31181875	525.57068125	483.86240625	485.53976875	476.1185375	389.97513125
"ILMN_2922544"	165.34283125	175.49864375	162.4788625	163.41111875	197.2252125	176.12585	170.6414875	179.44441875	168.20095	156.89665	159.3464375	157.56325625	173.04038125	170.6414875	144.53268125	173.4603
"ILMN_2628551"	1315.989225	1262.084325	1178.73895	1185.554375	1286.1005125	1226.33259375	1385.99768125	1077.30364375	1194.77774375	1284.59764375	1340.43134375	1255.287775	1320.76196875	1265.42595625	1161.1970625	1249.51303125
"ILMN_2776681"	557.51616875	569.9199	726.77698125	610.8717375	855.91689375	554.6096625	622.424775	589.33045	525.57068125	691.70765625	580.68080625	601.04705625	594.5953875	511.4432375	597.95865625	589.33045
"ILMN_1259418"	3971.043125	3883.6430625	3834.3006875	3920.65875	3144.962875	4137.6650625	3641.0309375	3422.046375	4137.6650625	3862.5035625	3862.5035625	4602.2670625	4059.5295	3610.6621875	3282.743375	4206.7450625
"ILMN_2668977"	34808.40625	34808.40625	29198.485625	32505.79625	30659.768125	32505.79625	34808.40625	31429.665	33503.791875	33503.791875	33503.791875	32505.79625	34808.40625	34808.40625	31429.665	31429.665
"ILMN_2704641"	4270.5875	4619.5934375	4048.0388125	4344.53675	4270.5875	4059.5295	4577.5029375	4559.2555625	4293.4258125	4270.5875	4880.49925	3834.3006875	4152.0380625	4951.3425625	4464.1320625	3796.041
"ILMN_2647553"	153.34843125	175.692725	149.79191875	227.4998625	131.27735	162.4788625	160.6173125	209.32098125	214.87245625	159.81698125	251.30326875	171.50286875	149.02734375	243.0280375	215.6734625	129.10061875
"ILMN_2655126"	164.74565625	147.8156375	164.19486875	179.20448125	189.473275	186.82786875	155.127325	151.1479625	143.07578125	200.56650625	214.87245625	161.04661875	177.977475	192.6032125	185.25490625	161.68011875
"ILMN_2879910"	156.49079375	187.17769375	179.20448125	182.10419375	166.5747125	160.37689375	145.1658125	151.58565625	134.78813125	138.2094375	162.4788625	145.45378125	137.3024375	124.417475	172.0150375	159.97255
"ILMN_2910684"	133.6731375	159.69138125	135.92853125	154.1588625	144.00685625	159.81698125	166.87675	153.038975	159.97255	165.954875	167.96165625	158.53173125	157.42939375	174.6676875	152.22359375	136.704875
"ILMN_2668778"	121.048245	130.90685	125.0597375	115.243696875	139.15418125	139.87195625	119.23269	117.03301125	110.873780625	129.55834375	119.956154375	121.37270625	127.8719875	126.5154875	130.0340125	132.205225
"ILMN_3103575"	196.029325	197.56828125	190.26230625	176.556675	186.44199375	181.58448125	153.34843125	207.45166875	206.64905625	175.98158125	159.56865625	209.95990625	220.08603125	147.93004375	212.036425	187.17769375
"ILMN_2971073"	169.214	153.1769625	176.99835	172.0150375	162.17669375	156.89665	142.76286875	162.286325	176.12585	150.51230625	147.93004375	168.20095	165.20645625	160.77475625	180.588125	181.7425875
"ILMN_1257061"	242.168325	229.88585625	250.01338125	245.7140625	224.75283125	276.421125	265.969925	294.1801625	205.3047125	235.25141875	215.26519375	221.7632625	229.10846875	227.67105	277.7191375	257.83005
"ILMN_1245380"	342.9916375	334.0526875	318.36661875	297.20371875	314.987925	294.1801625	300.83779375	345.7649375	328.285625	338.969875	362.3423375	297.66561875	314.987925	329.84598125	332.17845625	310.20375625
"ILMN_2671843"	139.15418125	136.24591875	125.6313	126.79658125	108.480956875	132.4016625	113.415215	117.94880375	126.03825625	114.97474375	138.70476875	130.0340125	149.21289375	157.83153125	127.72565625	104.67067125
"ILMN_2644477"	225.56696875	234.86673125	237.210825	239.731575	285.79318125	248.81170625	235.25141875	212.036425	185.43579375	212.036425	202.5795125	228.38930625	210.29248125	169.214	194.641925	215.532425
"ILMN_1236413"	155.81645625	134.093925	110.5282575	132.60215	114.710489375	118.025370625	125.36169375	129.71258125	129.95585625	113.562564375	193.7898875	140.39288125	150.8607	206.018925	146.249475	98.575135625
"ILMN_1231966"	4082.71825	4270.5875	4270.5875	4464.1320625	3436.421625	4100.9669375	3397.958	4642.1986875	4642.1986875	4166.331375	4152.0380625	4834.3839375	3901.5434375	3796.041	4855.10025	4559.2555625
"ILMN_2612564"	167.96165625	205.07035	166.325525	217.3990625	163.813025	175.692725	203.36625	169.88470625	188.73664375	181.23368125	197.3707125	181.7425875	198.73825	161.43203125	159.0277875	190.08255
"ILMN_1233056"	116.25198875	133.31306875	148.42471875	135.5993875	130.4140875	124.14365	121.580483125	140.1893	143.20033125	134.02999375	127.46519375	111.916439375	122.245771875	122.195053125	146.69515625	149.64721875
"ILMN_2772380"	639.4019375	638.36458125	548.38800625	618.0341625	636.204775	610.8717375	615.6507375	619.76544375	646.166675	631.9964875	598.9458625	595.21409375	669.95110625	574.1261625	605.16504375	579.1233125
"ILMN_2679131"	110.222861875	147.51644375	128.8212375	125.9750625	120.931299375	132.60215	144.00685625	132.4016625	167.96165625	118.15266125	136.89603125	104.388986875	135.92853125	126.2334375	130.97268125	127.2450625
"ILMN_2984793"	517.00189375	487.0973125	543.97434375	580.68080625	592.42118125	545.7415125	435.835025	538.40756875	598.9458625	590.2830875	621.29355	506.4152125	520.452825	515.00791875	581.747025	525.57068125
"ILMN_2865882"	136.52760625	144.86123125	123.29315	138.60301875	151.1479625	142.58573125	131.3446625	113.15592625	131.43111875	152.372725	144.53268125	138.0079125	114.5831625	126.6088375	137.5014625	160.37689375
"ILMN_1258657"	355.68825625	424.62724375	402.26533125	360.557825	451.59918125	371.5558125	420.2161375	325.79024375	407.82223125	376.90229375	411.01455625	381.22103125	378.12289375	386.81351875	385.60209375	341.124375
"ILMN_2741063"	193.07526875	187.9385375	197.96421875	264.24041875	191.8118125	193.7898875	175.28598125	257.3934125	218.5558625	252.8984	238.0985	215.532425	170.992825	203.7438375	223.11305	200.89800625
"ILMN_2904321"	718.119375	667.346975	645.18645625	571.6147875	647.28489375	703.5802625	601.77260625	581.747025	648.30325625	668.6408375	607.033175	764.2097375	643.92078125	628.2296125	648.30325625	741.15223125
"ILMN_2708877"	4951.3425625	4410.4075	4995.627	4758.6421875	4206.7450625	4706.18725	4206.7450625	5159.29925	4819.3668125	5188.1588125	4452.0114375	5188.1588125	4774.159	4452.0114375	4880.49925	4995.627
"ILMN_2663015"	349.856425	332.51471875	352.044	286.81030625	363.99298125	353.06145	331.55780625	336.88030625	319.52645625	350.950725	327.851675	375.74753125	341.61043125	305.29793125	312.35949375	381.63321875
"ILMN_1252621"	436.96919375	399.316725	381.22103125	401.56864375	444.0608625	408.5570375	381.63321875	414.16425625	423.94420625	428.2162625	425.43803125	393.7152125	368.69168125	432.68891875	436.96919375	412.55158125
"ILMN_2698361"	736.02556875	780.5475	586.82305	700.53440625	475.084675	676.4500125	765.3852875	758.1567625	804.60284375	619.76544375	939.87478125	761.0036625	926.7802875	902.21253125	794.63866875	710.4593125
"ILMN_2606564"	220.08603125	192.157875	241.0027875	238.0985	256.726675	200.7246625	188.73664375	252.4631	230.76646875	250.65075	188.73664375	213.04775625	195.7818	207.23683125	218.25731875	178.6904875
"ILMN_1223343"	249.19909375	286.13239375	255.90626875	256.726675	318.03841875	271.34849375	237.44534375	325.4101375	259.10294375	269.54261875	233.70659375	267.6644625	254.36886875	239.3336125	301.5162	305.29793125
"ILMN_1238801"	1994.359875	1799.4763125	2098.2055	2137.9463125	2143.6614375	1703.268	1703.268	2112.8919375	1796.3114375	1539.848	1978.2611875	1741.11475	1423.25485	1773.0195	1937.256125	1563.394625
"ILMN_2870688"	1363.2152	1399.6960125	1423.25485	1464.879	1464.879	1488.5588125	1565.7745625	1695.865	1574.8205625	1366.5811	1510.2215	1501.8286875	1499.0845625	1457.8441875	1546.757625	1517.980125
"ILMN_2646411"	455.44276875	456.45375	427.12645	352.044	388.98266875	563.63728125	473.52364375	388.29455	408.5570375	353.06145	474.47324375	539.54431875	427.6186125	486.43069375	416.5290125	335.58544375
"ILMN_3163211"	295.67068125	306.74313125	279.0067375	281.32585625	307.1202375	280.7798125	316.0292125	326.82395625	304.5775125	301.5162	347.2855875	275.04995	318.03841875	320.96831875	287.144725	271.34849375
"ILMN_1247760"	235.43113125	183.40340625	275.47909375	247.57271875	248.3792375	236.39815625	212.77806875	191.9776875	250.930975	220.8166125	212.56733125	181.43729375	198.2266625	251.30326875	200.7246625	243.64128125
"ILMN_2895991"	1812.93475	1781.5615	1585.203875	1601.894875	1405.39675625	1829.6575625	1635.846125	1556.765375	1420.65530625	1599.0994375	1304.11341875	1919.0003125	1571.518	1505.6170625	1470.9896875	1478.5996875
"ILMN_1214070"	386.241725	368.19235625	394.19975	353.06145	411.01455625	400.818975	368.19235625	340.65205625	305.29793125	406.94613125	372.73630625	408.5570375	349.2293625	354.05960625	346.35661875	436.96919375
"ILMN_2768926"	2781.58875	2827.8411875	2968.9675625	3134.3626875	2613.0956875	2874.069125	2601.580625	2874.069125	2890.73225	2731.420875	2738.6715	3031.3415	2738.6715	2613.0956875	2998.837625	2500.73225
"ILMN_2660182"	520.452825	489.587425	598.9458625	536.63215625	600.22399375	567.74288125	527.93001875	559.57819375	458.6657375	564.21346875	431.7225875	510.5569375	510.5569375	516.35701875	620.669025	566.12206875
"ILMN_2593709"	110.057823125	114.165755625	135.5993875	115.45249	132.4016625	148.0848125	136.24591875	110.746616875	110.1219775	129.8790875	123.372175	122.41531875	98.7982125	121.994118125	130.45783125	110.925168125
"ILMN_3158200"	668.6408375	648.30325625	762.295575	691.70765625	811.4076125	707.6533625	681.12016875	678.67405625	718.119375	726.77698125	748.15424375	721.06025	741.15223125	759.58360625	695.1960625	766.57840625
"ILMN_1225594"	1470.9896875	1588.2665625	1355.16958125	1357.73449375	1478.5996875	1767.103375	1601.894875	1402.53706875	1599.0994375	1418.00461875	1773.0195	1802.7274375	1737.21975	1832.8898125	1560.8211875	1433.597
"ILMN_2817021"	226.0137125	213.7162125	262.67929375	258.75729375	253.8598	222.9096625	204.6013	229.10846875	265.969925	282.30319375	228.82529375	256.726675	199.67699375	247.57271875	303.5227625	247.57271875
"ILMN_2858523"	33503.791875	31429.665	33503.791875	29991.60125	34808.40625	33503.791875	33503.791875	34808.40625	32505.79625	32505.79625	32505.79625	30659.768125	31429.665	32505.79625	32505.79625	33503.791875
"ILMN_2760415"	364.36604375	347.2855875	378.71825625	371.5558125	491.08171875	398.285625	376.43794375	301.5162	318.857075	345.38940625	296.03155	435.835025	358.44570625	326.82395625	325.4101375	356.66225625
"ILMN_2881024"	304.13445625	261.69506875	278.67450625	234.86673125	278.67450625	240.2466625	244.12235625	227.120325	232.7016375	315.527125	227.67105	209.6493125	252.8984	191.8118125	240.04690625	243.336
"ILMN_2613908"	843.17844375	752.23520625	620.669025	492.318275	563.63728125	805.97924375	597.95865625	514.343425	517.529525	551.0910625	516.35701875	711.26331875	590.2830875	525.57068125	600.22399375	497.8212875
"ILMN_1238640"	1588.2665625	1275.825625	1395.78575	1213.3972125	1703.268	1286.1005125	1215.46968125	1213.3972125	1119.3327375	1526.519875	1170.5943	1325.81468125	1546.757625	1231.54114375	1172.722225	1399.6960125
"ILMN_2665198"	289.80645	303.5227625	308.03741875	300.51006875	271.68064375	270.48401875	306.2683	298.53729375	303.2110375	278.2667625	348.09076875	258.75729375	269.0900875	292.0348375	306.2683	290.89839375
"ILMN_1221440"	149.48900625	167.46681875	160.23875	173.1835875	167.96165625	169.78939375	185.748925	176.31839375	192.34130625	164.88851875	164.88851875	145.898675	197.2252125	179.20448125	177.502625	156.99936875
"ILMN_1255757"	156.10200625	148.42471875	144.260675	152.515875	156.89665	151.7113	190.9587625	144.7298375	122.245771875	122.195053125	147.21659375	143.20033125	148.8364625	153.34843125	164.88851875	144.38583125
"ILMN_3060766"	419.286475	406.25033125	412.55158125	329.3921125	465.7442	361.62028125	380.48959375	357.68119375	422.1692375	398.285625	444.0608625	453.05573125	385.60209375	402.26533125	391.4559875	378.12289375
"ILMN_1214119"	109.37994875	127.537025	92.3623425	85.098784375	102.80032	129.37900625	98.603208125	91.6439275	93.565455625	98.255631875	113.846940625	106.242820625	129.71258125	113.281014375	91.9232025	100.5552075
"ILMN_2751887"	158.6875	165.954875	170.2017375	193.3669875	211.808925	195.13283125	186.44199375	171.22390625	177.13383125	216.67686875	178.81230625	164.0783625	192.6032125	191.9776875	139.64135625	194.03785625
"ILMN_1235324"	413.1436125	422.1692375	338.969875	310.20375625	372.73630625	416.5290125	457.93085	428.86770625	430.1853875	411.01455625	457.2691	442.1013375	466.434675	379.9415625	415.8145375	377.57789375
"ILMN_3103689"	307.59543125	298.53729375	361.06348125	411.74715	403.4728625	333.03789375	298.81056875	381.22103125	310.20375625	320.96831875	341.61043125	296.03155	324.18878125	333.03789375	381.63321875	308.03741875
"ILMN_2693594"	275.04995	286.44878125	312.35949375	287.144725	347.2855875	327.851675	336.38178125	286.81030625	283.215625	308.03741875	304.13445625	353.62091875	345.38940625	310.557075	311.953325	368.19235625
"ILMN_3135697"	894.35590625	975.55876875	965.92841875	1083.9575	892.5835875	984.3163125	1025.50926875	937.8576625	941.899225	975.55876875	1023.44788125	952.8408625	950.49096875	1170.5943	933.34199375	930.27695625
"ILMN_2594807"	1272.7707375	1123.47035	1436.6275	1176.1765125	1272.7707375	1308.2683375	1288.97909375	1348.860525	1237.64559375	1096.2395125	1269.33360625	1200.59594375	1165.2661875	1269.33360625	1247.6153875	1426.63413125
"ILMN_1255496"	919.02419375	877.80959375	905.5100875	975.55876875	1054.36065625	900.229325	863.1886875	950.49096875	915.24975	933.34199375	847.2564125	902.21253125	924.4569875	903.982275	937.8576625	955.69085625
"ILMN_2698606"	1408.1082625	1223.86389375	1408.1082625	1123.47035	1799.4763125	1237.64559375	1244.2882125	1101.2866	1109.27059375	1413.892925	884.5102875	1220.88975625	1453.836625	928.73256875	1023.44788125	1546.757625
"ILMN_1232621"	5017.492875	3920.65875	5035.313	4667.497625	4735.2788125	4680.85275	3672.7575	5100.66625	4680.85275	5159.29925	4799.889	5017.492875	4344.53675	4490.201	5035.313	4602.2670625
"ILMN_2673344"	263.91614375	307.1202375	269.31935625	303.2110375	232.98231875	240.04690625	237.210825	280.7798125	261.23531875	253.8598	268.257725	265.969925	244.69550625	244.98325	244.36269375	269.9254375
"ILMN_2789047"	146.69515625	151.1479625	146.9285625	160.23875	170.992825	158.53173125	120.079114375	155.31084375	136.52760625	183.0535	149.3582875	148.42471875	144.00685625	120.005404375	128.63870625	150.78871875
"ILMN_1225204"	1703.268	2007.6768125	1859.51175	2052.1315	1895.11975	1642.0229375	1712.4669375	2250.7824375	2383.1305	2143.6614375	1901.7284375	1703.268	1658.9980625	1964.982125	1974.2203125	2553.0296875
"ILMN_3161591"	192.34130625	208.614425	203.9486375	169.88470625	209.6493125	191.9776875	188.50483125	177.13383125	201.32313125	202.26374375	154.42223125	202.7771	196.22610625	159.3464375	160.6173125	208.4504625
"ILMN_1219591"	175.28598125	180.3295625	215.6734625	180.15525625	178.6904875	162.04371875	193.7898875	174.510375	191.631825	182.548525	205.3047125	172.70298125	209.95990625	172.353225	170.6414875	192.6032125
"ILMN_2684563"	549.89674375	588.53715	536.63215625	537.3564875	512.05889375	601.04705625	587.55103125	531.53671875	562.62983125	595.21409375	656.59380625	566.12206875	581.747025	745.71349375	598.9458625	614.66899375
"ILMN_2694257"	487.0973125	468.86593125	492.8494125	578.27779375	522.96660625	486.43069375	478.98810625	568.67436875	619.76544375	601.77260625	496.93676875	434.11775625	504.2750375	541.8511625	657.738425	426.13363125
"ILMN_2648397"	1436.6275	1433.597	1571.518	1279.10915	1651.4259375	1304.11341875	1515.7341875	1331.98633125	1288.97909375	1621.1950625	1215.46968125	1418.00461875	1318.1725625	1161.1970625	1366.5811	1526.519875
"ILMN_2664670"	687.17316875	841.8968125	758.1567625	666.30194375	849.21829375	725.7171625	707.6533625	659.09488125	719.046825	819.3952875	636.204775	689.3837625	785.55970625	548.38800625	639.4019375	748.15424375
"ILMN_2686700"	1320.76196875	1119.3327375	1359.73494375	1191.72529375	921.2737875	1311.92510625	1185.554375	1366.5811	1215.46968125	1405.39675625	913.7848	1382.81021875	1351.2752375	867.3996875	1154.72575625	1443.8409375
"ILMN_2682321"	211.57503125	197.0282375	205.3047125	188.0836	204.4481	211.808925	210.5832875	171.50286875	169.65194375	218.5558625	197.0282375	197.3707125	239.3336125	197.2252125	194.98645	193.88205
"ILMN_1235783"	1790.375375	1747.868375	1829.6575625	1745.095625	1644.4888125	1868.818125	1880.222375	1873.4655625	1817.268875	1978.2611875	2003.673375	1796.3114375	1802.7274375	1944.8068125	1808.6184375	1978.2611875
"ILMN_2768850"	685.93454375	703.5802625	811.4076125	789.96631875	616.95135	597.95865625	631.9964875	855.91689375	764.2097375	562.62983125	791.96815625	820.2931	582.72373125	723.366875	747.19006875	679.91124375
"ILMN_2893605"	1675.8665625	1892.11275	1864.5806875	2078.9265625	1457.8441875	1892.11275	1684.229	1933.3263125	1901.7284375	1864.5806875	2125.5966875	1901.7284375	1836.85825	1959.502625	2056.9218125	1539.848
"ILMN_3140158"	412.55158125	374.74366875	373.30499375	425.43803125	387.961875	397.36328125	418.11000625	395.5918375	418.7329625	423.20989375	408.5570375	414.16425625	432.08651875	401.56864375	431.7225875	403.4728625
"ILMN_1236150"	222.42536875	220.08603125	262.09323125	238.31953125	255.90626875	228.82529375	240.45228125	193.5339875	226.0137125	208.614425	189.473275	204.0911625	218.25731875	218.25731875	218.5558625	235.25141875
"ILMN_1216854"	2916.3459375	2955.6293125	2738.6715	2874.069125	3081.9745625	2792.5048125	2864.5063125	2890.73225	2907.421375	3323.130125	3114.975	2864.5063125	3007.439625	3177.6788125	3081.9745625	2907.421375
"ILMN_3116504"	448.20770625	518.60681875	436.96919375	481.47731875	502.513075	480.16580625	538.40756875	489.587425	453.05573125	455.44276875	522.96660625	455.44276875	568.67436875	488.60263125	570.62875	547.767775
"ILMN_2727893"	1909.405	1988.0516875	1905.974125	1876.157875	1981.51975	2033.06075	2052.1315	1880.222375	2078.9265625	1948.114	2320.2016875	2063.82525	1997.4680625	2208.8605	2098.2055	1767.103375
"ILMN_2635871"	838.49383125	794.63866875	581.747025	603.07173125	596.8079375	687.17316875	784.02243125	616.95135	712.6582	577.3044	857.74695625	657.738425	744.27988125	924.4569875	722.33518125	567.0161125
"ILMN_2428388"	214.999475	206.84325	210.80955	241.0027875	176.12585	182.548525	206.64905625	245.7140625	251.9778875	219.43544375	234.86673125	212.56733125	189.26159375	231.05068125	229.10846875	213.04775625
"ILMN_1219577"	6096.572375	6015.1349375	7535.8325625	7411.148625	5791.554125	5859.1675625	5986.11875	6997.7991875	6843.291125	6251.9165625	6432.159625	6791.54225	5691.950125	6015.1349375	6666.436625	5920.0250625
"ILMN_3120652"	4166.331375	4544.1546875	4082.71825	3741.448875	3996.876	3796.041	4293.4258125	3853.270625	3853.270625	4059.5295	3770.3874375	4016.5993125	4082.71825	3641.0309375	3610.6621875	4224.2954375
"ILMN_1246694"	941.899225	932.24933125	1061.20106875	903.982275	1142.3346125	1071.30986875	905.5100875	894.35590625	926.7802875	1016.11661875	923.3045875	984.3163125	991.49634375	1001.36695	873.73599375	1123.47035
"ILMN_2834294"	149.1243125	120.706985625	144.7298375	127.68379375	167.6349875	144.14700625	141.10776875	148.0848125	143.9201875	169.04061875	155.57271875	130.6918125	160.6173125	128.020125	147.701675	142.66521875
"ILMN_2722902"	9413.28375	9346.0995	8834.2650625	10674.29	7460.845875	9413.28375	8355.2378125	10574.6365	10841.250625	9169.2155	11297.6646875	9169.2155	9490.1536875	10060.255125	10674.29	8355.2378125
"ILMN_1226152"	152.90356875	170.86271875	173.90828125	150.64725625	169.65194375	147.93004375	154.42223125	139.53805	152.69155	180.70965	188.33473125	142.249075	168.3561625	172.5337625	154.1588625	201.08705
"ILMN_1241924"	2647.8840625	2874.069125	2657.9415625	2710.1726875	2800.7055	2631.082625	2582.3805	2838.8095625	2668.906125	2721.8628125	2800.7055	2510.9436875	2955.6293125	2698.729	2758.6666875	2809.6363125
"ILMN_2769772"	733.7992	555.743425	937.8576625	733.7992	1052.4328875	936.561775	534.31181875	725.7171625	574.1261625	803.50789375	405.04731875	787.17976875	684.55906875	500.1246625	825.27274375	726.77698125
"ILMN_2707510"	115.3052825	603.75543125	113.0331475	100.422220625	119.687909375	149.79191875	668.6408375	105.775105625	146.0064625	105.35851	619.76544375	121.653625	132.10626875	538.40756875	115.0698675	133.9557875
"ILMN_2944301"	237.44534375	230.0987875	212.2325375	196.22610625	238.31953125	266.98208125	233.2049125	192.6032125	203.9486375	197.0282375	246.22676875	206.84325	223.11305	259.83235	194.44226875	240.45228125
"ILMN_1251930"	359.99755625	331.55780625	376.90229375	319.52645625	346.84835	306.74313125	333.580125	348.55784375	332.17845625	393.157475	255.90626875	329.84598125	290.89839375	309.742025	317.0260375	376.90229375
"ILMN_1222865"	761.0036625	678.67405625	807.2088	675.1991125	860.29973125	752.23520625	804.60284375	809.68798125	723.366875	829.02494375	465.2150125	578.27779375	622.424775	703.5802625	756.18793125	663.46655
"ILMN_1219459"	296.03155	335.95439375	258.75729375	256.2845125	265.53608125	286.81030625	290.89839375	267.9434	247.27466875	285.79318125	359.38050625	314.987925	297.20371875	336.38178125	249.77924375	250.2519625
"ILMN_2764607"	537.3564875	643.92078125	753.64794375	706.28880625	768.13921875	608.020025	623.59819375	710.4593125	614.66899375	667.346975	730.96755	677.79639375	623.59819375	584.78806875	693.96675625	584.78806875
"ILMN_2637365"	3343.45	3260.6586875	3556.7825	3358.915875	3953.748625	3422.046375	3624.416875	3572.0115	3436.421625	3583.1270625	3031.3415	2985.4025	3282.743375	3232.3765	3331.7243125	3728.71325
"ILMN_3030392"	304.5775125	281.8167875	340.65205625	426.63545	340.65205625	292.76560625	255.90626875	392.65998125	342.9916375	356.32760625	332.51471875	290.89839375	292.76560625	312.7451875	381.22103125	284.58690625
"ILMN_2651698"	318.03841875	284.88960625	271.0086	279.95749375	308.76860625	296.89524375	299.09469375	329.84598125	240.04690625	260.4962375	289.80645	288.4541	241.90995	291.3637	269.9254375	252.8984
"ILMN_2602837"	801.81858125	833.42680625	819.3952875	889.0091875	910.37574375	808.3092375	852.3978375	978.4476	835.00675625	791.96815625	713.79743125	852.3978375	775.92039375	756.18793125	854.31285625	987.84588125
"ILMN_1250928"	804.60284375	736.02556875	892.5835875	1345.5829875	536.63215625	775.92039375	749.09235	1157.0028125	1240.6907125	775.92039375	960.96005	980.6937	952.8408625	984.3163125	1170.5943	787.17976875
"ILMN_1219670"	321.4583	309.742025	346.84835	335.95439375	454.602775	411.01455625	348.09076875	314.987925	293.85094375	329.84598125	314.987925	300.83779375	309.742025	310.20375625	336.88030625	302.9173875
"ILMN_2620804"	267.27683125	293.02445625	244.36269375	289.80645	304.13445625	273.0291875	258.75729375	300.51006875	308.03741875	293.85094375	303.2110375	293.459625	317.0260375	316.35359375	320.69589375	276.12820625
"ILMN_1246011"	933.34199375	908.8836125	886.00486875	871.928325	1104.645125	873.73599375	880.3431	871.928325	937.8576625	905.5100875	933.34199375	768.13921875	913.7848	844.16524375	878.55406875	794.63866875
"ILMN_3150536"	543.97434375	580.68080625	542.5852375	584.78806875	521.16900625	559.57819375	596.8079375	544.86930625	684.55906875	531.53671875	675.1991125	581.747025	567.74288125	656.59380625	615.6507375	624.54245
"ILMN_2721178"	2143.6614375	2037.840625	2082.9988125	2668.906125	2568.4504375	2223.8230625	2172.82875	2481.5916875	2710.1726875	2154.306	2078.9265625	2016.9168125	2078.9265625	2355.1674375	2710.1726875	2388.401875
"ILMN_2771109"	139.9945375	152.22359375	134.560175	140.504525	160.23875	157.56325625	161.26354375	152.372725	156.2078125	152.515875	141.68094375	142.76286875	144.260675	116.917326875	136.10575625	100.364430625
"ILMN_3004441"	28088.250625	28088.250625	29991.60125	31429.665	29991.60125	26401.904375	28088.250625	29991.60125	30659.768125	27148.123125	30659.768125	27148.123125	26401.904375	31429.665	30659.768125	28088.250625
"ILMN_2746123"	2016.9168125	2078.9265625	2468.7893125	1848.017125	2047.0441875	1781.5615	1959.502625	1855.0858125	1668.6805625	2029.4189375	1761.7409375	1948.114	1808.6184375	1793.433875	1829.6575625	1733.5576875
"ILMN_2688135"	355.19934375	358.44570625	372.73630625	345.7649375	338.01579375	367.22568125	359.38050625	348.09076875	361.06348125	365.57460625	335.95439375	395.5918375	359.38050625	345.38940625	324.59301875	371.001275
"ILMN_1219067"	208.4504625	229.10846875	203.7438375	207.04245	175.28598125	205.07035	221.7632625	203.7438375	188.33473125	210.80955	211.3284125	190.08255	219.84864375	238.7891375	218.88428125	197.2252125
"ILMN_2794276"	102.840029375	107.86980625	114.42555875	105.723615625	156.60838125	106.9473225	107.0372	123.67819375	121.87844875	114.532839375	114.4755325	133.2308125	145.674675	118.15266125	112.266955	120.6277775
"ILMN_2725155"	4902.6641875	3583.1270625	4642.1986875	6210.5699375	3384.2715625	4479.1653125	3353.5210625	5017.492875	4602.2670625	3624.416875	3901.5434375	4951.3425625	3953.748625	4115.4703125	4327.9955625	3996.876
"ILMN_3062267"	376.43794375	508.66270625	366.3423875	368.69168125	335.95439375	403.4728625	605.16504375	322.15643125	435.13193125	434.11775625	546.67505625	402.26533125	410.47876875	476.99363125	349.2293625	478.21235625
"ILMN_3142224"	48357.90875	51201.501875	48357.90875	48357.90875	50036.076875	48357.90875	51201.501875	52440.6725	51201.501875	52440.6725	51201.501875	54747.480625	51201.501875	50036.076875	54747.480625	50036.076875
"ILMN_3109098"	1284.59764375	1259.73734375	1098.48106875	1211.26603125	1178.73895	1379.9554375	1325.81468125	1104.645125	1320.76196875	1085.4797875	1382.81021875	1217.59461875	1331.98633125	1286.1005125	1176.1765125	1157.0028125
"ILMN_1224855"	1644.4888125	1621.1950625	1672.5034375	1790.375375	1340.43134375	1848.017125	1281.5076125	1919.0003125	1855.0858125	1758.3530625	1707.034625	1642.0229375	1651.4259375	1616.891125	1880.222375	1952.964125
"ILMN_2658392"	421.78673125	430.63421875	476.99363125	423.20989375	430.1853875	414.83418125	428.2162625	427.12645	357.10310625	349.856425	347.6172625	418.7329625	368.19235625	376.43794375	389.97513125	440.4020125
"ILMN_2864834"	654.93716875	646.166675	756.18793125	939.87478125	676.4500125	768.13921875	703.5802625	840.31154375	807.2088	741.15223125	864.630725	809.68798125	772.78075625	852.3978375	912.53776875	651.440175
"ILMN_2660663"	158.05190625	131.15114375	138.2094375	139.28285	168.3561625	162.80370625	152.22359375	153.5859125	164.0783625	146.828925	146.47023125	143.9201875	162.04371875	176.8443625	170.86271875	205.07035
"ILMN_1223523"	148.8364625	143.68168125	142.76286875	129.44345	158.2587875	159.3464375	150.64725625	141.825175	136.89603125	134.093925	156.89665	142.114375	137.35951875	127.80019375	125.9750625	139.41925
"ILMN_2850077"	591.56195625	506.4152125	527.93001875	661.9242375	713.79743125	585.82873125	385.60209375	504.2750375	823.80625	519.32630625	463.44099375	527.93001875	522.02868125	591.56195625	567.74288125	476.99363125
"ILMN_2594558"	266.98208125	264.24041875	300.51006875	299.838875	320.96831875	290.319825	280.7798125	285.20514375	268.74179375	273.60645	294.61255625	298.53729375	286.44878125	272.57405	279.0067375	286.13239375
"ILMN_2963792"	1457.8441875	1657.091625	1410.221575	1363.2152	1366.5811	1553.0540625	1665.832375	1461.678875	1348.860525	1369.38539375	1716.46775	1345.5829875	1672.5034375	1654.4488125	1521.487125	1529.5255625
"ILMN_1254001"	950.49096875	1037.15800625	1080.43248125	1167.6394625	1320.76196875	1133.0493375	1067.32936875	1191.72529375	1056.7428375	1023.44788125	958.827475	1025.50926875	1017.5196	1054.36065625	1117.5936875	1211.26603125
"ILMN_3101400"	472.914975	487.81764375	424.62724375	366.3423875	417.2681625	435.835025	432.68891875	405.04731875	369.6460875	421.34460625	406.25033125	428.2162625	488.60263125	426.13363125	367.22568125	363.591075
"ILMN_1248002"	695.1960625	583.84518125	677.79639375	651.440175	474.47324375	615.6507375	616.95135	665.2559875	612.4552625	638.36458125	695.1960625	723.366875	584.78806875	653.84860625	589.33045	637.1031
"ILMN_2869182"	713.79743125	758.1567625	649.74345625	660.82371875	648.30325625	765.3852875	698.881425	648.30325625	618.0341625	636.204775	808.3092375	788.81949375	965.92841875	807.2088	697.11445625	618.0341625
"ILMN_2626950"	113.562564375	118.084984375	139.64135625	112.266955	139.41925	134.2687625	121.653625	128.92178125	117.94880375	96.365605	122.50006875	131.49894375	107.61843	108.11154125	97.741526875	109.279330625
"ILMN_2748384"	434.11775625	420.80611875	428.2162625	418.7329625	395.5918375	409.6476375	567.0161125	388.98266875	378.71825625	487.81764375	485.53976875	484.5622625	468.20624375	522.02868125	378.71825625	413.1436125
"ILMN_2845980"	880.3431	923.3045875	902.21253125	1067.32936875	1025.50926875	913.7848	926.7802875	926.7802875	958.827475	950.49096875	1009.5939125	880.3431	933.34199375	884.5102875	1126.81623125	1023.44788125
"ILMN_1239627"	265.15980625	258.45333125	260.4962375	281.8167875	295.67068125	255.71478125	251.9778875	305.74060625	238.31953125	227.4998625	252.4631	334.64200625	242.69094375	234.86673125	279.95749375	275.04995
"ILMN_2783457"	6753.8141875	6666.436625	6791.54225	6997.7991875	7037.2719375	6136.195875	6791.54225	6753.8141875	7184.1275	6900.494375	7228.3994375	7504.3965	7184.1275	6997.7991875	7460.845875	6843.291125
"ILMN_1220014"	327.20638125	319.932875	333.580125	276.421125	361.06348125	316.35359375	305.29793125	262.94540625	257.83005	397.36328125	257.63335	304.13445625	316.35359375	257.1474375	233.86650625	385.60209375
"ILMN_2695528"	1447.2469375	1328.9357	1265.42595625	1044.1645625	1707.034625	1279.10915	1311.92510625	1122.48299375	997.9165375	1373.50971875	915.24975	1157.0028125	1413.892925	973.91274375	1045.9207875	1485.9148125
"ILMN_1242435"	241.5009	242.168325	208.2482625	226.2570875	196.7999	218.5558625	226.39001875	273.60645	269.54261875	211.808925	335.0616875	231.68000625	211.1658125	260.86174375	237.44534375	219.13505625
"ILMN_1223271"	132.698425	145.674675	161.04661875	118.9281425	163.10266875	146.828925	180.3295625	131.57471875	115.570525	141.5911125	133.0385625	178.6904875	159.4634125	125.31658125	136.98565	147.32380625
"ILMN_2681814"	389.59186875	445.23834375	469.928175	434.11775625	488.60263125	418.7329625	472.914975	424.62724375	412.55158125	494.73205	436.32871875	407.82223125	366.3423875	371.001275	442.1013375	481.47731875
"ILMN_2720180"	3166.4545	3248.2679375	2963.303625	2647.8840625	2907.421375	2850.1111875	3323.130125	2553.0296875	2476.998875	3508.3631875	2758.6666875	3155.7905625	2874.069125	2907.421375	2533.3731875	3155.7905625
"ILMN_2610798"	1031.5182875	1114.7287	1006.592375	1098.48106875	1008.09605625	732.0853625	987.84588125	993.2954125	1050.89158125	962.9292375	1006.592375	991.49634375	878.55406875	910.37574375	1035.2212625	1161.1970625
"ILMN_2680937"	553.6983625	625.94640625	576.2538625	657.738425	574.9033	622.424775	526.3651125	666.30194375	630.68256875	693.96675625	642.53469375	624.54245	603.07173125	684.55906875	676.4500125	645.18645625
"ILMN_2628657"	286.13239375	292.0348375	300.83779375	260.4962375	314.7001	267.6644625	304.96008125	233.70659375	243.336	302.0011375	194.44226875	236.39815625	248.3792375	205.3047125	202.05618125	283.215625
"ILMN_2715784"	206.84325	170.2017375	233.4838625	197.56828125	205.534625	193.88205	222.42536875	261.23531875	212.56733125	194.98645	191.1588375	196.47584375	211.57503125	204.81031875	197.96421875	194.641925
"ILMN_2605201"	1345.5829875	1315.989225	1228.17379375	917.37219375	982.52008125	1288.97909375	1223.86389375	946.97265625	785.55970625	1002.61314375	1126.81623125	1272.7707375	1272.7707375	1035.2212625	882.26715625	986.313625
"ILMN_2927924"	402.7885	437.71665625	508.66270625	421.78673125	442.89155	505.60308125	394.9682625	454.602775	442.1013375	362.90645625	409.6476375	563.63728125	450.87916875	398.285625	426.13363125	392.65998125
"ILMN_2863437"	1423.25485	1581.35175	1447.2469375	1286.1005125	1569.421	1560.8211875	1366.5811	1599.0994375	1379.9554375	1308.2683375	1345.5829875	1342.66180625	1450.9011875	1515.7341875	1359.73494375	1351.2752375
"ILMN_1250618"	213.347025	164.3968125	170.387425	234.5153	126.6088375	155.432225	184.27898125	164.552225	217.3990625	128.020125	140.504525	149.48900625	175.1317625	259.10294375	214.13316875	142.249075
"ILMN_2715234"	812.9982	913.7848	647.28489375	526.3651125	826.7718875	803.50789375	944.894575	500.1246625	568.67436875	784.02243125	954.6626875	775.92039375	864.630725	874.99784375	649.74345625	718.119375
"ILMN_1239178"	126.79658125	113.33778875	112.83226375	131.27735	128.63870625	113.69159375	155.57271875	120.005404375	115.243696875	133.43806875	120.079114375	126.15359375	145.03638125	85.01132125	135.1378125	117.515893125
"ILMN_1214402"	1478.5996875	1658.9980625	1351.2752375	1610.26175	1298.1607625	1758.3530625	1848.017125	1778.81175	1864.5806875	1440.767375	1672.5034375	2078.9265625	1829.6575625	1729.3028125	1648.387625	1505.6170625
"ILMN_2729447"	271.68064375	311.04498125	279.61274375	376.90229375	230.4721	313.732625	269.54261875	339.5567875	337.48220625	243.0280375	329.3921125	277.7191375	275.04995	291.65074375	360.557825	239.0553
"ILMN_3136593"	158.86419375	168.3561625	159.3464375	143.20033125	162.80370625	136.3262875	195.13283125	152.69155	148.7124	142.66521875	186.44199375	133.0385625	186.2141625	175.28598125	151.49008125	153.46726875
"ILMN_2771219"	18866.55375	16150.026875	12195.6165625	9490.1536875	10841.250625	13534.7125	16150.026875	9490.1536875	9890.1793125	12195.6165625	14190.341875	14760.245625	16150.026875	14760.245625	10210.935875	11938.2769375
"ILMN_1237750"	2313.56925	2582.3805	2089.5956875	2514.93025	3018.412625	2432.0701875	3007.439625	2510.9436875	2657.9415625	2383.1305	2689.4941875	2500.73225	2998.837625	2800.7055	2574.93875	2320.2016875
"ILMN_1217926"	344.2023125	326.28495625	358.44570625	410.47876875	289.026225	338.01579375	356.66225625	411.74715	410.47876875	300.83779375	402.7885	361.62028125	336.88030625	381.63321875	462.82	317.0260375
"ILMN_2928875"	1355.16958125	1389.53755625	1433.597	1231.54114375	1680.0055	1377.04380625	1355.16958125	1345.5829875	1165.2661875	1464.879	1220.88975625	1366.5811	1443.8409375	1259.73734375	1298.1607625	1328.9357
"ILMN_1254444"	793.42196875	745.71349375	657.738425	761.0036625	698.881425	555.743425	867.3996875	771.5237875	681.12016875	690.38670625	972.734025	801.81858125	638.36458125	941.899225	766.57840625	496.93676875
"ILMN_2639579"	4680.85275	4642.1986875	4774.159	4410.4075	4410.4075	4224.2954375	4363.454875	4376.21475	4490.201	4774.159	4396.7099375	5035.313	4680.85275	3248.2679375	4293.4258125	4327.9955625
"ILMN_1224712"	142.83349375	116.75566875	132.698425	145.5794125	124.50436875	138.10944375	138.493975	126.6088375	133.9557875	139.53805	126.430475	116.345684375	130.90685	151.1479625	132.00056875	116.13573125
"ILMN_1213615"	332.51471875	271.34849375	276.12820625	268.257725	319.932875	316.0292125	307.59543125	295.17453125	287.144725	304.96008125	320.36241875	291.65074375	314.3022625	302.9173875	306.74313125	326.82395625
"ILMN_1213573"	470.87679375	558.30926875	478.21235625	547.767775	465.2150125	512.05889375	515.71900625	566.12206875	536.63215625	560.8079	615.6507375	552.80308125	511.4432375	524.4077875	501.45809375	512.05889375
"ILMN_2727437"	205.07035	207.04245	216.67686875	246.70936875	256.2845125	223.11305	220.8166125	202.26374375	198.537425	213.7162125	177.7439375	233.86650625	173.90828125	195.2914625	173.90828125	241.5009
"ILMN_2900462"	265.969925	350.950725	289.026225	325.4101375	216.40799375	303.5227625	279.0067375	306.2683	356.66225625	324.18878125	395.5918375	344.83418125	289.4902375	318.03841875	346.84835	293.85094375
"ILMN_2601590"	1126.81623125	944.894575	880.3431	1119.3327375	924.4569875	1023.44788125	993.2954125	1093.05636875	1161.1970625	1093.05636875	1091.12875625	1045.9207875	1208.95903125	1117.5936875	1233.78420625	1165.2661875
"ILMN_2596016"	1925.171375	1880.222375	1937.256125	2022.208	1851.1645625	1968.7001875	1825.6773125	2089.5956875	1895.11975	1832.8898125	1997.4680625	1767.103375	1753.9889375	1892.11275	2016.9168125	2056.9218125
"ILMN_1254953"	463.44099375	628.2296125	449.41195625	428.2162625	476.99363125	451.59918125	579.1233125	419.286475	447.55898125	495.60464375	574.1261625	380.48959375	484.5622625	610.22988125	472.914975	421.78673125
"ILMN_2848071"	138.10944375	144.61973125	144.00685625	133.9557875	160.77475625	164.74565625	136.3262875	137.5014625	140.0592625	129.7814125	136.01621875	130.90685	140.39288125	136.4538875	105.41077625	133.379225
"ILMN_2615920"	136.79684375	144.260675	126.7113625	116.021529375	116.628699375	155.127325	136.10575625	151.49008125	140.1893	119.23269	146.57059375	162.04371875	167.203	155.81645625	156.89665	149.48900625
"ILMN_2894984"	819.3952875	1009.5939125	761.0036625	978.4476	991.49634375	932.24933125	1023.44788125	898.38510625	921.2737875	960.96005	995.77236875	995.77236875	939.87478125	960.96005	957.3368875	857.74695625
"ILMN_2718030"	1450.9011875	1320.76196875	1461.678875	2355.1674375	1123.47035	1499.0845625	1488.5588125	2118.75825	2214.44325	1635.846125	2013.110125	1294.65333125	1476.0480625	2131.0719375	2375.4135	1470.9896875
"ILMN_1227579"	1203.07131875	1294.65333125	972.734025	1032.766675	871.928325	1223.86389375	1197.1950625	995.77236875	1114.7287	986.313625	1144.45039375	1363.2152	1058.70305625	1379.9554375	952.8408625	882.26715625
"ILMN_2930057"	1167.6394625	1355.16958125	1233.78420625	1157.0028125	812.9982	1151.43849375	1091.12875625	1253.613975	1342.66180625	1304.11341875	1369.38539375	1096.2395125	1154.72575625	1328.9357	1213.3972125	1142.3346125
"ILMN_1239177"	647.28489375	723.366875	679.91124375	522.96660625	749.09235	659.09488125	803.50789375	524.4077875	507.9213875	749.09235	538.40756875	664.2749	729.4838	578.27779375	568.67436875	803.50789375
"ILMN_2674668"	104.558673125	123.372175	119.53205625	96.697644375	117.162448125	127.28783125	111.382021875	122.50006875	109.081111875	126.8687375	114.9515165625	130.79925	89.324865625	129.03165	103.079254375	111.382021875
"ILMN_2872599"	203.16753125	186.44199375	192.86455	238.7891375	229.10846875	205.534625	194.767025	227.4998625	214.63416875	263.31391875	228.051775	175.98158125	175.692725	228.59040625	203.9486375	213.93013125
"ILMN_2686407"	622.424775	579.95534375	582.72373125	549.2649875	620.669025	546.67505625	540.56240625	608.020025	582.72373125	541.8511625	531.53671875	585.82873125	517.529525	567.0161125	513.72638125	579.95534375
"ILMN_2738481"	126.6088375	141.3552625	145.3389	152.1062	135.71329375	129.30451875	130.0340125	134.3977375	144.53268125	159.69138125	132.10626875	133.43806875	147.39860625	130.09806875	155.127325	146.0064625
"ILMN_2693258"	4667.497625	5458.565	4834.3839375	5261.7406875	4925.7006875	4902.6641875	5432.2115	5366.7633125	4964.116125	5120.44175	5791.554125	4166.331375	4758.6421875	5791.554125	5501.0839375	4925.7006875
"ILMN_2908547"	145.898675	101.16119125	133.87325625	135.42206875	138.60301875	147.32380625	154.1588625	113.480361875	128.020125	133.9557875	145.79421875	110.1219775	148.21475	125.805925	132.7850125	135.00350625
"ILMN_2759983"	285.20514375	397.36328125	274.07449375	257.3934125	298.53729375	330.25861875	430.1853875	253.5756875	214.38885	272.3043875	276.746625	274.07449375	319.52645625	335.0616875	257.63335	214.38885
"ILMN_2597532"	2369.0618125	2432.0701875	2481.5916875	2985.4025	2189.738	2397.767	2228.328875	2574.93875	3049.8525625	2476.998875	2533.3731875	2453.9903125	2689.4941875	2582.3805	2668.906125	2747.872
"ILMN_1256682"	921.2737875	954.6626875	933.34199375	803.50789375	761.0036625	857.74695625	962.9292375	870.534625	820.2931	924.4569875	926.7802875	913.7848	819.3952875	811.4076125	808.3092375	950.49096875
"ILMN_1259043"	208.8861375	217.3990625	244.98325	203.16753125	260.4962375	213.7162125	175.1317625	198.986275	220.33043125	199.94305625	169.65194375	216.99501875	196.029325	201.32313125	193.5339875	187.723625
"ILMN_3148175"	158.1505875	163.10266875	210.5832875	161.26354375	172.5337625	185.59075	171.50286875	160.37689375	171.64175	191.1588375	176.12585	174.29655	202.05618125	180.15525625	160.10634375	184.49761875
