	B.I	BY.I	B.C	BY.C	B.C	B.I	BY.I	BY.C	BY.C	B.C	BY.I	B.I	B.I	BY.I	BY.C	B.C
ILMN_1259621	156.99936875	156.60838125	170.992825	182.548525	157.216325	152.90356875	126.0942125	181.0369875	173.61805	138.0079125	180.922175	146.828925	176.12585	131.7516	165.20645625	170.387425
ILMN_2876302	196.47584375	206.018925	158.1505875	178.14129375	197.56828125	196.7999	169.214	181.43729375	180.922175	156.38801875	180.3295625	218.7287625	200.1958	216.40799375	162.80370625	175.692725
ILMN_2805071	8729.9628125	8212.2020625	8640.875375	9065.637	8492.1395	8098.043625	7984.2996875	9065.637	9169.2155	8285.4875	8640.875375	7935.557625	7228.3994375	8834.2650625	9169.2155	6900.494375
ILMN_2625451	15312.959375	10060.255125	18650.413125	19253.191875	17009.528125	18287.449375	8994.49525	17526.455625	13983.2231875	15811.34625	10210.935875	23320.495625	15811.34625	6210.5699375	15649.82375	17526.455625
ILMN_1224651	3436.421625	3436.421625	2939.1021875	2383.1305	2916.3459375	3384.2715625	3199.676125	2426.33675	2522.957375	3397.958	2827.8411875	3384.2715625	3496.7734375	3018.412625	2481.5916875	3343.45
ILMN_2667100	3480.6066875	3282.743375	3624.416875	3592.45975	3658.924875	3367.8920625	3074.407375	3682.3524375	3358.915875	3940.2430625	3397.958	3177.6788125	3409.3478125	3049.8525625	3682.3524375	3534.9343125
ILMN_2591908	192.6032125	218.7287625	241.740075	268.74179375	286.44878125	233.4838625	272.79385	278.67450625	251.30326875	257.83005	221.7632625	273.0291875	201.32313125	238.31953125	297.66561875	280.32616875
ILMN_3160449	492.318275	533.3672125	545.7415125	637.1031	507.30178125	481.47731875	478.21235625	660.82371875	545.7415125	582.72373125	605.16504375	491.08171875	518.60681875	630.68256875	643.92078125	554.6096625
ILMN_1240515	111.7973125	132.7850125	129.55834375	175.1317625	126.430475	120.931299375	133.14736875	153.695975	152.7839	130.53025625	139.28285	158.86419375	117.162448125	133.9557875	167.7883625	119.7339625
ILMN_1259610	175.692725	170.387425	183.40340625	196.47584375	163.2424375	167.7883625	163.2424375	187.40104375	208.4504625	196.22610625	177.502625	181.0369875	188.0836	169.04061875	214.63416875	217.59455
ILMN_2624622	1183.2926625	1176.1765125	1481.7319375	1817.268875	890.8846625	1128.48683125	1140.3004	1716.46775	1392.73844375	1426.63413125	1569.421	1142.3346125	1215.46968125	1395.78575	1799.4763125	1197.1950625
ILMN_2593208	4799.889	5284.0041875	5100.66625	5559.051625	6015.1349375	4834.3839375	4880.49925	5458.565	5791.554125	4855.10025	4667.497625	4577.5029375	4642.1986875	4964.116125	5284.0041875	4530.4624375
ILMN_1245467	1895.11975	1753.9889375	1901.7284375	1808.6184375	1937.256125	1790.375375	1767.103375	1964.982125	1859.51175	1914.436125	1723.53475	1556.765375	1553.0540625	1625.73425	1658.9980625	1873.4655625
ILMN_2764036	148.93023125	123.0109875	95.219489375	87.64183875	92.839491875	119.53205625	118.544265	95.8401	91.01659375	89.02602875	131.15114375	100.59616	105.931525	143.20033125	90.756314375	94.01837
ILMN_2782446	161.26354375	158.3846375	169.4552375	180.588125	125.31658125	171.64175	169.65194375	164.74565625	198.986275	167.0412125	173.04038125	179.20448125	161.04661875	170.2017375	186.44199375	160.77475625
ILMN_2719322	108.59527	102.638103125	129.8790875	145.674675	149.1243125	106.242820625	110.1219775	145.1658125	131.57471875	131.66101875	120.867783125	124.55214375	115.906464375	100.884936875	130.90685	133.2308125
ILMN_2901363	161.43203125	169.78939375	152.1062	175.28598125	129.95585625	169.4552375	197.2252125	158.3846375	145.3389	150.64725625	178.6904875	158.6875	189.73489375	158.6875	170.2017375	128.020125
ILMN_1258578	1351.2752375	1253.613975	1577.917625	1485.9148125	1808.6184375	1529.5255625	1262.084325	1481.7319375	1478.5996875	1793.433875	1395.78575	1459.97975	1429.7836125	1290.79334375	1716.46775	1532.028875
ILMN_1238733	778.8566	799.0163375	1047.83524375	765.3852875	1205.7586875	860.29973125	768.13921875	876.168925	801.81858125	1032.766675	799.0163375	919.02419375	788.81949375	821.9814125	908.8836125	908.8836125
ILMN_1212648	564.21346875	504.2750375	495.60464375	374.74366875	554.6096625	539.54431875	527.07400625	384.34065	345.38940625	541.213475	349.2293625	538.40756875	546.67505625	351.55851875	354.61660625	569.2850875
ILMN_2897214	6332.6618125	6096.572375	5458.565	4774.159	6096.572375	6578.41025	7332.76175	4363.454875	4880.49925	4880.49925	6753.8141875	6383.8138125	7144.64825	6753.8141875	5100.66625	5762.73775
ILMN_2715153	109.976179375	122.195053125	120.51551125	103.879939375	143.8182375	116.917326875	91.372396875	106.984139375	112.680161875	121.17253375	122.195053125	117.65351375	116.75566875	98.76970625	108.159053125	130.6918125
ILMN_1212938	283.540325	224.07854375	228.38930625	325.79024375	264.24041875	298.81056875	241.2465625	285.79318125	320.69589375	264.24041875	275.47909375	277.15685625	285.79318125	216.99501875	267.27683125	304.96008125
ILMN_2734060	6015.1349375	5720.023125	5859.1675625	5458.565	4315.6864375	5316.6859375	6292.2961875	4680.85275	5207.3271875	5017.492875	6332.6618125	6251.9165625	6096.572375	5986.11875	4902.6641875	4577.5029375
ILMN_2772728	266.54350625	239.731575	245.33235	236.95804375	233.2049125	269.54261875	293.85094375	234.5153	231.99835625	248.81170625	243.0280375	254.10841875	280.7798125	271.34849375	243.64128125	223.72760625
ILMN_1241196	723.366875	577.3044	808.3092375	812.9982	612.4552625	753.64794375	653.84860625	780.5475	857.74695625	659.09488125	666.30194375	584.78806875	627.058775	860.29973125	817.51023125	764.2097375
ILMN_1220700	121.735439375	128.2565	110.977543125	170.2017375	102.251944375	113.562564375	127.62435625	159.81698125	148.21475	133.76694375	231.05068125	134.560175	133.6731375	185.88055	179.44441875	101.6817975
ILMN_2674032	1382.81021875	1443.8409375	1588.2665625	1348.860525	1778.81175	1426.63413125	1476.0480625	1385.99768125	1412.31079375	1571.518	1320.76196875	1481.7319375	1405.39675625	1478.5996875	1342.66180625	1476.0480625
ILMN_2775655	411.01455625	520.452825	367.22568125	380.48959375	399.316725	388.29455	568.67436875	331.55780625	382.95286875	348.55784375	414.16425625	428.86770625	414.83418125	454.602775	370.48145625	359.38050625
ILMN_2765593	204.4481	198.73825	229.88585625	213.93013125	207.70706875	212.56733125	167.203	206.84325	173.37554375	191.45689375	183.22048125	216.00235625	167.33055625	180.588125	159.81698125	196.22610625
ILMN_1246695	759.58360625	567.0161125	855.91689375	465.7442	995.77236875	835.00675625	739.25601875	462.82	473.52364375	820.2931	494.18310625	482.1791625	886.00486875	471.9612875	437.71665625	811.4076125
ILMN_2661107	667.346975	729.4838	719.046825	548.38800625	677.79639375	640.49278125	637.1031	507.30178125	620.669025	710.4593125	506.4152125	668.6408375	633.27214375	579.95534375	579.95534375	742.81638125
ILMN_2610809	200.56650625	205.81603125	193.3669875	174.29655	186.01159375	191.631825	196.7999	174.1205625	181.7425875	182.32083125	185.8147375	218.5558625	196.7999	167.0412125	166.5747125	158.6875
ILMN_2958417	4642.1986875	4735.2788125	4514.3431875	4964.116125	5235.5604375	4880.49925	4667.497625	5207.3271875	5592.9835	4819.3668125	4619.5934375	4964.116125	5035.313	4642.1986875	5071.7954375	4774.159
ILMN_1239196	241.740075	251.30326875	283.215625	285.20514375	326.28495625	257.1474375	246.43791875	318.857075	300.51006875	330.6628875	253.16974375	251.30326875	251.30326875	284.88960625	273.60645	280.7798125
ILMN_1258929	209.103475	200.89800625	202.5795125	168.3561625	193.07526875	185.748925	140.1893	167.6349875	148.575225	187.723625	137.077675	175.28598125	170.6414875	137.74104375	174.8182375	185.748925
ILMN_2775751	10674.29	11659.052625	9753.672125	9249.246625	11818.927875	12022.927	11297.6646875	9890.1793125	9972.20525	11230.1335625	10674.29	10574.6365	11495.6474375	11230.1335625	10127.8905625	11495.6474375
ILMN_2777655	4464.1320625	4602.2670625	4436.122	4239.0556875	4819.3668125	4799.889	4774.159	4183.4475625	4436.122	4452.0114375	4642.1986875	4619.5934375	5159.29925	4577.5029375	4396.7099375	4464.1320625
ILMN_1233630	915.24975	900.229325	913.7848	894.35590625	793.42196875	784.02243125	789.96631875	778.8566	782.2742875	948.13583125	739.25601875	900.229325	793.42196875	718.119375	801.81858125	1004.4496375
ILMN_1224021	125.5333625	104.4697725	93.406406875	127.80019375	103.351555625	107.61843	109.081111875	130.0340125	142.76286875	99.951273125	104.433021875	111.05283625	103.629859375	135.42206875	123.29315	129.71258125
ILMN_1230489	1208.95903125	1203.07131875	1450.9011875	1672.5034375	1315.989225	1185.554375	1153.086725	1560.8211875	1571.518	1337.96778125	1499.0845625	1410.221575	1286.1005125	1382.81021875	1606.403875	1392.73844375
ILMN_3004931	442.89155	511.4432375	450.09990625	404.7403875	413.1436125	471.9612875	502.513075	479.6173875	462.82	411.74715	444.5415	521.16900625	513.72638125	515.71900625	465.7442	413.6796125
ILMN_2682516	263.31391875	318.03841875	290.89839375	334.64200625	287.144725	317.6047375	357.68119375	346.84835	362.3423375	264.8414125	340.10790625	324.59301875	311.60259375	374.74366875	298.81056875	284.07173125
ILMN_2661005	3134.3626875	2998.837625	3672.7575	3971.043125	3770.3874375	3496.7734375	3049.8525625	3712.4661875	3641.0309375	3834.3006875	3074.407375	3081.9745625	3275.2453125	2770.389	3641.0309375	3232.3765
ILMN_2677056	8098.043625	8834.2650625	8098.043625	7935.557625	7184.1275	8492.1395	7411.148625	7144.64825	7332.76175	8212.2020625	6791.54225	7630.668	7984.2996875	7287.4495625	6900.494375	10210.935875
ILMN_1219298	652.601775	730.96755	769.2259125	847.2564125	777.837775	649.74345625	752.23520625	803.50789375	841.8968125	752.23520625	759.58360625	703.5802625	750.79295	1009.5939125	759.58360625	659.09488125
ILMN_1247207	198.986275	235.43113125	200.7246625	229.88585625	212.2325375	261.23531875	254.36886875	210.80955	223.11305	189.26159375	325.79024375	176.7156375	281.8167875	256.726675	225.56696875	237.7202375
ILMN_1242239	552.80308125	539.54431875	503.5053625	597.95865625	468.20624375	590.2830875	593.64370625	610.22988125	634.68935625	543.97434375	706.28880625	592.42118125	673.8294125	748.15424375	566.12206875	527.93001875
ILMN_2723788	2985.4025	2461.6148125	3199.676125	2618.0886875	2641.6040625	2668.906125	2510.9436875	2731.420875	2613.0956875	2689.4941875	2618.0886875	2890.73225	2593.7214375	2553.0296875	2541.381	2568.4504375
ILMN_1236357	428.86770625	421.34460625	500.1246625	491.6045875	515.71900625	478.21235625	507.9213875	560.8079	414.83418125	464.38098125	381.63321875	406.94613125	371.5558125	359.99755625	458.6657375	563.63728125
ILMN_2933887	151.8665125	140.8878375	169.04061875	153.695975	177.502625	171.38676875	155.432225	150.78871875	220.8166125	170.04654375	164.19486875	156.2078125	126.36245	129.95585625	183.40340625	151.9914375
ILMN_2923445	3074.407375	2738.6715	2426.33675	1691.932625	2112.8919375	2137.9463125	3556.7825	1495.75775	2098.2055	3610.6621875	3275.2453125	2874.069125	3041.47075	2148.8818125	2747.872	2657.9415625
ILMN_2677696	1440.767375	1521.487125	1440.767375	1719.596	1304.11341875	1459.97975	1450.9011875	1747.868375	1665.832375	1281.5076125	1741.11475	1470.9896875	1495.75775	1680.0055	1638.406375	1345.5829875
ILMN_1260001	371.001275	402.26533125	327.20638125	296.03155	268.74179375	365.57460625	332.51471875	312.35949375	420.2161375	309.742025	393.7152125	516.35701875	398.285625	428.2162625	355.68825625	308.76860625
ILMN_3049778	118.85425125	148.33931875	94.953560625	98.603208125	95.327415	127.8719875	151.7113	104.721908125	101.03895	93.816516875	136.10575625	121.24155375	151.1479625	124.6910875	107.44807875	95.61521125
ILMN_2587859	8212.2020625	7144.64825	7724.063375	8285.4875	8355.2378125	7984.2996875	8420.7889375	12309.0020625	9065.637	8834.2650625	8031.7658125	6578.41025	6900.494375	9346.0995	12961.611375	11230.1335625
ILMN_1257333	3862.5035625	4530.4624375	4137.6650625	3808.8565	4619.5934375	3883.6430625	4925.7006875	3384.2715625	3534.9343125	4396.7099375	4530.4624375	4239.0556875	4452.0114375	3953.748625	3834.3006875	4667.497625
ILMN_1243462	140.8878375	163.2424375	142.66521875	141.90628125	169.78939375	144.260675	125.7289875	148.8364625	153.695975	150.8607	126.36245	148.0848125	155.68575625	134.78813125	130.53025625	169.34339375
ILMN_2743650	264.523	292.4938	270.48401875	339.5567875	246.22676875	221.24006875	266.54350625	391.4559875	452.3838625	316.0292125	384.34065	281.8167875	296.89524375	362.3423375	386.81351875	287.6191125
ILMN_2729743	211.1658125	198.986275	207.45166875	232.98231875	229.5596375	189.890575	236.39815625	225.768425	236.39815625	232.98231875	225.768425	204.95320625	195.500075	214.63416875	233.70659375	247.27466875
ILMN_2801798	1413.892925	1357.73449375	1290.79334375	1443.8409375	1512.9835625	1470.9896875	1499.0845625	1399.6960125	1340.43134375	1389.53755625	1630.3749375	1523.2851875	1723.53475	1512.9835625	1447.2469375	1315.989225
ILMN_3143577	430.63421875	432.08651875	446.23766875	444.5415	398.8783375	407.82223125	416.5290125	431.7225875	436.96919375	479.6173875	354.05960625	470.87679375	460.56375625	342.5941	447.55898125	527.07400625
ILMN_1257117	769.2259125	601.77260625	878.55406875	775.92039375	882.26715625	830.115225	665.2559875	932.24933125	800.142025	782.2742875	668.6408375	750.79295	724.54374375	799.0163375	809.68798125	836.24015
ILMN_2942669	1729.3028125	1691.932625	1541.624625	1836.85825	1585.203875	1773.0195	1836.85825	1786.308875	1753.9889375	1601.894875	1825.6773125	1761.7409375	1901.7284375	2003.673375	1737.21975	1729.3028125
ILMN_1234781	946.97265625	952.8408625	926.7802875	1151.43849375	928.73256875	1037.15800625	1073.825075	1284.59764375	1082.09006875	878.55406875	997.9165375	905.5100875	982.52008125	1111.68751875	1146.39284375	1115.814175
ILMN_1244070	5235.5604375	5592.9835	5017.492875	4559.2555625	5035.313	5207.3271875	5366.7633125	4925.7006875	4559.2555625	5284.0041875	4995.627	6210.5699375	5188.1588125	4995.627	4544.1546875	5630.295
ILMN_2608429	682.99356875	701.97584375	669.95110625	546.67505625	718.119375	594.5953875	542.5852375	549.2649875	556.3031625	600.22399375	527.07400625	676.4500125	642.53469375	544.86930625	557.51616875	713.79743125
ILMN_2650911	3583.1270625	3556.7825	3081.9745625	4036.32475	3496.7734375	3572.0115	3367.8920625	4224.2954375	4410.4075	3796.041	3808.8565	3331.7243125	3508.3631875	4152.0380625	4239.0556875	3834.3006875
ILMN_2595283	496.93676875	408.5570375	497.8212875	540.56240625	485.53976875	476.99363125	407.82223125	460.56375625	549.89674375	448.20770625	396.1385875	324.18878125	496.135925	615.6507375	559.57819375	477.51089375
ILMN_2752408	3114.975	3074.407375	3610.6621875	3260.6586875	3125.4125	3134.3626875	2758.6666875	3144.962875	2955.6293125	3125.4125	2721.8628125	3282.743375	2476.998875	2738.6715	3104.4561875	2816.5711875
ILMN_1217225	562.62983125	516.35701875	672.2165125	466.434675	625.94640625	580.68080625	507.30178125	490.5482625	483.0917625	620.669025	478.21235625	530.13569375	467.39164375	394.19975	413.1436125	603.75543125
ILMN_2599130	27148.123125	29198.485625	27148.123125	29198.485625	29198.485625	27148.123125	29991.60125	29198.485625	29198.485625	25477.855	31429.665	28088.250625	27148.123125	29198.485625	28088.250625	26401.904375
ILMN_3081402	102.045950625	90.62556	118.982745625	133.2308125	92.463158125	105.723615625	92.89908375	135.1378125	149.21289375	116.987925	153.5859125	113.7851975	95.67745375	151.9914375	145.898675	119.53205625
ILMN_2786973	9753.672125	8640.875375	9544.25021875	7332.76175	11297.6646875	10210.935875	10210.935875	7332.76175	7535.8325625	9413.28375	7884.927125	10127.8905625	10333.5746875	7460.845875	7884.927125	9346.0995
ILMN_2605268	1037.15800625	1085.4797875	932.24933125	1205.7586875	844.16524375	1117.5936875	1119.3327375	1185.554375	1023.44788125	917.37219375	1351.2752375	1098.48106875	1161.1970625	1181.55914375	1062.9545625	958.827475
ILMN_1223147	11495.6474375	13172.297875	11938.2769375	9753.672125	9413.28375	12621.3100625	12621.3100625	9413.28375	11230.1335625	10674.29	13983.2231875	12961.611375	10674.29	13534.7125	9972.20525	8285.4875
ILMN_2749840	653.84860625	685.93454375	631.9964875	593.64370625	840.31154375	566.12206875	649.74345625	556.3031625	539.54431875	682.99356875	594.5953875	653.84860625	596.8079375	540.56240625	608.020025	646.166675
ILMN_2667614	3728.71325	3834.3006875	2781.58875	2770.389	3049.8525625	3901.5434375	4100.9669375	2963.303625	2968.9675625	2881.650875	3624.416875	4137.6650625	4048.0388125	3682.3524375	2907.421375	3144.962875
ILMN_1213681	1597.03825	1808.6184375	2007.6768125	2510.9436875	1825.6773125	1691.932625	1793.433875	2201.56525	1968.7001875	1753.9889375	1937.256125	1675.8665625	1988.0516875	2013.110125	2476.998875	1723.53475
ILMN_1258501	547.767775	421.78673125	506.4152125	480.16580625	608.020025	428.2162625	366.8749875	409.6476375	541.213475	426.63545	279.0067375	392.08263125	361.06348125	424.62724375	407.82223125	331.1162875
ILMN_1247543	7228.3994375	6900.494375	9065.637	7790.514875	11408.793	7790.514875	6843.291125	8098.043625	7724.063375	8994.49525	7110.6441875	7110.6441875	7411.148625	7332.76175	7790.514875	9065.637
ILMN_2901283	1047.83524375	1001.36695	964.61938125	943.18929375	857.74695625	970.23390625	1096.2395125	960.96005	976.8693625	941.899225	1159.0100875	939.87478125	1044.1645625	1040.3397625	934.93573125	896.56195625
ILMN_2956932	22662.46875	22662.46875	21883.9125	18866.55375	19253.191875	21368.33875	21883.9125	19803.4675	18650.413125	19803.4675	20157.430625	21368.33875	21368.33875	21883.9125	18866.55375	17990.79625
ILMN_2687828	203.36625	207.70706875	225.768425	248.3792375	211.3284125	227.120325	161.68011875	231.4094625	241.740075	208.02386875	215.532425	207.45166875	221.5099	176.99835	244.12235625	194.2015
ILMN_2620767	106.381176875	102.045950625	128.63870625	114.37780875	108.84136875	95.8401	97.0434975	110.222861875	115.1817375	143.9201875	119.7339625	111.549485	103.1318525	112.680161875	126.7113625	138.10944375
ILMN_2623886	926.7802875	1061.20106875	975.55876875	1290.79334375	1259.73734375	921.2737875	1011.060025	1259.73734375	1115.814175	980.6937	991.49634375	948.13583125	1029.641025	937.8576625	1101.2866	939.87478125
ILMN_2590350	742.81638125	804.60284375	610.22988125	624.54245	681.12016875	661.9242375	799.0163375	667.346975	665.2559875	722.33518125	711.26331875	716.28623125	656.59380625	729.4838	637.1031	601.77260625
ILMN_2787785	137.35951875	133.76694375	118.85425125	114.710489375	122.50006875	126.2334375	165.03119375	116.82452	108.59527	138.33310625	110.925168125	139.53805	118.544265	119.43970125	119.7339625	120.324115625
ILMN_2427869	382.0394125	404.7403875	445.23834375	574.1261625	526.3651125	399.899675	371.001275	503.5053625	514.343425	469.40995625	405.7067375	402.7885	395.5918375	391.4559875	526.3651125	409.2603125
ILMN_2594872	146.47023125	142.66521875	166.7155	129.55834375	153.695975	150.51230625	163.813025	145.03638125	129.20803125	165.765375	162.6555875	151.9914375	166.7155	187.17769375	136.3262875	164.552225
ILMN_2678495	268.74179375	239.3336125	206.018925	300.83779375	145.3389	237.7202375	271.68064375	274.07449375	280.7798125	200.89800625	278.67450625	243.86538125	165.03119375	320.36241875	263.91614375	142.9232375
ILMN_1252437	3367.8920625	2809.6363125	3353.5210625	3064.3103125	2657.9415625	3508.3631875	2928.994125	2907.421375	2939.1021875	2710.1726875	3092.283875	3862.5035625	2809.6363125	3081.9745625	2850.1111875	2624.439625
ILMN_2648742	2850.1111875	2985.4025	3041.47075	2468.7893125	2939.1021875	3092.283875	3064.3103125	2476.998875	2369.0618125	2874.069125	2568.4504375	3007.439625	2864.5063125	2481.5916875	2468.7893125	3041.47075
ILMN_2897476	2816.5711875	2541.381	2608.4428125	2613.0956875	2369.0618125	2758.6666875	2657.9415625	2432.0701875	2258.226875	2264.731375	2574.93875	2448.833375	2468.7893125	2593.7214375	2568.4504375	2172.82875
ILMN_1239221	188.33473125	183.22048125	158.3846375	193.5339875	197.0282375	191.1588375	204.4481	171.38676875	166.49685	164.74565625	192.6032125	179.673275	174.29655	181.23368125	169.34339375	177.622125
ILMN_2712675	368.69168125	373.30499375	329.3921125	426.13363125	321.82924375	335.58544375	329.3921125	330.25861875	352.044	325.01405625	388.29455	336.88030625	305.29793125	370.48145625	395.5918375	338.47830625
ILMN_1255323	244.12235625	300.13343125	253.8598	215.532425	300.83779375	287.144725	314.3022625	217.59455	225.768425	267.27683125	295.67068125	266.54350625	342.17348125	233.70659375	254.36886875	259.10294375
ILMN_2878021	336.38178125	293.459625	296.50191875	311.04498125	325.01405625	282.30319375	316.35359375	326.28495625	381.63321875	287.144725	330.25861875	306.2683	389.59186875	428.86770625	394.9682625	267.27683125
ILMN_1256608	92.762578125	110.410105	114.97474375	123.29315	104.776445	104.4697725	110.701926875	141.5911125	132.896825	103.8220475	169.78939375	103.479665625	89.948736875	162.286325	136.4538875	105.8060175
ILMN_2655144	1294.65333125	1217.59461875	1031.5182875	980.6937	1101.2866	1447.2469375	1389.53755625	943.18929375	964.61938125	1086.60641875	1161.1970625	1320.76196875	1385.99768125	1262.084325	1011.060025	1011.060025
ILMN_3107156	3216.0641875	3114.975	3397.958	3953.748625	2963.303625	3074.407375	3134.3626875	3534.9343125	3770.3874375	3186.193375	3480.6066875	3307.411375	2747.872	3463.9809375	3672.7575	2710.1726875
ILMN_2645295	338.01579375	342.17348125	409.6476375	406.25033125	394.9682625	348.55784375	382.95286875	399.316725	349.856425	407.82223125	339.5567875	308.03741875	336.38178125	352.044	414.16425625	348.09076875
ILMN_1377921	23872.526875	23320.495625	25477.855	23872.526875	27148.123125	23320.495625	23320.495625	23872.526875	23320.495625	26401.904375	22662.46875	20822.085625	23320.495625	23872.526875	23872.526875	23872.526875
ILMN_2594644	257.3934125	251.9778875	250.2519625	241.5009	240.04690625	249.77924375	227.4998625	249.77924375	223.62086875	237.7202375	254.10841875	289.4902375	257.1474375	265.53608125	237.210825	225.11594375
ILMN_1234516	613.71071875	668.6408375	578.27779375	612.4552625	678.67405625	647.28489375	642.53469375	612.4552625	594.5953875	567.74288125	700.53440625	613.71071875	630.68256875	667.346975	646.166675	610.22988125
ILMN_1247156	369.0737	147.39860625	134.32206875	127.62435625	157.56325625	157.216325	129.30451875	129.10061875	133.76694375	129.64690625	139.53805	132.4016625	141.3552625	128.5330625	129.8790875	128.44940625
ILMN_2943319	1919.0003125	1901.7284375	1741.11475	1988.0516875	1751.0855	1747.868375	1901.7284375	1981.51975	2022.208	1778.81175	1895.11975	1691.932625	1832.8898125	1988.0516875	2033.06075	1745.095625
ILMN_1236123	334.0526875	349.2293625	318.03841875	293.459625	341.61043125	332.51471875	355.19934375	268.257725	307.59543125	322.15643125	359.99755625	319.296625	366.8749875	350.950725	292.0348375	284.88960625
ILMN_2762514	1200.59594375	1111.68751875	1217.59461875	1008.09605625	1252.1733875	1203.07131875	1006.592375	1001.36695	1188.904225	1151.43849375	1004.4496375	1167.6394625	1172.722225	987.84588125	919.02419375	1191.72529375
ILMN_1216382	292.4938	267.6644625	263.31391875	336.88030625	262.94540625	308.76860625	317.6047375	341.124375	293.459625	257.63335	306.74313125	341.61043125	308.76860625	306.74313125	313.732625	273.60645
ILMN_2980663	2560.1100625	3216.0641875	3292.12425	4293.4258125	3232.3765	3343.45	3114.975	4436.122	4315.6864375	3672.7575	3232.3765	3049.8525625	3166.4545	3808.8565	4410.4075	3757.6965625
ILMN_2759088	150.8607	131.3446625	140.504525	164.19486875	137.3024375	160.77475625	128.92178125	137.59983125	141.90628125	138.60301875	127.80019375	155.81645625	173.37554375	133.379225	139.7600375	129.64690625
ILMN_3162184	427.6186125	460.56375625	393.7152125	423.94420625	398.285625	427.12645	460.98259375	355.68825625	483.86240625	396.1385875	483.86240625	391.4559875	448.20770625	461.81859375	378.12289375	428.86770625
ILMN_1213645	167.33055625	196.029325	168.3561625	177.32429375	184.75475625	184.88224375	235.43113125	196.029325	226.39001875	204.6013	211.57503125	178.14129375	184.27898125	186.44199375	200.56650625	206.84325
ILMN_1237234	646.166675	620.669025	687.17316875	724.54374375	633.27214375	588.53715	572.9692625	752.23520625	685.93454375	754.62749375	629.7449375	627.058775	564.21346875	612.4552625	721.06025	634.68935625
ILMN_2675908	95.8401	122.41531875	109.595425625	154.66928125	102.415140625	121.735439375	111.234585625	173.61805	133.56350625	119.687909375	139.7600375	100.797211875	111.7404775	132.7850125	124.09359375	96.820976875
ILMN_2683528	1279.10915	1304.11341875	1197.1950625	1093.05636875	1220.88975625	1292.25568125	1433.597	1126.81623125	1244.2882125	1233.78420625	1410.221575	1426.63413125	1412.31079375	1385.99768125	1174.17459375	1284.59764375
ILMN_1237846	7184.1275	8355.2378125	6251.9165625	8729.9628125	6961.1408125	7504.3965	8729.9628125	7535.8325625	7411.148625	5592.9835	6927.53375	7790.514875	6666.436625	7935.557625	8420.7889375	8098.043625
ILMN_2732877	1733.5576875	1491.8528125	1426.63413125	976.8693625	1684.229	1544.4166875	1544.4166875	1065.40696875	1062.9545625	1577.917625	1058.70305625	1315.989225	1373.50971875	989.70889375	1122.48299375	1461.678875
ILMN_1240274	3041.47075	2907.421375	3104.4561875	3104.4561875	3007.439625	2916.3459375	2624.439625	3323.130125	3166.4545	3282.743375	2608.4428125	3526.0949375	3199.676125	2681.920625	2864.5063125	3508.3631875
ILMN_2762728	9671.8816875	10724.79525	11173.0176875	10574.6365	10443.30125	9890.1793125	10060.255125	11818.927875	10574.6365	11818.927875	10574.6365	10333.5746875	10060.255125	10127.8905625	10958.433125	10333.5746875
ILMN_1251220	181.98435	192.34130625	189.890575	201.62113125	182.32083125	203.0263	181.7425875	241.90995	229.88585625	183.9246375	217.3990625	188.50483125	190.9587625	212.56733125	239.0553	178.28668125
ILMN_1220232	156.2078125	147.05875	181.43729375	150.51230625	165.03119375	151.1479625	134.78813125	165.20645625	180.15525625	197.2252125	155.432225	125.36169375	145.898675	130.59743125	168.3561625	154.55408125
ILMN_2836607	7110.6441875	8285.4875	7504.3965	7460.845875	6627.1081875	7884.927125	9490.1536875	7984.2996875	8031.7658125	6520.82825	9413.28375	8907.919	7332.76175	10333.5746875	7630.668	6578.41025
ILMN_2676253	109.487064375	126.96625625	127.68379375	115.1817375	102.7052575	96.697644375	103.70723625	133.0385625	108.30596375	102.415140625	100.474668125	118.9281425	101.48536875	98.9641	126.15359375	117.7128925
ILMN_2896492	1058.70305625	1106.1448625	982.52008125	1006.592375	1117.5936875	1181.55914375	1098.48106875	962.9292375	1037.15800625	1040.3397625	1044.1645625	1109.27059375	1178.73895	943.18929375	1012.87120625	1149.6691
ILMN_3004151	474.47324375	466.434675	434.11775625	483.0917625	495.60464375	504.2750375	414.16425625	534.31181875	581.747025	435.13193125	526.3651125	457.93085	537.3564875	509.714725	576.2538625	425.43803125
ILMN_1231457	450.87916875	462.82	430.1853875	496.135925	473.52364375	452.3838625	522.96660625	442.89155	472.914975	513.72638125	469.40995625	421.34460625	481.47731875	545.7415125	515.71900625	410.47876875
ILMN_3126458	212.77806875	224.75283125	216.40799375	236.61770625	228.051775	206.3713125	227.67105	209.103475	222.42536875	224.75283125	243.336	190.9587625	191.631825	250.2519625	208.4504625	192.86455
ILMN_1240471	5920.0250625	6210.5699375	5235.5604375	4183.4475625	6059.90325	6096.572375	6332.6618125	4396.7099375	5188.1588125	5885.3009375	4834.3839375	5559.051625	6292.2961875	5261.7406875	4253.6859375	5432.2115
ILMN_2722716	4115.4703125	4964.116125	3971.043125	5188.1588125	4100.9669375	5071.7954375	5531.992	5824.636	5630.295	3883.6430625	5986.11875	4293.4258125	4667.497625	5920.0250625	6059.90325	3940.2430625
ILMN_2719487	326.28495625	335.58544375	384.34065	398.285625	428.2162625	399.316725	344.83418125	439.20473125	331.1162875	355.68825625	319.52645625	389.59186875	318.36661875	342.9916375	342.17348125	392.08263125
ILMN_1249888	1651.4259375	1873.4655625	1556.765375	1571.518	1450.9011875	1741.11475	1933.3263125	1793.433875	1876.157875	1829.6575625	1974.2203125	1478.5996875	2033.06075	2056.9218125	1933.3263125	1355.16958125
ILMN_1213838	221.24006875	226.0137125	233.70659375	293.02445625	249.77924375	236.95804375	208.8861375	265.15980625	216.67686875	240.45228125	206.018925	249.19909375	248.81170625	217.9913875	262.67929375	203.529425
ILMN_2748300	195.7818	191.9776875	269.54261875	253.16974375	181.98435	252.4631	170.2017375	230.0987875	186.82786875	211.1658125	152.22359375	206.018925	233.70659375	178.14129375	229.5596375	199.52053125
ILMN_2740159	150.34926875	141.10776875	184.0525875	158.05190625	180.15525625	152.5911625	166.21005625	234.86673125	234.5153	154.55408125	162.286325	185.748925	156.10200625	171.50286875	183.0535	244.98325
ILMN_2647427	320.96831875	303.2110375	341.61043125	308.76860625	268.257725	350.950725	288.4541	375.74753125	303.5227625	289.4902375	381.22103125	304.5775125	250.2519625	353.06145	373.30499375	298.53729375
ILMN_1245079	5986.11875	5559.051625	6210.5699375	6578.41025	6900.494375	6251.9165625	5458.565	6332.6618125	6474.592	6578.41025	5720.023125	6627.1081875	5720.023125	5592.9835	6927.53375	7228.3994375
ILMN_1221225	130.45783125	122.83345	127.09165	107.10756	148.575225	116.415918125	135.5993875	124.914075	93.885325625	127.4141875	119.687909375	121.307835625	138.9548125	121.52119	85.749341875	96.6042525
ILMN_2963017	163.10266875	182.85221875	145.5794125	147.8156375	153.9696625	151.39938125	158.53173125	150.51230625	143.37633125	135.53380625	174.8182375	102.66777125	155.98471875	143.68168125	171.64175	134.78813125
ILMN_2638511	136.3262875	154.42223125	169.65194375	121.37270625	157.693625	172.353225	161.43203125	130.09806875	134.18521875	160.10634375	149.99069375	174.1205625	145.1658125	150.2414625	138.39070625	165.4697625
ILMN_2745037	1529.5255625	1569.421	1532.028875	1161.1970625	1593.675875	1574.8205625	1535.9275625	1233.78420625	1098.48106875	1505.6170625	1359.73494375	1585.203875	1526.519875	1211.26603125	1231.54114375	1412.31079375
ILMN_2756686	1094.47193125	1170.5943	1050.89158125	1135.64869375	948.13583125	1080.43248125	1077.30364375	1223.86389375	1061.20106875	965.92841875	1363.2152	1071.30986875	1080.43248125	1037.15800625	1044.1645625	980.6937
ILMN_1223546	551.0910625	507.9213875	460.98259375	389.59186875	466.434675	521.16900625	571.6147875	401.56864375	466.434675	554.6096625	590.2830875	567.0161125	619.76544375	502.513075	398.8783375	558.30926875
ILMN_2741899	724.54374375	695.1960625	692.932175	876.168925	687.17316875	681.12016875	675.1991125	865.75048125	865.75048125	728.21921875	651.440175	706.28880625	711.26331875	764.2097375	835.00675625	724.54374375
ILMN_1223695	132.896825	129.44345	139.9945375	114.807048125	152.1062	123.83503125	114.37780875	121.17253375	116.704525625	139.64135625	136.52760625	102.7052575	124.97909375	124.914075	110.81515	132.9463
ILMN_2615431	826.7718875	718.119375	924.4569875	749.09235	765.3852875	825.27274375	843.17844375	787.17976875	715.03693125	923.3045875	660.82371875	921.2737875	749.09235	601.77260625	782.2742875	965.92841875
ILMN_2666406	1544.4166875	1281.5076125	1363.2152	1163.75175	1392.73844375	1501.8286875	1259.73734375	1172.722225	1228.17379375	1275.825625	1052.4328875	1571.518	1481.7319375	1315.989225	1223.86389375	1292.25568125
ILMN_3145474	212.036425	174.510375	197.0282375	197.2252125	190.08255	180.15525625	177.32429375	157.42939375	177.7439375	204.0911625	166.7155	204.23965625	191.45689375	166.325525	183.9246375	190.76133125
ILMN_2630362	227.120325	216.99501875	273.0291875	271.34849375	272.57405	211.1658125	190.08255	259.57115	255.342925	234.260575	246.70936875	226.0137125	190.76133125	235.25141875	211.1658125	211.1658125
ILMN_2680440	4436.122	4363.454875	3862.5035625	3526.0949375	3641.0309375	4082.71825	4376.21475	3275.2453125	3353.5210625	3480.6066875	3526.0949375	3901.5434375	4253.6859375	3883.6430625	3323.130125	3862.5035625
ILMN_2619718	186.2141625	168.20095	165.765375	200.7246625	172.70298125	177.622125	166.5747125	200.1958	190.51620625	194.2015	186.2141625	163.813025	149.64721875	180.3295625	212.77806875	164.0783625
ILMN_2595857	454.602775	463.44099375	375.74753125	395.5918375	371.001275	457.2691	424.62724375	338.01579375	379.33124375	436.32871875	574.9033	485.53976875	477.51089375	481.47731875	491.08171875	435.835025
ILMN_2663741	2131.0719375	2154.306	2313.56925	2056.9218125	2238.6796875	2228.328875	2007.6768125	2042.1346875	1812.93475	2325.05	1959.502625	2208.8605	2013.110125	1928.6761875	1909.405	2183.460125
ILMN_3008277	29198.485625	30659.768125	24643.0425	26401.904375	28088.250625	29991.60125	30659.768125	26401.904375	24643.0425	29198.485625	24643.0425	29198.485625	30659.768125	28088.250625	24643.0425	29198.485625
ILMN_3001135	138.33310625	117.65351375	139.7600375	115.3052825	136.79684375	113.638276875	126.15359375	109.678511875	109.63701875	135.35369375	128.8212375	129.37900625	116.25198875	127.28783125	89.46295	143.8182375
ILMN_2708920	156.60838125	137.59983125	141.825175	148.93023125	149.3582875	142.3656125	164.88851875	116.415918125	132.205225	140.97510625	129.71258125	157.42939375	153.8393625	151.39938125	138.10944375	142.58573125
ILMN_2639642	1964.982125	1905.974125	1868.818125	1569.421	1668.6805625	2143.6614375	1997.4680625	1658.9980625	1680.0055	1855.0858125	1832.8898125	2070.5778125	1959.502625	1691.932625	1581.35175	1937.256125
ILMN_2675681	263.5487875	249.77924375	260.86174375	233.70659375	323.1156125	239.3336125	274.07449375	245.33235	232.463875	258.75729375	227.4998625	202.5795125	234.86673125	193.5339875	276.12820625	241.0027875
ILMN_2647372	96.964593125	103.079254375	101.301193125	124.0164625	74.993045625	101.9212425	85.308429375	135.00350625	139.41925	95.0255825	160.6173125	122.195053125	80.8911	139.87195625	144.260675	72.553500625
ILMN_1255697	1553.0540625	1532.028875	1675.8665625	1539.848	1944.8068125	1485.9148125	1560.8211875	1517.980125	1481.7319375	1695.865	1231.54114375	1461.678875	1342.66180625	1294.65333125	1363.2152	1616.891125
ILMN_2910106	396.1385875	384.946275	325.79024375	301.5162	388.29455	402.26533125	455.44276875	314.3022625	306.74313125	394.9682625	382.95286875	433.41804375	450.09990625	328.285625	299.09469375	398.8783375
ILMN_2643067	1499.0845625	1642.0229375	1488.5588125	1259.73734375	1517.980125	1467.699125	1691.932625	1237.64559375	1154.72575625	1348.860525	1412.31079375	1290.79334375	1539.848	1399.6960125	1194.77774375	1420.65530625
ILMN_2807084	1366.5811	1450.9011875	1385.99768125	1265.42595625	1363.2152	1323.73580625	1521.487125	1220.88975625	1153.086725	1301.79445	1505.6170625	1357.73449375	1288.97909375	1443.8409375	1279.10915	1205.7586875
ILMN_2644664	745.71349375	874.99784375	675.1991125	729.4838	728.21921875	769.2259125	712.6582	719.046825	780.5475	730.96755	769.2259125	816.19315625	811.4076125	785.55970625	787.17976875	697.11445625
ILMN_2625094	329.84598125	314.987925	350.2464875	357.68119375	320.36241875	343.51701875	276.746625	379.33124375	347.2855875	279.95749375	277.7191375	328.90161875	335.95439375	293.02445625	423.20989375	262.67929375
ILMN_1216601	117.578344375	100.057215625	125.46033125	155.57271875	97.3266925	94.993215	97.388781875	127.1895375	135.1378125	122.6171375	125.9750625	93.649435	94.415228125	107.767169375	129.20803125	133.31306875
ILMN_2752618	1340.43134375	1420.65530625	1086.60641875	989.70889375	1215.46968125	1167.6394625	1382.81021875	864.630725	1017.5196	1117.5936875	1217.59461875	1146.39284375	1253.613975	1203.07131875	936.561775	1006.592375
ILMN_2750225	174.942675	149.48900625	153.34843125	142.83349375	154.88060625	176.556675	164.552225	159.69138125	157.693625	136.89603125	187.9385375	170.387425	176.556675	177.977475	188.50483125	176.556675
ILMN_3161263	465.2150125	473.52364375	396.6321	442.1013375	304.5775125	419.286475	463.44099375	467.39164375	527.07400625	457.2691	549.2649875	394.9682625	433.41804375	442.1013375	423.94420625	371.5558125
ILMN_1254067	791.96815625	788.81949375	642.53469375	594.5953875	652.601775	772.78075625	826.7718875	578.27779375	609.015525	640.49278125	725.7171625	682.99356875	745.71349375	668.6408375	614.66899375	698.881425
ILMN_2756733	980.6937	958.827475	934.93573125	854.31285625	903.982275	973.91274375	868.936125	831.99635	863.1886875	943.18929375	1008.09605625	1093.05636875	976.8693625	968.52038125	930.27695625	874.99784375
ILMN_1242942	115.0698675	103.8220475	104.721908125	126.15359375	124.417475	120.867783125	117.863168125	138.2094375	121.048245	133.379225	142.249075	109.91764625	109.279330625	92.144394375	135.71329375	132.00056875
ILMN_2760116	579.95534375	551.6918875	588.53715	756.18793125	601.04705625	557.51616875	612.4552625	621.29355	610.8717375	537.3564875	737.52373125	507.9213875	593.64370625	663.46655	753.64794375	528.659375
ILMN_1260112	468.86593125	565.08385	572.9692625	489.587425	562.62983125	544.86930625	531.53671875	764.2097375	494.18310625	623.59819375	469.928175	472.914975	469.928175	514.343425	503.5053625	648.30325625
ILMN_1259299	1410.221575	1648.387625	1399.6960125	1385.99768125	1373.50971875	1495.75775	1610.26175	1597.03825	1549.452	1433.597	1574.8205625	1657.091625	1569.421	1585.203875	1461.678875	1447.2469375
ILMN_2875915	437.71665625	415.8145375	420.2161375	471.9612875	379.9415625	420.2161375	387.2671875	474.47324375	496.93676875	432.68891875	459.588925	406.25033125	397.36328125	373.30499375	432.08651875	365.57460625
ILMN_2987599	335.58544375	326.82395625	301.5162	266.98208125	258.45333125	324.18878125	328.285625	229.5596375	257.63335	283.540325	329.84598125	296.89524375	292.0348375	347.2855875	245.7140625	303.5227625
ILMN_2748777	405.7067375	307.59543125	349.2293625	338.01579375	351.55851875	338.969875	294.61255625	371.001275	319.932875	331.1162875	308.440225	337.48220625	365.57460625	341.61043125	339.5567875	383.67525
ILMN_2791665	123.91041875	114.928289375	115.243696875	108.960214375	136.89603125	120.24917875	115.143828125	110.187594375	111.979923125	126.7113625	118.15266125	112.075176875	127.72565625	122.11165625	117.440628125	125.9750625
ILMN_1259678	1359.73494375	1369.38539375	1138.93230625	1059.9520625	1284.59764375	1416.0072125	1642.0229375	1018.9702	1032.766675	1183.2926625	1599.0994375	1133.0493375	1491.8528125	1563.394625	1128.48683125	1040.3397625
ILMN_1227237	158.3846375	105.32240875	155.57271875	189.73489375	150.64725625	143.50841875	136.61658125	159.97255	173.4603	170.6414875	147.39860625	117.94880375	236.130475	150.11764375	193.88205	168.3561625
ILMN_2892222	2056.9218125	1836.85825	1994.359875	1621.1950625	2052.1315	2042.1346875	2003.673375	1729.3028125	1675.8665625	2063.82525	1588.2665625	2112.8919375	2047.0441875	1546.757625	1675.8665625	2437.573625
ILMN_1213055	664.2749	624.54245	639.4019375	563.63728125	609.015525	637.1031	706.28880625	548.38800625	578.27779375	651.440175	551.0910625	625.94640625	710.4593125	594.5953875	603.75543125	673.8294125
ILMN_2607547	12776.28325	14190.341875	12961.611375	13731.0364375	12469.35875	12469.35875	14190.341875	14760.245625	14190.341875	13172.297875	14760.245625	12776.28325	14190.341875	13172.297875	13983.2231875	14431.91
ILMN_2702193	276.421125	244.36269375	288.4541	267.6644625	269.9254375	256.726675	227.120325	269.31935625	310.557075	267.9434	287.144725	255.71478125	236.75499375	202.26374375	282.668375	319.932875
ILMN_2988191	180.922175	184.0525875	178.96955	204.4481	152.69155	194.03785625	216.40799375	210.16245625	212.77806875	200.1958	222.66893125	213.347025	171.83655	231.68000625	210.80955	200.4274125
ILMN_2710353	1716.46775	1464.879	1093.05636875	704.96834375	1211.26603125	1211.26603125	2158.863875	721.06025	867.3996875	1848.017125	1083.9575	1298.1607625	1638.406375	777.837775	1080.43248125	1459.97975
ILMN_3119914	235.25141875	267.9434	163.2424375	170.86271875	166.7155	234.260575	287.144725	142.58573125	187.723625	181.0369875	260.86174375	237.210825	225.29593125	276.746625	167.0412125	165.765375
ILMN_2653166	1892.11275	1802.7274375	1892.11275	2131.0719375	1741.11475	1723.53475	1873.4655625	2033.06075	2007.6768125	1630.3749375	1914.436125	1672.5034375	1741.11475	1851.1645625	1981.51975	1737.21975
ILMN_2766279	1071.30986875	1014.6464	1115.814175	1080.43248125	1115.814175	1058.70305625	954.6626875	986.313625	1011.060025	1194.77774375	968.52038125	1163.75175	989.70889375	980.6937	997.9165375	1029.641025
ILMN_2710151	401.56864375	368.69168125	373.78556875	386.241725	404.7403875	378.71825625	393.157475	342.9916375	302.4367625	366.8749875	393.157475	374.74366875	447.55898125	397.36328125	313.27270625	375.74753125
ILMN_1234742	314.987925	273.60645	345.7649375	419.286475	315.527125	311.953325	295.67068125	352.64973125	346.84835	276.421125	399.316725	259.10294375	286.81030625	445.80331875	359.38050625	246.43791875
ILMN_2675765	151.7113	152.515875	167.203	138.0079125	177.622125	123.61475625	149.64721875	121.4719	123.91041875	161.81215625	149.21289375	146.69515625	163.813025	144.14700625	119.53205625	129.30451875
ILMN_3144761	302.9173875	285.20514375	297.20371875	334.0526875	369.0737	284.58690625	300.51006875	324.59301875	343.51701875	329.3921125	331.1162875	274.6481375	285.20514375	307.59543125	316.0292125	325.4101375
ILMN_1222682	431.7225875	496.135925	437.71665625	394.9682625	428.86770625	391.4559875	487.81764375	459.588925	444.5415	437.71665625	491.08171875	476.1185375	456.45375	468.86593125	430.1853875	393.7152125
ILMN_2840533	160.10634375	153.8393625	98.185771875	99.884870625	112.075176875	136.61658125	135.92853125	102.66777125	96.087496875	108.06792375	135.00350625	177.502625	125.805925	152.372725	84.950534375	83.650224375
ILMN_3142789	159.17185	171.50286875	139.87195625	214.13316875	77.72694125	166.7155	147.05875	241.0027875	258.45333125	145.03638125	243.86538125	240.04690625	169.34339375	250.930975	265.15980625	122.93675
ILMN_1218703	678.67405625	835.00675625	830.115225	937.8576625	716.28623125	799.0163375	902.21253125	1151.43849375	1140.3004	729.4838	1288.97909375	704.96834375	784.02243125	1191.72529375	1392.73844375	701.97584375
ILMN_2753589	1288.97909375	1426.63413125	1357.73449375	1082.09006875	1470.9896875	1197.1950625	1481.7319375	1228.17379375	970.23390625	1447.2469375	1447.2469375	1183.2926625	1395.78575	1402.53706875	1153.086725	1138.93230625
ILMN_3160697	1269.33360625	1373.50971875	1231.54114375	1521.487125	1075.377725	1405.39675625	1205.7586875	1337.96778125	1529.5255625	1351.2752375	1521.487125	1249.51303125	1252.1733875	1450.9011875	1549.452	1154.72575625
ILMN_3127491	172.0150375	174.1205625	154.42223125	127.537025	133.14736875	165.765375	194.03785625	146.57059375	141.10776875	178.96955	143.9201875	136.10575625	143.50841875	153.46726875	140.8878375	135.5993875
ILMN_2668886	262.67929375	243.0280375	286.13239375	242.168325	260.86174375	310.20375625	229.88585625	271.34849375	299.09469375	248.3792375	228.59040625	291.3637	342.9916375	249.460775	264.24041875	279.61274375
ILMN_1214753	1517.980125	1723.53475	1700.66975	1588.2665625	1521.487125	1412.31079375	1758.3530625	1389.53755625	1523.2851875	1395.78575	1747.868375	1237.64559375	1369.38539375	1642.0229375	1311.92510625	1170.5943
ILMN_2669540	3770.3874375	3445.8880625	3796.041	3445.8880625	4706.18725	3920.65875	3610.6621875	3496.7734375	3496.7734375	4016.5993125	3445.8880625	3358.915875	3699.664375	3307.411375	3480.6066875	3610.6621875
ILMN_2647048	5207.3271875	5120.44175	5261.7406875	4479.1653125	4880.49925	5559.051625	5071.7954375	4166.331375	4152.0380625	4951.3425625	4206.7450625	5458.565	4951.3425625	4514.3431875	3901.5434375	5284.0041875
ILMN_1219231	1142.3346125	1470.9896875	1001.36695	892.5835875	1167.6394625	1161.1970625	1453.836625	934.93573125	948.13583125	1058.70305625	1355.16958125	1252.1733875	1363.2152	1342.66180625	1050.89158125	1025.50926875
ILMN_2733465	130.59743125	139.53805	121.580483125	145.3389	133.76694375	156.7400875	131.80700625	135.2270875	137.2026125	110.873780625	145.674675	147.21659375	146.69515625	139.28285	121.653625	106.745404375
ILMN_1254878	3104.4561875	3343.45	3384.2715625	3883.6430625	3114.975	3358.915875	3275.2453125	3862.5035625	3508.3631875	3808.8565	3422.046375	3463.9809375	3248.2679375	3546.5745	3699.664375	3463.9809375
ILMN_1229430	456.45375	526.3651125	638.36458125	622.424775	565.08385	515.00791875	492.8494125	591.56195625	631.9964875	552.80308125	503.5053625	570.62875	463.44099375	528.659375	571.6147875	530.13569375
ILMN_1231868	478.98810625	450.87916875	489.587425	567.74288125	546.67505625	538.40756875	448.8247125	486.43069375	570.62875	538.40756875	371.5558125	373.78556875	425.43803125	409.6476375	545.7415125	466.434675
ILMN_3138743	269.0900875	269.54261875	246.43791875	265.53608125	241.740075	295.17453125	279.95749375	255.71478125	222.66893125	233.70659375	267.9434	283.540325	241.740075	295.17453125	239.731575	234.260575
ILMN_1251534	193.88205	211.808925	223.11305	231.4094625	202.7771	196.029325	185.43579375	213.7162125	220.08603125	214.999475	217.9913875	192.6032125	194.03785625	209.6493125	216.67686875	181.58448125
ILMN_2446990	258.45333125	253.16974375	243.336	259.57115	184.27898125	268.74179375	259.57115	277.15685625	272.57405	212.56733125	333.03789375	300.13343125	212.036425	318.857075	248.81170625	224.416875
ILMN_2671266	449.41195625	467.39164375	411.74715	449.41195625	358.44570625	430.1853875	421.78673125	465.7442	513.18336875	400.818975	542.5852375	509.714725	471.9612875	534.31181875	477.51089375	350.2464875
ILMN_2704927	253.5756875	287.144725	256.2845125	274.07449375	294.1801625	228.59040625	242.69094375	272.57405	248.03146875	284.88960625	245.33235	262.94540625	265.969925	183.40340625	264.523	266.54350625
ILMN_2664040	25477.855	25477.855	21368.33875	17990.79625	19803.4675	23872.526875	25477.855	18650.413125	19803.4675	21883.9125	23320.495625	26401.904375	23872.526875	22662.46875	20157.430625	23320.495625
ILMN_3006643	1290.79334375	1159.0100875	1606.403875	1625.73425	1308.2683375	1255.287775	1172.722225	1426.63413125	1569.421	1467.699125	1262.084325	1423.25485	1167.6394625	1311.92510625	1499.0845625	1672.5034375
ILMN_2919489	1304.11341875	1413.892925	1174.17459375	1188.904225	1351.2752375	1392.73844375	1402.53706875	1265.42595625	1423.25485	1363.2152	1408.1082625	1412.31079375	1410.221575	1447.2469375	1351.2752375	1325.81468125
ILMN_1216987	188.73664375	201.32313125	159.81698125	163.10266875	191.631825	210.80955	205.3047125	154.1588625	164.88851875	140.1893	186.82786875	214.38885	223.28705625	170.04654375	173.37554375	175.28598125
ILMN_1220620	105.974695	119.900904375	126.15359375	89.4129325	109.87727375	103.933105	96.964593125	124.0164625	110.701926875	122.83345	104.293158125	108.84136875	110.595898125	110.010455625	118.39256	138.493975
ILMN_3156058	491.08171875	454.602775	484.5622625	487.81764375	462.82	522.96660625	411.01455625	463.44099375	541.8511625	453.05573125	476.1185375	491.6045875	502.513075	451.59918125	514.343425	453.55994375
ILMN_2747792	196.22610625	245.33235	285.20514375	244.12235625	260.1345875	216.99501875	241.90995	251.30326875	230.4721	357.10310625	251.9778875	212.2325375	179.79511875	246.70936875	242.69094375	285.20514375
ILMN_2974280	1083.9575	1135.64869375	1111.68751875	926.7802875	1281.5076125	1098.48106875	1101.2866	889.0091875	833.42680625	1255.287775	908.8836125	1205.7586875	1153.086725	1008.09605625	906.973	1265.42595625
ILMN_2654624	476.99363125	778.8566	376.43794375	596.8079375	305.29793125	492.318275	618.0341625	590.2830875	585.82873125	292.4938	649.74345625	582.72373125	533.3672125	804.60284375	408.5570375	519.32630625
ILMN_2673768	143.8182375	153.695975	172.353225	139.15418125	188.0836	164.88851875	147.93004375	130.28583125	146.69515625	173.61805	157.42939375	147.32380625	146.249475	143.8182375	141.90628125	164.19486875
ILMN_2667709	358.44570625	329.84598125	350.950725	479.6173875	261.23531875	361.06348125	341.61043125	405.7067375	413.1436125	271.0086	418.7329625	363.99298125	296.03155	349.856425	439.64811875	362.90645625
ILMN_2920008	351.55851875	361.62028125	444.5415	381.22103125	354.05960625	356.32760625	350.950725	415.8145375	390.72719375	369.6460875	356.32760625	359.99755625	332.17845625	408.5570375	357.10310625	432.68891875
ILMN_1214358	948.13583125	943.18929375	804.60284375	928.73256875	876.168925	847.2564125	894.35590625	1023.44788125	1058.70305625	871.928325	1102.75900625	946.97265625	1042.23654375	1228.17379375	1028.2021375	906.973
ILMN_2711688	496.135925	398.285625	510.5569375	440.4020125	571.6147875	478.98810625	419.286475	452.3838625	402.7885	467.39164375	361.06348125	546.67505625	491.6045875	344.2023125	469.40995625	516.35701875
ILMN_1234824	1373.50971875	1440.767375	1114.7287	1240.6907125	905.5100875	1549.452	1337.96778125	1423.25485	1292.25568125	1142.3346125	1311.92510625	1377.04380625	1630.3749375	1252.1733875	1185.554375	1382.81021875
ILMN_1221418	691.70765625	793.42196875	739.25601875	609.015525	639.4019375	712.6582	726.77698125	700.53440625	733.7992	789.96631875	715.03693125	817.51023125	747.19006875	782.2742875	640.49278125	744.27988125
ILMN_1215893	352.64973125	321.4583	291.3637	245.33235	302.0011375	352.64973125	374.27375	240.2466625	249.77924375	312.35949375	279.95749375	353.06145	345.7649375	308.440225	260.1345875	346.84835
ILMN_1222246	643.92078125	639.4019375	619.76544375	474.47324375	695.1960625	693.96675625	566.12206875	558.30926875	497.8212875	601.04705625	483.0917625	551.6918875	595.21409375	504.2750375	417.2681625	630.68256875
ILMN_1252689	1154.72575625	997.9165375	1194.77774375	1304.11341875	937.8576625	1085.4797875	1004.4496375	1142.3346125	1203.07131875	1082.09006875	1142.3346125	1114.7287	1028.2021375	1275.825625	1265.42595625	1062.9545625
ILMN_2758459	149.3582875	126.6088375	124.76700625	142.48908125	97.240651875	139.64135625	137.74104375	142.0322125	165.765375	120.005404375	164.3968125	161.26354375	164.0783625	180.70965	150.99335625	151.29939375
ILMN_2992239	666.30194375	687.17316875	903.982275	835.00675625	835.00675625	682.99356875	666.30194375	844.16524375	987.84588125	886.00486875	640.49278125	572.9692625	503.5053625	1165.2661875	855.91689375	957.3368875
ILMN_1248788	208.02386875	249.460775	221.7632625	253.5756875	246.90165	200.89800625	267.27683125	212.77806875	199.52053125	218.7287625	236.95804375	194.98645	211.808925	208.2482625	222.9096625	171.38676875
ILMN_1218058	30659.768125	33503.791875	30659.768125	33503.791875	25477.855	29198.485625	32505.79625	32505.79625	34808.40625	29991.60125	39382.785	31429.665	29991.60125	39382.785	34808.40625	30659.768125
ILMN_2684413	500.1246625	418.7329625	555.743425	496.93676875	501.45809375	500.1246625	523.6465625	669.95110625	548.38800625	565.08385	492.8494125	474.47324375	548.38800625	547.767775	595.21409375	565.08385
ILMN_2634591	88.92308	81.961036875	84.225499375	135.840375	68.964610625	77.424754375	88.69066375	101.27138125	120.079114375	86.50411875	126.2334375	77.04211875	84.405641875	138.60301875	112.5711125	89.9772
ILMN_1248005	129.30451875	121.12578875	119.074268125	120.005404375	138.33310625	115.78272625	124.6910875	108.8992025	109.448013125	115.143828125	110.746616875	129.71258125	141.68094375	108.06792375	125.6313	113.209359375
ILMN_2728038	1405.39675625	1719.596	1165.2661875	1174.17459375	1040.3397625	1541.624625	1723.53475	1165.2661875	1355.16958125	1014.6464	1781.5615	1359.73494375	1560.8211875	1695.865	1157.0028125	865.75048125
ILMN_2950622	123.61475625	110.486279375	127.537025	137.88758125	133.43806875	132.10626875	136.4538875	126.96625625	127.2450625	127.2450625	121.24155375	108.8992025	105.35851	115.906464375	146.47023125	145.28875625
ILMN_1225014	252.8984	254.36886875	253.5756875	389.97513125	275.04995	254.10841875	273.0291875	299.838875	264.24041875	251.9778875	333.580125	286.44878125	227.67105	297.20371875	260.86174375	260.86174375
ILMN_2757232	322.15643125	254.823675	259.57115	363.591075	232.7016375	271.68064375	246.22676875	315.527125	427.6186125	314.7001	274.07449375	200.1958	288.4541	290.319825	335.58544375	341.61043125
ILMN_3079138	114.532839375	102.33945	134.78813125	216.1693125	93.9439675	95.12855375	114.11353375	221.5099	218.25731875	106.42664125	181.43729375	139.04955625	100.5552075	246.22676875	258.45333125	100.59616
ILMN_2749143	2731.420875	2668.906125	2613.0956875	3081.9745625	3104.4561875	2522.957375	3125.4125	3282.743375	2800.7055	2681.920625	3216.0641875	2426.33675	2939.1021875	2731.420875	3007.439625	2432.0701875
ILMN_2592266	1832.8898125	1832.8898125	2334.2050625	2098.2055	2243.769375	2098.2055	1892.11275	2355.1674375	2461.6148125	1988.0516875	1802.7274375	1817.268875	1944.8068125	1880.222375	2201.56525	2264.731375
ILMN_1251065	1481.7319375	1478.5996875	1325.81468125	1597.03825	1402.53706875	1408.1082625	1416.0072125	1412.31079375	1405.39675625	1377.04380625	1616.891125	1402.53706875	1457.8441875	1733.5576875	1541.624625	1279.10915
ILMN_2682046	1663.08725	1978.2611875	2047.0441875	1868.818125	2533.3731875	1812.93475	2105.115125	1644.4888125	1733.5576875	2272.8855	1859.51175	2082.9988125	1914.436125	1658.9980625	1873.4655625	2137.9463125
ILMN_1241444	136.10575625	144.14700625	135.840375	139.7600375	149.64721875	151.8665125	151.1479625	148.93023125	141.26234375	129.37900625	166.325525	134.89306875	145.79421875	165.765375	188.93926875	137.35951875
ILMN_2754690	511.4432375	522.02868125	624.54245	405.04731875	707.6533625	502.513075	476.1185375	406.25033125	355.68825625	570.62875	335.58544375	459.588925	418.7329625	324.18878125	386.241725	551.6918875
ILMN_2891688	2158.863875	2383.1305	2369.0618125	2574.93875	2196.211625	2172.82875	2250.7824375	2568.4504375	2432.0701875	2281.600125	2383.1305	2647.8840625	2148.8818125	2624.439625	2272.8855	2118.75825
ILMN_1252210	1829.6575625	1510.2215	1373.50971875	1340.43134375	1093.05636875	1410.221575	1459.97975	1288.97909375	1495.75775	1133.0493375	1556.765375	1510.2215	1523.2851875	1825.6773125	1205.7586875	1178.73895
ILMN_2747331	1997.4680625	1505.6170625	2118.75825	2258.226875	1892.11275	1901.7284375	1505.6170625	2105.115125	2118.75825	2172.82875	1648.387625	1644.4888125	1873.4655625	1761.7409375	2022.208	2013.110125
ILMN_2744459	360.557825	363.591075	281.32585625	257.83005	355.68825625	355.68825625	361.06348125	235.25141875	267.6644625	278.67450625	272.79385	331.55780625	346.35661875	271.0086	228.38930625	368.69168125
ILMN_1236572	262.94540625	262.67929375	245.7140625	273.60645	230.76646875	212.036425	249.460775	300.83779375	250.2519625	241.740075	289.026225	224.07854375	268.74179375	305.74060625	254.10841875	253.5756875
ILMN_2668927	256.2845125	244.98325	189.473275	176.31839375	252.8984	263.5487875	251.62058125	209.6493125	261.69506875	187.40104375	241.740075	234.86673125	272.79385	264.24041875	175.692725	216.40799375
ILMN_2754997	10958.433125	10210.935875	10574.6365	8834.2650625	9346.0995	10443.30125	11065.510875	9249.246625	9413.28375	10574.6365	10060.255125	12309.0020625	10841.250625	10210.935875	9490.1536875	10574.6365
ILMN_2523256	1796.3114375	1733.5576875	2033.06075	1925.171375	2131.0719375	1909.405	1638.406375	2013.110125	1793.433875	2052.1315	1501.8286875	1873.4655625	1668.6805625	1751.0855	1855.0858125	1719.596
ILMN_2890301	1163.75175	982.52008125	1418.00461875	1359.73494375	1288.97909375	1040.3397625	878.55406875	1359.73494375	1205.7586875	1249.51303125	912.53776875	928.73256875	739.25601875	1047.83524375	1197.1950625	1181.55914375
ILMN_2953301	1220.88975625	1325.81468125	955.69085625	1115.814175	852.3978375	1228.17379375	1429.7836125	1203.07131875	1172.722225	1083.9575	1290.79334375	1181.55914375	1488.5588125	1320.76196875	1138.93230625	1049.03378125
ILMN_1258552	628.2296125	682.99356875	565.08385	682.99356875	584.78806875	628.2296125	692.932175	663.46655	661.9242375	652.601775	794.63866875	600.22399375	742.81638125	809.68798125	728.21921875	625.94640625
ILMN_2696247	2208.8605	2148.8818125	2158.863875	2214.44325	2281.600125	2056.9218125	2070.5778125	2305.095875	2334.2050625	2342.59925	1675.8665625	2214.44325	2208.8605	2033.06075	2118.75825	2196.211625
ILMN_2596230	227.4998625	218.88428125	194.641925	326.82395625	184.88224375	196.47584375	231.99835625	340.10790625	392.65998125	177.502625	423.94420625	262.09323125	276.421125	409.2603125	377.57789375	174.8182375
ILMN_2694659	1115.814175	1008.09605625	1062.9545625	1233.78420625	809.68798125	1056.7428375	1104.645125	1318.1725625	1200.59594375	958.827475	1357.73449375	954.6626875	1054.36065625	976.8693625	1109.27059375	870.534625
ILMN_2622671	9890.1793125	9169.2155	8285.4875	6136.195875	7591.974125	8420.7889375	9972.20525	6136.195875	6753.8141875	9249.246625	5920.0250625	8994.49525	8492.1395	6474.592	6210.5699375	8640.875375
ILMN_1231705	777.837775	732.0853625	695.1960625	574.9033	685.93454375	651.440175	704.96834375	664.2749	647.28489375	697.11445625	718.119375	695.1960625	715.03693125	789.96631875	588.53715	704.96834375
ILMN_1253984	312.35949375	270.48401875	340.10790625	332.17845625	237.210825	465.2150125	236.75499375	358.44570625	327.20638125	275.47909375	310.20375625	318.857075	307.59543125	299.09469375	352.64973125	298.077875
ILMN_2876010	1049.03378125	1467.699125	1065.40696875	955.69085625	1001.36695	972.734025	1464.879	868.936125	1123.47035	1069.8680125	1416.0072125	1021.62443125	1056.7428375	1577.917625	1001.36695	1226.33259375
ILMN_2932474	219.13505625	204.95320625	182.10419375	225.768425	163.41111875	189.73489375	200.7246625	184.49761875	184.49761875	214.38885	217.59455	200.7246625	229.88585625	216.00235625	211.808925	190.51620625
ILMN_2597248	531.53671875	491.08171875	454.602775	411.01455625	455.44276875	523.6465625	493.5442	382.43631875	351.55851875	473.52364375	479.6173875	591.56195625	578.27779375	426.63545	403.4728625	465.2150125
ILMN_2737381	150.51230625	176.556675	143.50841875	165.4697625	132.698425	162.6555875	152.90356875	167.0412125	163.95495625	145.45378125	169.4552375	148.8364625	152.22359375	161.551425	161.81215625	143.68168125
ILMN_1240537	150.64725625	158.86419375	108.418080625	124.97909375	109.37994875	137.077675	121.52119	148.21475	142.0322125	152.1062	144.14700625	167.7883625	137.2026125	140.8878375	120.172779375	134.18521875
ILMN_2629718	392.08263125	440.4020125	431.16281875	377.57789375	518.60681875	433.41804375	446.23766875	399.899675	384.34065	475.084675	380.48959375	477.51089375	428.2162625	376.90229375	361.62028125	409.6476375
ILMN_3105343	690.38670625	831.99635	693.96675625	638.36458125	630.68256875	816.19315625	713.79743125	661.9242375	736.02556875	745.71349375	778.8566	908.8836125	780.5475	796.67608125	691.70765625	716.28623125
ILMN_2854157	127.68379375	127.4141875	110.27779375	98.66685125	107.814646875	169.04061875	111.32158375	109.487064375	108.689604375	111.7404775	124.97909375	137.5014625	178.81230625	96.479358125	101.583679375	127.72565625
ILMN_1246992	1786.308875	1761.7409375	1786.308875	1880.222375	1716.46775	1665.832375	1588.2665625	2016.9168125	1952.964125	2089.5956875	1812.93475	1848.017125	1825.6773125	1778.81175	1751.0855	1997.4680625
ILMN_2737771	97.71902875	98.098093125	119.900904375	131.80700625	129.7814125	120.172779375	138.2094375	134.479925	121.307835625	122.50006875	109.448013125	116.5506525	120.787834375	93.801605	137.3024375	136.61658125
ILMN_2746000	225.11594375	272.3043875	224.75283125	189.473275	212.56733125	261.69506875	243.336	228.82529375	223.72760625	222.66893125	230.76646875	208.8861375	232.98231875	221.5099	204.95320625	220.50859375
ILMN_3139103	803.50789375	882.26715625	579.1233125	844.16524375	543.97434375	841.8968125	924.4569875	880.3431	952.8408625	706.28880625	1146.39284375	910.37574375	915.24975	1031.5182875	958.827475	854.31285625
ILMN_2589838	506.4152125	568.67436875	583.84518125	591.56195625	538.40756875	468.86593125	563.63728125	579.95534375	615.6507375	579.1233125	577.3044	536.63215625	588.53715	559.57819375	583.84518125	621.29355
ILMN_2713060	1610.26175	1585.203875	2154.306	2297.81	1868.818125	1654.4488125	1668.6805625	2448.833375	1994.359875	1751.0855	1399.6960125	1790.375375	1315.989225	1544.4166875	1928.6761875	2082.9988125
ILMN_2965123	353.06145	330.25861875	322.15643125	287.97133125	390.72719375	355.19934375	369.6460875	296.89524375	276.746625	298.81056875	284.88960625	302.0011375	354.05960625	294.61255625	289.4902375	332.17845625
ILMN_3122864	333.580125	359.38050625	428.86770625	341.124375	362.3423375	376.90229375	335.58544375	344.83418125	338.01579375	346.84835	320.96831875	382.43631875	338.01579375	319.296625	368.69168125	356.32760625
ILMN_2874422	296.50191875	221.5099	265.969925	253.8598	324.59301875	241.2465625	242.168325	264.523	214.999475	295.17453125	225.11594375	247.27466875	239.0553	263.5487875	232.463875	230.4721
ILMN_2914347	117.7128925	135.1378125	149.3582875	162.80370625	145.898675	153.46726875	118.15266125	143.6057375	155.31084375	135.92853125	108.9940325	144.53268125	133.9557875	167.33055625	173.61805	129.44345
ILMN_2776700	162.4788625	141.49523125	130.4140875	191.9776875	153.46726875	160.48074375	177.13383125	176.556675	162.934825	141.26234375	190.9587625	170.992825	167.0412125	217.59455	179.79511875	126.79658125
ILMN_1222607	1668.6805625	1541.624625	1964.982125	1859.51175	1599.0994375	1719.596	1443.8409375	1799.4763125	1716.46775	1700.66975	1644.4888125	1786.308875	1515.7341875	1651.4259375	1781.5615	1691.932625
ILMN_1243752	1928.6761875	1964.982125	1812.93475	1532.028875	1829.6575625	1802.7274375	1981.51975	1812.93475	1684.229	1729.3028125	1790.375375	2158.863875	2042.1346875	1952.964125	1747.868375	1712.4669375
ILMN_1246298	125.36169375	114.643075	157.56325625	150.11764375	127.9695	130.45783125	127.4141875	149.02734375	150.11764375	137.077675	139.41925	115.243696875	117.29396875	142.114375	149.21289375	124.14365
ILMN_2919777	1884.99275	1563.394625	1825.6773125	1467.699125	2491.2391875	1851.1645625	1651.4259375	1610.26175	1491.8528125	1593.675875	1255.287775	1716.46775	1884.99275	1429.7836125	1436.6275	1630.3749375
ILMN_2875251	406.25033125	386.241725	287.97133125	250.01338125	279.61274375	309.742025	372.341475	319.52645625	330.25861875	302.4367625	364.36604375	327.851675	414.16425625	388.29455	304.5775125	336.88030625
ILMN_3150296	389.97513125	423.20989375	342.5941	392.65998125	363.591075	393.157475	467.39164375	466.434675	432.68891875	389.59186875	438.60243125	436.32871875	431.7225875	492.8494125	451.59918125	324.18878125
ILMN_2677065	141.90628125	160.23875	155.432225	140.1893	146.0064625	140.504525	163.10266875	133.87325625	118.39256	164.552225	137.35951875	153.8393625	162.286325	130.97268125	134.32206875	160.23875
ILMN_2984647	1691.932625	1630.3749375	1565.7745625	1288.97909375	1909.405	1675.8665625	1778.81175	1377.04380625	1541.624625	1565.7745625	1470.9896875	1560.8211875	1994.359875	1470.9896875	1485.9148125	1793.433875
ILMN_3095257	571.6147875	584.78806875	661.9242375	762.295575	622.424775	543.2651625	560.8079	785.55970625	819.3952875	569.2850875	567.74288125	579.1233125	541.213475	608.020025	725.7171625	690.38670625
ILMN_2731592	107.973544375	124.85291875	116.987925	128.2565	110.486279375	108.30596375	105.904315625	108.11154125	117.7128925	102.840029375	112.6187175	102.30998375	100.3090925	106.286755625	147.39860625	133.56350625
ILMN_1258998	166.49685	172.0150375	190.76133125	167.7883625	185.25490625	175.28598125	149.48900625	240.45228125	194.767025	191.631825	172.353225	144.9504375	177.622125	212.77806875	238.31953125	251.9778875
ILMN_2635260	121.653625	139.7600375	142.48908125	185.0267625	116.75566875	135.92853125	143.9201875	167.96165625	204.6013	120.867783125	198.537425	130.97268125	144.7298375	189.26159375	157.9106125	141.3552625
ILMN_2629648	490.5482625	369.0737	477.51089375	543.2651625	541.213475	492.8494125	445.23834375	457.2691	496.135925	459.588925	432.08651875	554.6096625	457.93085	389.97513125	555.743425	475.084675
ILMN_2610810	253.16974375	217.9913875	227.120325	204.6013	226.39001875	204.95320625	229.5596375	188.73664375	200.1958	219.84864375	210.16245625	230.0987875	276.746625	221.24006875	202.26374375	204.6013
ILMN_2767227	1325.81468125	1065.40696875	1226.33259375	1382.81021875	1342.66180625	1205.7586875	1135.64869375	1429.7836125	1308.2683375	1423.25485	1328.9357	1128.48683125	1237.64559375	1244.2882125	1416.0072125	1231.54114375
ILMN_2742293	1226.33259375	1331.98633125	1279.10915	1377.04380625	1379.9554375	1298.1607625	1405.39675625	1325.81468125	1359.73494375	1253.613975	1488.5588125	1269.33360625	1298.1607625	1499.0845625	1440.767375	1217.59461875
ILMN_3163572	190.9587625	231.05068125	219.84864375	174.6676875	196.22610625	215.26519375	187.40104375	192.157875	190.76133125	201.62113125	178.5243375	209.32098125	225.11594375	184.0525875	195.2914625	203.16753125
ILMN_2839313	236.61770625	289.80645	148.575225	138.10944375	151.9914375	183.22048125	302.9173875	171.83655	161.551425	147.05875	219.84864375	260.86174375	220.33043125	210.29248125	141.10776875	211.3284125
ILMN_3127704	220.33043125	203.0263	226.2570875	228.051775	203.9486375	197.96421875	169.04061875	223.72760625	224.75283125	213.347025	193.07526875	203.36625	205.3047125	202.7771	205.3047125	211.808925
ILMN_2917540	2890.73225	2533.3731875	2721.8628125	2305.095875	3186.193375	2800.7055	2850.1111875	2258.226875	2125.5966875	2641.6040625	2364.6356875	2731.420875	2582.3805	2334.2050625	2369.0618125	2468.7893125
ILMN_2712427	482.1791625	509.714725	513.18336875	510.5569375	446.23766875	485.53976875	513.72638125	545.7415125	503.5053625	485.53976875	492.318275	593.64370625	468.86593125	660.82371875	627.058775	460.98259375
ILMN_3160750	110.746616875	105.504701875	130.45783125	119.23269	143.9201875	122.31927	112.6187175	126.79658125	137.077675	116.82452	99.08414	119.53205625	103.526888125	121.24155375	133.56350625	115.83833375
ILMN_2679591	136.61658125	132.896825	158.6875	164.3968125	144.53268125	135.840375	145.79421875	198.2266625	170.387425	156.49079375	134.18521875	163.95495625	132.9463	136.89603125	164.74565625	141.10776875
ILMN_1247302	244.36269375	208.2482625	224.416875	216.00235625	248.81170625	226.0137125	214.13316875	218.7287625	215.6734625	210.16245625	210.5832875	255.342925	262.67929375	216.67686875	243.86538125	218.5558625
ILMN_2799667	2881.650875	2939.1021875	2631.082625	2461.6148125	2721.8628125	2809.6363125	3216.0641875	2364.6356875	2305.095875	2608.4428125	2955.6293125	2770.389	2907.421375	2928.994125	2183.460125	2681.920625
ILMN_2904819	3883.6430625	3699.664375	3031.3415	3331.7243125	3367.8920625	3996.876	3796.041	3508.3631875	3592.45975	3041.47075	3699.664375	4036.32475	3834.3006875	4059.5295	3526.0949375	3186.193375
ILMN_2761181	10724.79525	10574.6365	10210.935875	10127.8905625	10127.8905625	11659.052625	11173.0176875	10443.30125	10210.935875	10841.250625	12195.6165625	11230.1335625	10958.433125	11173.0176875	10724.79525	10443.30125
ILMN_1226520	282.30319375	336.88030625	317.6047375	272.3043875	352.044	262.09323125	386.81351875	308.76860625	243.64128125	322.65033125	423.20989375	261.69506875	265.15980625	422.1692375	297.20371875	219.43544375
ILMN_1244424	146.0064625	147.701675	127.9695	128.63870625	118.15266125	128.2565	165.20645625	133.379225	143.8182375	140.504525	175.1317625	111.979923125	145.45378125	144.9504375	142.83349375	138.33310625
ILMN_2958099	19803.4675	19253.191875	19803.4675	20822.085625	20157.430625	19803.4675	17009.528125	20822.085625	20157.430625	20157.430625	18650.413125	19803.4675	17526.455625	15649.82375	19253.191875	21368.33875
ILMN_3093622	122.93675	105.28630125	120.867783125	140.599075	94.271165625	119.609384375	146.9285625	147.93004375	124.6910875	124.85291875	123.17825	120.403178125	129.37900625	127.2450625	138.0079125	123.5136625
ILMN_3125764	285.79318125	333.03789375	112.89919625	115.570525	151.29939375	277.15685625	281.8167875	150.11764375	215.532425	152.90356875	334.64200625	276.421125	328.90161875	382.0394125	149.99069375	167.203
ILMN_1235196	272.3043875	287.97133125	291.65074375	284.88960625	249.19909375	311.60259375	255.71478125	292.0348375	342.17348125	338.01579375	215.6734625	358.44570625	313.27270625	257.3934125	304.13445625	328.90161875
ILMN_2700126	177.32429375	179.20448125	202.7771	212.56733125	200.4274125	195.500075	163.95495625	213.347025	225.11594375	196.47584375	259.10294375	173.61805	160.23875	263.31391875	257.83005	142.3656125
ILMN_2725807	494.73205	427.6186125	544.86930625	517.529525	543.2651625	494.18310625	486.43069375	473.52364375	538.40756875	476.99363125	374.27375	364.36604375	479.6173875	543.97434375	466.434675	490.5482625
ILMN_1223327	108.0295425	110.27779375	107.661280625	146.69515625	94.81676375	97.700478125	133.0385625	111.979923125	114.4755325	95.7701925	132.30241875	116.415918125	113.562564375	125.88055625	116.13573125	90.783840625
ILMN_2790512	578.27779375	677.79639375	597.95865625	685.93454375	568.67436875	587.55103125	672.2165125	684.55906875	732.0853625	612.4552625	741.15223125	681.12016875	661.9242375	713.79743125	739.25601875	654.93716875
ILMN_1248657	341.124375	361.06348125	418.11000625	355.19934375	399.899675	382.43631875	369.0737	410.47876875	371.5558125	393.7152125	325.01405625	340.65205625	321.4583	340.10790625	418.11000625	480.9888125
ILMN_1245813	446.23766875	605.86194375	442.89155	428.86770625	410.47876875	437.71665625	684.55906875	418.7329625	448.8247125	471.9612875	645.18645625	420.2161375	453.05573125	728.21921875	405.04731875	480.16580625
ILMN_1258638	173.61805	138.493975	169.214	214.999475	178.96955	161.81215625	144.14700625	195.13283125	198.73825	159.3464375	160.23875	178.81230625	155.432225	167.7883625	203.36625	176.31839375
ILMN_2695526	1075.377725	1044.1645625	1002.61314375	882.26715625	1597.03825	1032.766675	1115.814175	857.74695625	913.7848	1185.554375	703.5802625	873.73599375	1144.45039375	754.62749375	896.56195625	1086.60641875
ILMN_1235751	1091.12875625	984.3163125	1163.75175	1054.36065625	1231.54114375	1172.722225	1061.20106875	1054.36065625	1009.5939125	1128.48683125	1025.50926875	1091.12875625	964.61938125	962.9292375	968.52038125	1342.66180625
ILMN_1249032	1574.8205625	1601.894875	2214.44325	1544.4166875	1812.93475	1440.767375	1457.8441875	1433.597	1157.0028125	1723.53475	1157.0028125	1729.3028125	1098.48106875	1220.88975625	1288.97909375	1418.00461875
ILMN_1240735	254.36886875	310.557075	289.80645	308.03741875	327.851675	244.12235625	289.80645	266.54350625	271.34849375	321.4583	325.4101375	235.43113125	299.09469375	323.41438125	291.65074375	312.7451875
ILMN_1232195	178.28668125	184.27898125	229.10846875	255.342925	201.32313125	167.96165625	154.55408125	205.81603125	225.29593125	223.62086875	194.767025	160.37689375	165.765375	195.500075	204.0911625	198.2266625
ILMN_3052726	219.84864375	260.86174375	234.86673125	293.85094375	208.02386875	226.68588125	308.76860625	283.540325	296.03155	233.4838625	304.96008125	310.557075	312.7451875	296.89524375	292.76560625	226.2570875
ILMN_3160792	9169.2155	9065.637	8492.1395	6791.54225	9671.8816875	9249.246625	9346.0995	6716.896125	6716.896125	8907.919	7504.3965	9065.637	9346.0995	7630.668	6520.82825	8907.919
ILMN_2617775	182.71784375	194.641925	169.34339375	223.28705625	175.49864375	215.6734625	181.23368125	205.3047125	201.08705	178.28668125	194.2015	163.10266875	204.81031875	204.0911625	182.32083125	177.977475
ILMN_1247585	121.37270625	112.970866875	147.701675	129.95585625	124.6910875	116.87479875	109.279330625	132.698425	119.609384375	138.70476875	99.843674375	119.161096875	120.867783125	132.00056875	117.370764375	146.47023125
ILMN_1216842	169.65194375	152.1062	150.64725625	160.10634375	111.61705875	161.04661875	160.77475625	177.622125	171.22390625	153.038975	179.673275	166.7155	170.2017375	158.05190625	154.42223125	134.66733125
ILMN_2627557	629.7449375	709.30966875	747.19006875	732.0853625	739.25601875	715.03693125	614.66899375	900.229325	784.02243125	716.28623125	601.04705625	709.30966875	657.738425	567.74288125	665.2559875	952.8408625
ILMN_2706014	198.73825	219.84864375	214.38885	220.8166125	224.07854375	214.38885	295.17453125	320.96831875	257.3934125	230.0987875	203.36625	193.3669875	180.15525625	192.157875	195.13283125	260.1345875
ILMN_1230505	173.1835875	197.96421875	212.77806875	294.1801625	199.27065	189.08605625	166.325525	228.38930625	242.38879375	232.463875	208.8861375	216.40799375	182.71784375	205.81603125	227.4998625	243.86538125
ILMN_2733356	999.8791	917.37219375	1017.5196	1028.2021375	896.56195625	948.13583125	928.73256875	1008.09605625	936.561775	1161.1970625	932.24933125	1054.36065625	968.52038125	952.8408625	1115.814175	1220.88975625
ILMN_1255564	172.353225	160.6173125	203.36625	224.07854375	214.87245625	176.8443625	180.15525625	257.83005	200.4274125	213.04775625	148.0848125	167.0412125	164.19486875	176.7156375	219.43544375	258.75729375
ILMN_2690772	814.58774375	867.3996875	759.58360625	787.17976875	803.50789375	845.59393125	903.982275	766.57840625	886.00486875	788.81949375	867.3996875	808.3092375	860.29973125	787.17976875	744.27988125	754.62749375
ILMN_1257485	739.25601875	608.020025	608.020025	588.53715	660.82371875	639.4019375	607.033175	637.1031	574.9033	666.30194375	609.015525	569.2850875	652.601775	647.28489375	579.1233125	664.2749
ILMN_3116330	2864.5063125	2710.1726875	3007.439625	2827.8411875	3353.5210625	2838.8095625	2827.8411875	3104.4561875	3074.407375	3331.7243125	2850.1111875	2907.421375	2792.5048125	2939.1021875	3074.407375	2838.8095625
ILMN_2642517	610.8717375	647.28489375	557.51616875	652.601775	420.80611875	627.058775	701.97584375	603.75543125	691.70765625	543.2651625	758.1567625	607.033175	678.67405625	596.8079375	656.59380625	560.8079
ILMN_2877367	21368.33875	21368.33875	18287.449375	21883.9125	20822.085625	20157.430625	19803.4675	21883.9125	23872.526875	19253.191875	23872.526875	20157.430625	21883.9125	24643.0425	22662.46875	20157.430625
ILMN_2718974	1577.917625	1544.4166875	1761.7409375	1635.846125	1695.865	1700.66975	1621.1950625	1539.848	1464.879	1868.818125	1526.519875	1808.6184375	1556.765375	1581.35175	1588.2665625	1560.8211875
ILMN_2756157	190.51620625	176.31839375	176.556675	230.0987875	202.26374375	170.992825	197.75609375	221.015275	207.04245	175.28598125	241.0027875	218.25731875	236.61770625	276.12820625	223.62086875	189.890575
ILMN_2640453	281.32585625	251.62058125	260.1345875	240.04690625	298.81056875	257.3934125	262.94540625	267.27683125	235.79373125	292.76560625	247.57271875	284.58690625	247.27466875	227.4998625	269.0900875	257.63335
ILMN_2645865	200.7246625	180.70965	225.11594375	216.40799375	170.2017375	167.203	159.3464375	222.66893125	241.90995	224.07854375	178.28668125	204.4481	189.08605625	198.73825	235.43113125	236.95804375
ILMN_2672767	357.68119375	354.61660625	404.7403875	504.2750375	300.13343125	351.55851875	439.20473125	442.1013375	551.0910625	350.2464875	528.659375	436.96919375	438.60243125	473.52364375	663.46655	431.16281875
ILMN_2959729	1098.48106875	1340.43134375	1044.1645625	1021.62443125	843.17844375	952.8408625	1080.43248125	1052.4328875	986.313625	930.27695625	936.561775	932.24933125	917.37219375	1065.40696875	932.24933125	712.6582
ILMN_2674228	356.32760625	351.55851875	339.5567875	296.89524375	373.78556875	366.8749875	335.0616875	282.30319375	319.296625	311.60259375	315.527125	325.4101375	353.06145	252.4631	318.36661875	340.65205625
ILMN_2669982	2325.05	2172.82875	1773.0195	1481.7319375	1510.2215	2082.9988125	2183.460125	1680.0055	1577.917625	1529.5255625	2148.8818125	1914.436125	2164.478	2426.33675	1668.6805625	1758.3530625
ILMN_2748850	513.72638125	610.22988125	646.166675	968.52038125	645.18645625	656.59380625	569.9199	1119.3327375	973.91274375	932.24933125	803.50789375	603.75543125	725.7171625	446.799425	1183.2926625	1104.645125
ILMN_2781118	391.4559875	385.60209375	426.63545	402.26533125	513.72638125	363.591075	432.08651875	389.97513125	418.11000625	413.6796125	365.57460625	386.241725	388.29455	349.2293625	524.4077875	388.29455
ILMN_2686975	1944.8068125	1778.81175	1796.3114375	1767.103375	2125.5966875	1895.11975	1729.3028125	1758.3530625	1905.974125	1952.964125	1778.81175	2056.9218125	1855.0858125	1716.46775	1851.1645625	2214.44325
ILMN_2751248	145.28875625	151.8665125	147.39860625	155.0321	164.74565625	140.97510625	130.90685	153.34843125	161.04661875	159.17185	162.80370625	137.88758125	143.6057375	131.49894375	178.14129375	156.2078125
ILMN_3006644	1146.39284375	1045.9207875	1599.0994375	1510.2215	1188.904225	1109.27059375	1083.9575	1290.79334375	1223.86389375	1392.73844375	1133.0493375	1174.17459375	986.313625	964.61938125	1294.65333125	1272.7707375
ILMN_1217827	1476.0480625	1392.73844375	1420.65530625	1433.597	1723.53475	1563.394625	1304.11341875	1648.387625	1741.11475	1638.406375	1491.8528125	1505.6170625	1532.028875	1610.26175	1729.3028125	1510.2215
ILMN_1250382	259.57115	236.95804375	243.0280375	262.09323125	238.0985	258.75729375	277.15685625	242.168325	248.81170625	221.015275	273.60645	294.1801625	240.692075	273.60645	243.0280375	230.0987875
ILMN_2680628	446.799425	338.47830625	263.91614375	210.5832875	271.0086	409.2603125	319.296625	251.9778875	264.8414125	246.43791875	307.59543125	423.94420625	369.6460875	367.22568125	247.57271875	286.81030625
ILMN_2689138	747.19006875	698.881425	703.5802625	601.77260625	697.11445625	794.63866875	719.046825	645.18645625	657.738425	777.837775	612.4552625	784.02243125	789.96631875	613.71071875	638.36458125	778.8566
ILMN_2738536	9065.637	8907.919	9890.1793125	8640.875375	10333.5746875	8994.49525	9413.28375	10333.5746875	9598.34675	9753.672125	8834.2650625	8834.2650625	9890.1793125	9169.2155	10060.255125	9169.2155
ILMN_1216099	135.5993875	139.87195625	146.69515625	153.34843125	155.68575625	125.36169375	128.63870625	157.216325	126.6088375	145.3389	130.28583125	151.39938125	104.346954375	131.80700625	123.67819375	149.99069375
ILMN_1253452	2618.0886875	2731.420875	2668.906125	2816.5711875	2838.8095625	2553.0296875	2890.73225	2998.837625	3186.193375	2850.1111875	2481.5916875	2264.731375	2758.6666875	2461.6148125	2827.8411875	2881.650875
ILMN_2613696	517.529525	419.286475	494.73205	433.41804375	440.4020125	491.6045875	504.2750375	453.05573125	484.5622625	522.02868125	379.33124375	481.47731875	495.60464375	455.44276875	505.60308125	513.18336875
ILMN_2744356	522.02868125	458.6657375	487.81764375	409.6476375	569.9199	506.4152125	465.2150125	425.43803125	409.6476375	523.6465625	488.60263125	463.44099375	496.93676875	493.5442	424.62724375	492.8494125
ILMN_2676726	228.051775	225.768425	254.36886875	274.6481375	266.98208125	235.25141875	230.0987875	246.22676875	284.88960625	260.86174375	232.463875	239.3336125	228.82529375	203.16753125	272.79385	275.47909375
ILMN_3108440	4452.0114375	4253.6859375	4577.5029375	4706.18725	4951.3425625	4253.6859375	4082.71825	4819.3668125	4758.6421875	5100.66625	4036.32475	4224.2954375	4619.5934375	4224.2954375	4758.6421875	4619.5934375
ILMN_2751158	295.17453125	276.421125	290.319825	267.27683125	241.90995	278.67450625	286.13239375	312.7451875	233.4838625	262.67929375	283.215625	263.31391875	320.96831875	261.69506875	225.11594375	221.015275
ILMN_3036678	201.62113125	199.27065	151.1479625	154.88060625	147.8156375	208.4504625	189.26159375	191.8118125	175.28598125	145.674675	226.0137125	254.36886875	205.81603125	214.13316875	150.78871875	169.04061875
ILMN_2647084	823.80625	812.9982	1117.5936875	1050.89158125	838.49383125	933.34199375	835.00675625	1311.92510625	972.734025	1061.20106875	840.31154375	863.1886875	736.02556875	843.17844375	1071.30986875	1259.73734375
ILMN_1250068	23320.495625	23872.526875	22662.46875	27148.123125	23872.526875	24643.0425	22662.46875	27148.123125	31429.665	24643.0425	28088.250625	24643.0425	25477.855	26401.904375	27148.123125	25477.855
ILMN_3135640	357.10310625	442.89155	315.527125	372.73630625	313.732625	340.10790625	364.36604375	398.8783375	393.157475	339.5567875	466.434675	332.17845625	333.580125	444.0608625	348.09076875	334.0526875
ILMN_1244393	1563.394625	1593.675875	1269.33360625	1459.97975	1453.836625	1712.4669375	1644.4888125	1420.65530625	1453.836625	1517.980125	1841.8780625	1597.03825	1745.095625	1864.5806875	1553.0540625	1585.203875
ILMN_2627205	347.2855875	386.81351875	304.5775125	409.2603125	274.07449375	300.83779375	354.05960625	446.799425	434.11775625	340.65205625	447.55898125	287.97133125	391.4559875	489.587425	406.94613125	251.62058125
ILMN_1257872	3018.412625	3144.962875	3282.743375	3199.676125	3358.915875	2928.994125	3031.3415	3248.2679375	3728.71325	3166.4545	3358.915875	3018.412625	3125.4125	3260.6586875	3384.2715625	3104.4561875
ILMN_2682333	118.9281425	110.010455625	103.629859375	111.4405175	147.05875	126.430475	108.418080625	107.562243125	113.15592625	120.787834375	107.189019375	134.32206875	118.982745625	114.928289375	116.415918125	133.76694375
ILMN_2691982	817.51023125	864.630725	736.02556875	621.29355	778.8566	887.3855875	870.534625	732.0853625	679.91124375	685.93454375	749.09235	878.55406875	923.3045875	730.96755	584.78806875	737.52373125
ILMN_1244908	1723.53475	1741.11475	1185.554375	1512.9835625	1630.3749375	1799.4763125	1745.095625	1585.203875	1581.35175	1657.091625	1737.21975	1488.5588125	1812.93475	1786.308875	1613.5793125	1606.403875
ILMN_2598520	614.66899375	619.76544375	594.5953875	615.6507375	753.64794375	609.015525	603.07173125	569.2850875	639.4019375	719.046825	514.343425	571.6147875	607.033175	569.9199	624.54245	684.55906875
ILMN_2646836	122.31927	142.3656125	161.81215625	157.693625	140.1893	127.4141875	127.28783125	156.38801875	185.25490625	127.80019375	161.551425	141.825175	136.89603125	172.0150375	170.387425	134.2687625
ILMN_2918499	346.84835	347.6172625	335.95439375	362.3423375	296.03155	346.35661875	349.856425	350.950725	402.26533125	336.88030625	348.55784375	314.3022625	374.27375	364.36604375	376.43794375	333.03789375
ILMN_2723474	551.6918875	613.71071875	553.6983625	808.3092375	424.62724375	543.97434375	580.68080625	768.13921875	769.2259125	447.55898125	852.3978375	560.8079	565.08385	829.02494375	707.6533625	548.38800625
ILMN_3155342	132.7850125	134.89306875	129.10061875	146.9285625	116.5506525	133.14736875	98.87488625	109.63701875	138.9548125	148.0848125	107.137295625	127.09165	147.32380625	118.025370625	156.60838125	158.53173125
ILMN_2953513	197.96421875	188.50483125	144.9504375	156.49079375	167.33055625	204.23965625	178.14129375	134.32206875	157.42939375	183.64101875	163.58553125	184.75475625	198.537425	182.32083125	166.325525	142.0322125
ILMN_2624145	1389.53755625	1408.1082625	1213.3972125	1154.72575625	1395.78575	1275.825625	1470.9896875	1085.4797875	1089.18391875	1485.9148125	1461.678875	1188.904225	1416.0072125	1392.73844375	1412.31079375	1172.722225
ILMN_2591853	171.50286875	135.53380625	143.20033125	167.6349875	175.692725	139.15418125	142.9232375	151.9914375	131.80700625	138.9548125	103.079254375	159.17185	160.77475625	152.515875	125.21433125	147.21659375
ILMN_2756628	4880.49925	4327.9955625	4819.3668125	5159.29925	5284.0041875	4964.116125	4166.331375	4995.627	5159.29925	5035.313	4577.5029375	4799.889	4530.4624375	4464.1320625	4706.18725	5316.6859375
ILMN_2696100	112.075176875	121.17253375	116.2029875	128.34369375	95.15692	114.5831625	115.1817375	132.00056875	111.05283625	111.32158375	143.07578125	101.03895	112.6187175	118.7239175	141.825175	109.487064375
ILMN_3000536	215.6734625	176.8443625	226.0137125	184.49761875	225.29593125	203.36625	178.81230625	181.7425875	176.8443625	212.2325375	197.75609375	157.83153125	176.7156375	175.1317625	232.98231875	223.11305
ILMN_1218573	703.5802625	559.57819375	768.13921875	836.24015	836.24015	836.24015	554.6096625	825.27274375	709.30966875	868.936125	652.601775	835.00675625	756.18793125	586.82305	764.2097375	829.02494375
ILMN_2675152	177.7439375	177.32429375	160.37689375	206.84325	140.2900875	184.75475625	178.96955	187.17769375	152.90356875	162.934825	193.3669875	214.87245625	208.614425	201.08705	179.673275	179.79511875
ILMN_2635801	1799.4763125	1654.4488125	1745.095625	1663.08725	1841.8780625	1873.4655625	1571.518	1630.3749375	1832.8898125	1859.51175	1523.2851875	1909.405	1707.034625	1569.421	1786.308875	1914.436125
ILMN_2935734	122.50006875	111.6766175	106.286755625	165.765375	91.301034375	119.3709175	116.345684375	134.18521875	167.0412125	122.41531875	153.695975	104.166151875	110.410105	160.37689375	143.50841875	97.84343
ILMN_2706140	112.970866875	107.661280625	109.123379375	192.6032125	85.8410875	121.12578875	129.55834375	176.8443625	153.8393625	100.673979375	230.4721	142.3656125	121.994118125	189.73489375	186.01159375	94.510800625
ILMN_2997923	2998.837625	2968.9675625	3092.283875	2955.6293125	4016.5993125	3166.4545	2975.30275	3049.8525625	2747.872	3216.0641875	2998.837625	3216.0641875	3144.962875	2668.906125	2890.73225	3166.4545
ILMN_1213026	2148.8818125	1948.114	1758.3530625	1751.0855	1859.51175	1964.982125	1909.405	1808.6184375	1799.4763125	1876.157875	2089.5956875	1829.6575625	2154.306	1981.51975	1712.4669375	1812.93475
ILMN_2696146	163.41111875	162.17669375	184.49761875	174.510375	145.674675	144.53268125	174.942675	207.23683125	169.4552375	190.26230625	153.9696625	165.20645625	163.2424375	186.01159375	193.07526875	145.79421875
ILMN_2728697	3292.12425	3331.7243125	3248.2679375	3031.3415	3920.65875	3436.421625	3592.45975	2939.1021875	3041.47075	3463.9809375	2975.30275	3064.3103125	3853.270625	3007.439625	3275.2453125	3641.0309375
ILMN_2625855	2238.6796875	2082.9988125	2078.9265625	2158.863875	2214.44325	1974.2203125	2118.75825	2437.573625	2553.0296875	2112.8919375	2468.7893125	1978.2611875	2137.9463125	2288.631	2582.3805	2078.9265625
ILMN_2662990	234.86673125	234.260575	239.731575	222.9096625	236.130475	250.01338125	246.90165	211.57503125	221.015275	241.2465625	237.44534375	254.823675	235.43113125	220.50859375	194.2015	244.69550625
ILMN_2697174	238.31953125	218.25731875	264.8414125	246.22676875	228.59040625	322.15643125	243.0280375	386.81351875	234.260575	268.257725	213.93013125	234.260575	251.9778875	267.6644625	281.8167875	332.51471875
ILMN_3161382	2297.81	2042.1346875	2541.381	3463.9809375	2631.082625	2481.5916875	1964.982125	3166.4545	3248.2679375	2593.7214375	2437.573625	2201.56525	2272.8855	2406.897125	3216.0641875	2698.729
ILMN_1221592	1117.5936875	1058.70305625	1308.2683375	1272.7707375	1174.17459375	1183.2926625	1161.1970625	1505.6170625	1122.48299375	995.77236875	986.313625	1233.78420625	1001.36695	892.5835875	1191.72529375	1237.64559375
ILMN_1259747	289.026225	207.23683125	333.03789375	446.23766875	308.03741875	318.03841875	275.04995	483.86240625	494.73205	299.09469375	265.53608125	322.15643125	302.0011375	282.30319375	383.67525	319.52645625
ILMN_1234456	125.88055625	165.20645625	124.0164625	119.825093125	119.609384375	142.0322125	155.68575625	136.24591875	120.706985625	113.69159375	142.76286875	118.025370625	129.55834375	119.161096875	106.579585	105.32240875
ILMN_2682063	3624.416875	3166.4545	4206.7450625	4253.6859375	4363.454875	3728.71325	3248.2679375	3883.6430625	3624.416875	4363.454875	2770.389	3672.7575	3741.448875	3092.283875	3592.45975	4048.0388125
ILMN_2980661	8285.4875	8492.1395	10127.8905625	11230.1335625	9249.246625	9169.2155	8640.875375	11938.2769375	11408.793	9890.1793125	9169.2155	8031.7658125	8729.9628125	9598.34675	11065.510875	9671.8816875
ILMN_2798079	249.460775	249.19909375	249.460775	266.54350625	197.3707125	224.07854375	215.6734625	236.95804375	267.9434	253.16974375	253.8598	223.62086875	233.2049125	269.31935625	262.94540625	238.0985
ILMN_2699624	170.2017375	152.372725	163.58553125	186.2141625	159.4634125	170.387425	154.2992875	181.23368125	184.27898125	181.7425875	164.74565625	172.353225	178.5243375	181.7425875	185.88055	182.10419375
ILMN_2602630	1868.818125	1745.095625	1529.5255625	1884.99275	1638.406375	2016.9168125	1648.387625	1672.5034375	1773.0195	1691.932625	1909.405	1895.11975	1925.171375	1909.405	1767.103375	1778.81175
ILMN_2972521	2568.4504375	1994.359875	2874.069125	2601.580625	2514.93025	2189.738	1925.171375	2975.30275	2426.33675	2388.401875	2183.460125	2196.211625	1952.964125	2047.0441875	2196.211625	1964.982125
ILMN_2616000	2228.328875	2063.82525	2183.460125	1864.5806875	2183.460125	2158.863875	2388.401875	1994.359875	2013.110125	2125.5966875	2070.5778125	2355.1674375	2196.211625	2342.59925	2013.110125	2029.4189375
ILMN_2694346	161.68011875	166.87675	172.0150375	146.0064625	134.78813125	137.88758125	128.44940625	121.87844875	116.628699375	162.80370625	103.70723625	163.41111875	119.7339625	109.37994875	119.900904375	129.20803125
ILMN_2599739	368.19235625	366.3423875	383.67525	633.27214375	357.68119375	394.9682625	379.33124375	672.2165125	654.93716875	328.285625	507.30178125	431.7225875	421.34460625	587.55103125	574.9033	352.044
ILMN_1223812	379.9415625	340.10790625	362.3423375	314.987925	384.946275	375.74753125	323.1156125	351.55851875	364.36604375	380.48959375	292.4938	339.5567875	404.7403875	359.38050625	333.580125	347.2855875
ILMN_2736566	116.08336	119.319458125	134.2687625	132.30241875	133.6731375	126.0942125	137.2026125	131.0427625	158.6875	157.216325	126.8687375	115.1817375	140.599075	112.724624375	142.249075	148.0848125
ILMN_2798674	787.17976875	823.80625	793.42196875	930.27695625	672.2165125	697.11445625	756.18793125	887.3855875	892.5835875	865.75048125	950.49096875	794.63866875	719.046825	791.96815625	960.96005	656.59380625
ILMN_1252267	290.319825	299.838875	268.257725	267.9434	287.6191125	253.16974375	322.65033125	412.55158125	286.44878125	257.3934125	305.29793125	279.95749375	295.67068125	311.04498125	249.460775	250.65075
ILMN_1216042	1133.0493375	1130.81324375	1091.12875625	995.77236875	1416.0072125	1457.8441875	1495.75775	1017.5196	1040.3397625	1174.17459375	1104.645125	1301.79445	1146.39284375	1091.12875625	1075.377725	1262.084325
ILMN_1223307	2416.0603125	2500.73225	2770.389	2397.767	2731.420875	2533.3731875	2541.381	2369.0618125	2325.05	2613.0956875	2334.2050625	2641.6040625	2657.9415625	1873.4655625	2397.767	2560.1100625
ILMN_2707782	183.9246375	232.7016375	163.41111875	199.94305625	235.79373125	220.8166125	239.0553	225.56696875	182.10419375	227.120325	228.38930625	215.6734625	233.86650625	245.7140625	171.83655	232.463875
ILMN_2878060	4758.6421875	4925.7006875	4344.53675	4951.3425625	3940.2430625	4315.6864375	4452.0114375	5284.0041875	4774.159	4183.4475625	4951.3425625	5120.44175	5017.492875	4880.49925	5432.2115	3971.043125
ILMN_2957614	176.8443625	162.286325	195.2914625	180.3295625	212.77806875	193.5339875	159.97255	169.65194375	171.83655	197.96421875	154.66928125	197.56828125	159.97255	153.1769625	164.19486875	189.08605625
ILMN_2712878	141.825175	151.58565625	141.10776875	127.46519375	136.10575625	128.34369375	145.3389	136.10575625	155.127325	161.551425	153.8393625	119.074268125	130.0340125	156.38801875	134.02999375	168.20095
ILMN_1222734	362.3423375	323.41438125	447.55898125	393.7152125	369.6460875	479.6173875	321.82924375	421.78673125	342.5941	439.20473125	250.01338125	416.5290125	396.6321	265.969925	355.19934375	503.5053625
ILMN_2957904	978.4476	957.3368875	1142.3346125	1217.59461875	1140.3004	1086.60641875	1089.18391875	1091.12875625	1104.645125	1044.1645625	1016.11661875	1094.47193125	1012.87120625	1028.2021375	1104.645125	1176.1765125
ILMN_2944272	312.7451875	370.48145625	271.34849375	311.953325	235.43113125	331.55780625	340.65205625	270.48401875	335.0616875	308.440225	450.87916875	303.2110375	370.48145625	458.6657375	335.0616875	374.74366875
ILMN_2659879	83.349858125	87.422581875	69.614368125	107.44807875	69.0384925	75.465415625	86.417745625	125.31658125	111.234585625	76.79559375	130.53025625	81.5321	89.58484375	132.698425	143.8182375	77.424754375
ILMN_2776952	928.73256875	785.55970625	917.37219375	915.24975	1016.11661875	876.168925	825.27274375	836.24015	766.57840625	1001.36695	753.64794375	890.8846625	941.899225	744.27988125	890.8846625	975.55876875
ILMN_1255511	2305.095875	2131.0719375	2258.226875	1944.8068125	1786.308875	2125.5966875	2089.5956875	2397.767	2164.478	1841.8780625	2137.9463125	2281.600125	2189.738	2125.5966875	1925.171375	1928.6761875
ILMN_1219565	188.93926875	189.473275	164.88851875	194.767025	174.29655	199.52053125	168.20095	183.0535	216.99501875	174.8182375	234.5153	240.692075	180.01171875	236.130475	235.79373125	170.04654375
ILMN_2943270	325.01405625	267.27683125	263.5487875	225.11594375	253.5756875	304.5775125	292.4938	248.03146875	256.2845125	386.241725	185.59075	335.58544375	293.459625	172.70298125	206.64905625	468.86593125
ILMN_2734855	2164.478	2105.115125	1914.436125	1716.46775	1758.3530625	2250.7824375	1988.0516875	1553.0540625	1535.9275625	1668.6805625	1606.403875	2189.738	1790.375375	1553.0540625	1408.1082625	1880.222375
ILMN_2998135	1737.21975	1703.268	1657.091625	1476.0480625	1426.63413125	1621.1950625	1613.5793125	1436.6275	1389.53755625	1523.2851875	1544.4166875	1549.452	1529.5255625	1613.5793125	1501.8286875	1565.7745625
ILMN_2807474	1412.31079375	1188.904225	1510.2215	1440.767375	1657.091625	1337.96778125	1269.33360625	1574.8205625	1399.6960125	1569.421	1331.98633125	1337.96778125	1311.92510625	1279.10915	1616.891125	1323.73580625
ILMN_2596007	2689.4941875	2747.872	2201.56525	2082.9988125	2375.4135	2369.0618125	2816.5711875	2078.9265625	2388.401875	2375.4135	2657.9415625	2613.0956875	2437.573625	2574.93875	2125.5966875	2593.7214375
ILMN_1217767	8907.919	9490.1536875	8729.9628125	8994.49525	7630.668	9490.1536875	8907.919	8640.875375	9249.246625	8031.7658125	9065.637	9972.20525	8834.2650625	9065.637	9065.637	7884.927125
ILMN_2688721	324.59301875	296.03155	342.17348125	306.2683	360.557825	304.13445625	298.077875	299.09469375	293.02445625	332.51471875	319.932875	361.06348125	315.527125	345.7649375	294.61255625	323.1156125
ILMN_1258136	222.9096625	212.77806875	235.43113125	244.36269375	210.80955	225.11594375	232.98231875	244.69550625	253.5756875	226.2570875	236.61770625	222.10299375	216.67686875	242.69094375	257.1474375	218.88428125
ILMN_1238706	161.81215625	173.4603	149.21289375	166.49685	176.7156375	161.551425	157.693625	154.55408125	154.88060625	155.81645625	182.71784375	169.78939375	177.7439375	223.11305	174.510375	139.7600375
ILMN_1251766	3672.7575	3682.3524375	3049.8525625	4048.0388125	3728.71325	3770.3874375	4327.9955625	3757.6965625	3583.1270625	3199.676125	4464.1320625	3409.3478125	4183.4475625	4774.159	4036.32475	3699.664375
ILMN_1234558	1781.5615	1829.6575625	1544.4166875	1505.6170625	1526.519875	1761.7409375	1700.66975	1457.8441875	1546.757625	1773.0195	1597.03825	1464.879	1712.4669375	1700.66975	1512.9835625	1695.865
ILMN_2766493	324.18878125	319.52645625	356.66225625	447.55898125	419.286475	326.82395625	336.88030625	450.87916875	403.4728625	326.28495625	357.68119375	279.61274375	298.077875	342.17348125	429.66280625	323.41438125
ILMN_2680686	163.813025	156.89665	157.83153125	187.9385375	175.1317625	207.45166875	265.53608125	165.4697625	165.4697625	165.03119375	193.88205	200.4274125	204.6013	225.11594375	161.551425	195.13283125
ILMN_2836173	221.015275	202.7771	244.69550625	217.9913875	257.83005	243.336	200.4274125	204.23965625	179.44441875	265.969925	185.0267625	228.82529375	240.2466625	150.51230625	192.34130625	185.0267625
ILMN_1230145	681.12016875	649.74345625	666.30194375	890.8846625	710.4593125	721.06025	581.747025	874.99784375	829.02494375	622.424775	721.06025	726.77698125	713.79743125	679.91124375	917.37219375	607.033175
ILMN_1254307	673.8294125	772.78075625	715.03693125	852.3978375	799.0163375	692.932175	627.058775	769.2259125	874.99784375	758.1567625	768.13921875	660.82371875	691.70765625	808.3092375	816.19315625	892.5835875
ILMN_2792809	5188.1588125	4706.18725	5188.1588125	4166.331375	4902.6641875	4774.159	4706.18725	4036.32475	4396.7099375	6096.572375	3572.0115	5235.5604375	5071.7954375	3556.7825	3920.65875	5791.554125
ILMN_2621472	2608.4428125	2553.0296875	2510.9436875	2250.7824375	3422.046375	2624.439625	2574.93875	2320.2016875	2601.580625	2758.6666875	2631.082625	2968.9675625	3081.9745625	2568.4504375	2522.957375	2668.906125
ILMN_3160574	548.38800625	605.16504375	507.9213875	707.6533625	393.157475	571.6147875	558.30926875	565.08385	678.67405625	507.30178125	610.8717375	574.9033	493.5442	649.74345625	523.6465625	515.71900625
ILMN_2669146	504.2750375	571.6147875	552.80308125	605.16504375	459.588925	536.63215625	497.8212875	630.68256875	601.04705625	576.2538625	553.6983625	517.529525	519.32630625	624.54245	630.68256875	491.08171875
ILMN_1241128	378.71825625	364.36604375	385.60209375	488.60263125	359.38050625	398.8783375	421.34460625	448.8247125	457.93085	378.71825625	562.62983125	374.27375	441.35880625	480.16580625	483.86240625	343.51701875
ILMN_1213728	118.6015225	122.062223125	101.16119125	108.06792375	117.515893125	103.526888125	127.46519375	111.844568125	121.24155375	104.82532	122.6171375	128.8212375	110.873780625	124.34335625	112.680161875	108.362078125
ILMN_2612325	316.35359375	282.668375	355.19934375	311.60259375	366.3423875	360.557825	287.6191125	377.57789375	314.987925	372.341475	287.6191125	348.55784375	291.3637	249.19909375	326.82395625	391.4559875
ILMN_2756496	432.68891875	418.11000625	416.5290125	342.5941	380.48959375	421.34460625	406.94613125	392.08263125	348.09076875	427.12645	343.51701875	441.35880625	381.22103125	373.78556875	319.932875	426.63545
ILMN_2764019	2955.6293125	2593.7214375	3526.0949375	3508.3631875	2792.5048125	2907.421375	2383.1305	3556.7825	3064.3103125	2864.5063125	2593.7214375	2881.650875	2721.8628125	2689.4941875	3155.7905625	2874.069125
ILMN_2734924	298.81056875	223.11305	193.7898875	304.5775125	236.75499375	234.86673125	200.1958	269.54261875	238.7891375	240.692075	246.43791875	264.24041875	277.15685625	236.75499375	259.57115	184.75475625
ILMN_2765080	1040.3397625	1146.39284375	1167.6394625	1047.83524375	1194.77774375	1136.7809625	1009.5939125	1159.0100875	1047.83524375	1172.722225	1089.18391875	1028.2021375	1069.8680125	948.13583125	1249.51303125	1117.5936875
ILMN_1230043	1876.157875	1712.4669375	2281.600125	2196.211625	2406.897125	2063.82525	1919.0003125	2164.478	2037.840625	2118.75825	1767.103375	1884.99275	1680.0055	1836.85825	2281.600125	2098.2055
ILMN_2646771	1510.2215	1767.103375	1485.9148125	1220.88975625	1546.757625	1535.9275625	1597.03825	1153.086725	1301.79445	1606.403875	1443.8409375	1565.7745625	1733.5576875	1436.6275	1284.59764375	1541.624625
ILMN_1244879	2172.82875	2214.44325	2052.1315	1549.452	2437.573625	2078.9265625	2320.2016875	1526.519875	1638.406375	2228.328875	1864.5806875	2297.81	2397.767	1933.3263125	1654.4488125	2281.600125
ILMN_2636624	111.7404775	116.25198875	140.599075	91.162525	123.17825	102.738751875	108.11154125	84.5879675	114.928289375	93.769056875	140.0592625	123.67819375	110.057823125	155.68575625	95.545695625	79.85424
ILMN_1214918	19253.191875	18650.413125	19253.191875	20157.430625	21368.33875	18866.55375	20822.085625	22662.46875	21368.33875	17990.79625	17990.79625	18650.413125	18866.55375	20157.430625	21368.33875	21883.9125
ILMN_1224012	280.7798125	296.50191875	160.6173125	171.22390625	195.2914625	322.65033125	252.8984	180.70965	172.5337625	167.7883625	282.668375	394.19975	279.0067375	304.13445625	137.2026125	126.430475
ILMN_1235047	558.30926875	593.64370625	494.18310625	569.9199	513.18336875	467.39164375	574.9033	476.99363125	560.8079	496.93676875	623.59819375	517.00189375	547.767775	619.76544375	534.31181875	468.20624375
ILMN_2702061	9346.0995	9671.8816875	8994.49525	9598.34675	9065.637	6383.8138125	10674.29	8994.49525	8907.919	7535.8325625	10958.433125	8420.7889375	8994.49525	10724.79525	9413.28375	8492.1395
ILMN_1218325	3081.9745625	3534.9343125	3409.3478125	4016.5993125	3883.6430625	3741.448875	3699.664375	3996.876	4059.5295	3422.046375	3953.748625	3260.6586875	3996.876	3996.876	4270.5875	3741.448875
ILMN_1225374	371.5558125	401.56864375	485.53976875	490.5482625	418.11000625	435.13193125	366.3423875	541.8511625	440.4020125	488.60263125	427.6186125	432.08651875	392.65998125	388.98266875	482.1791625	483.86240625
ILMN_2718144	130.90685	121.809210625	123.91041875	120.706985625	111.05283625	115.017581875	140.0592625	111.149335625	121.37270625	110.486279375	110.410105	142.58573125	127.537025	153.038975	124.76700625	130.97268125
ILMN_1213070	1337.96778125	1342.66180625	1281.5076125	1159.0100875	1244.2882125	1252.1733875	1351.2752375	1176.1765125	1111.68751875	1215.46968125	1037.15800625	1385.99768125	1337.96778125	1101.2866	1140.3004	1253.613975
ILMN_2877443	114.30433375	123.61475625	137.077675	136.3262875	125.36169375	96.667564375	138.10944375	128.5330625	169.214	127.537025	150.2414625	129.03165	115.3635675	156.2078125	152.515875	150.99335625
ILMN_1238939	878.55406875	905.5100875	838.49383125	814.58774375	965.92841875	898.38510625	923.3045875	820.2931	843.17844375	908.8836125	874.99784375	972.734025	876.168925	819.3952875	807.2088	926.7802875
ILMN_1221936	3275.2453125	3358.915875	2448.833375	2437.573625	2881.650875	3307.411375	3445.8880625	2416.0603125	2647.8840625	2618.0886875	3384.2715625	3757.6965625	3031.3415	3199.676125	2297.81	3092.283875
ILMN_2762863	438.60243125	494.73205	421.34460625	485.53976875	406.25033125	386.81351875	466.434675	549.89674375	543.97434375	446.799425	472.914975	500.1246625	473.52364375	450.09990625	418.7329625	446.23766875
ILMN_2875089	12309.0020625	12469.35875	11818.927875	15811.34625	12961.611375	13172.297875	12776.28325	14190.341875	17009.528125	12621.3100625	16150.026875	11659.052625	13983.2231875	17009.528125	15811.34625	12022.927
ILMN_2724719	1106.1448625	1154.72575625	1104.645125	933.34199375	1197.1950625	1111.68751875	1028.2021375	1045.9207875	1126.81623125	1228.17379375	1115.814175	1178.73895	1126.81623125	1096.2395125	1049.03378125	1133.0493375
ILMN_2756486	17009.528125	20822.085625	23872.526875	25477.855	22662.46875	20822.085625	18650.413125	25477.855	27148.123125	23320.495625	19253.191875	19253.191875	19803.4675	21368.33875	23320.495625	22662.46875
ILMN_1217567	518.60681875	513.18336875	483.86240625	568.67436875	531.53671875	511.4432375	579.95534375	536.63215625	569.9199	555.743425	578.27779375	549.2649875	553.6983625	636.204775	562.62983125	495.60464375
ILMN_2837195	1342.66180625	1237.64559375	1753.9889375	1747.868375	1443.8409375	1429.7836125	1181.55914375	1796.3114375	1781.5615	1535.9275625	1532.028875	1323.73580625	1185.554375	1345.5829875	1517.980125	1610.26175
ILMN_2709279	118.7239175	134.560175	117.440628125	122.062223125	117.65351375	144.38583125	138.70476875	105.0368925	139.7600375	120.079114375	117.162448125	128.162825	138.8329125	131.66101875	110.222861875	115.906464375
ILMN_1228334	1745.095625	1716.46775	1737.21975	2042.1346875	2297.81	1786.308875	1796.3114375	2172.82875	2143.6614375	1737.21975	1884.99275	1868.818125	1880.222375	1868.818125	2148.8818125	1892.11275
ILMN_2594873	144.9504375	146.47023125	132.10626875	100.028670625	143.37633125	165.34283125	148.0848125	121.24155375	136.79684375	147.32380625	129.10061875	139.9945375	137.077675	151.58565625	126.5154875	162.04371875
ILMN_1222516	750.79295	844.16524375	709.30966875	620.669025	711.26331875	908.8836125	788.81949375	715.03693125	774.922225	847.2564125	814.58774375	800.142025	826.7718875	877.80959375	789.96631875	821.9814125
ILMN_2932814	712.6582	744.27988125	729.4838	772.78075625	692.932175	654.93716875	715.03693125	749.09235	730.96755	698.881425	742.81638125	605.86194375	752.23520625	704.96834375	769.2259125	689.3837625
ILMN_1222602	212.56733125	223.28705625	197.75609375	435.13193125	155.57271875	201.08705	206.84325	335.58544375	475.084675	180.01171875	522.02868125	260.4962375	257.83005	549.89674375	373.78556875	183.40340625
ILMN_2593338	133.56350625	117.7128925	151.7113	138.70476875	128.92178125	114.0558675	148.8364625	165.765375	156.49079375	137.74104375	121.307835625	146.0064625	136.01621875	163.10266875	143.20033125	156.7400875
ILMN_2805261	2641.6040625	2721.8628125	2916.3459375	2968.9675625	2476.998875	2647.8840625	2272.8855	2985.4025	2574.93875	3092.283875	2388.401875	2522.957375	2342.59925	2541.381	2800.7055	2541.381
ILMN_2993567	133.14736875	146.9285625	131.49894375	101.27138125	118.7239175	127.1895375	136.704875	123.372175	108.8992025	113.965685625	141.3552625	116.021529375	127.4141875	134.560175	118.084984375	114.754201875
ILMN_2619836	3125.4125	3031.3415	3216.0641875	3534.9343125	3556.7825	3526.0949375	2985.4025	3409.3478125	3556.7825	3384.2715625	3282.743375	2998.837625	3155.7905625	3508.3631875	3658.924875	3282.743375
ILMN_2596249	147.701675	157.216325	126.6088375	137.3024375	138.493975	135.00350625	171.64175	156.99936875	119.23269	130.97268125	145.03638125	131.7516	140.78546875	170.992825	117.578344375	165.03119375
ILMN_3154640	932.24933125	1069.8680125	814.58774375	908.8836125	754.62749375	864.630725	1001.36695	970.23390625	1008.09605625	1035.2212625	1029.641025	860.29973125	1093.05636875	1080.43248125	921.2737875	937.8576625
ILMN_3163403	150.2414625	159.56865625	145.45378125	188.93926875	134.560175	126.03825625	137.59983125	173.37554375	183.0535	146.35961875	180.01171875	160.10634375	154.66928125	161.26354375	174.6676875	140.39288125
ILMN_2645208	4577.5029375	4059.5295	4758.6421875	4995.627	4530.4624375	4577.5029375	3682.3524375	4410.4075	4376.21475	4902.6641875	4137.6650625	4667.497625	4735.2788125	4239.0556875	4819.3668125	4902.6641875
ILMN_2454307	243.0280375	243.336	232.7016375	206.018925	198.2266625	223.28705625	250.01338125	217.9913875	204.23965625	251.30326875	239.3336125	248.3792375	203.9486375	228.051775	207.45166875	206.3713125
ILMN_1231567	340.65205625	409.2603125	392.08263125	382.0394125	378.71825625	372.341475	345.38940625	373.78556875	339.5567875	409.2603125	270.48401875	462.82	304.96008125	282.668375	352.044	393.157475
ILMN_2822000	224.416875	223.62086875	273.60645	156.60838125	226.2570875	200.4274125	247.27466875	147.51644375	189.08605625	172.23488125	264.24041875	191.45689375	187.723625	341.124375	155.0321	130.90685
ILMN_2797061	32505.79625	32505.79625	32505.79625	30659.768125	31429.665	30659.768125	31429.665	28088.250625	26401.904375	34808.40625	29198.485625	33503.791875	33503.791875	29991.60125	29991.60125	32505.79625
ILMN_1235281	2453.9903125	2272.8855	2476.998875	2758.6666875	2258.226875	2426.33675	2154.306	2522.957375	3018.412625	2481.5916875	2668.906125	2514.93025	2364.6356875	2657.9415625	2657.9415625	2189.738
ILMN_2741238	125.46033125	150.64725625	119.609384375	142.66521875	120.51551125	126.15359375	112.83226375	139.15418125	147.32380625	130.09806875	148.93023125	138.60301875	127.28783125	174.1205625	135.35369375	149.21289375
ILMN_2748941	2047.0441875	2098.2055	1855.0858125	1737.21975	1855.0858125	2281.600125	2196.211625	1733.5576875	1761.7409375	1880.222375	2264.731375	1994.359875	2228.328875	2007.6768125	1778.81175	1981.51975
ILMN_1226642	173.37554375	144.00685625	191.8118125	153.038975	200.7246625	154.55408125	155.81645625	164.3968125	161.26354375	158.53173125	146.249475	191.8118125	135.1378125	134.479925	132.9463	167.46681875
ILMN_1233531	3144.962875	3104.4561875	2647.8840625	2689.4941875	2874.069125	3041.47075	3232.3765	2641.6040625	2689.4941875	3104.4561875	3292.12425	2631.082625	2881.650875	3422.046375	2939.1021875	2533.3731875
ILMN_2890399	752.23520625	707.6533625	691.70765625	841.8968125	934.93573125	758.1567625	845.59393125	919.02419375	789.96631875	624.54245	691.70765625	742.81638125	676.4500125	932.24933125	852.3978375	772.78075625
ILMN_2755981	1665.832375	1495.75775	1610.26175	1997.4680625	1275.825625	1450.9011875	1395.78575	2029.4189375	1928.6761875	1515.7341875	1892.11275	1700.66975	1447.2469375	1848.017125	2105.115125	1512.9835625
ILMN_2614853	675.1991125	747.19006875	676.4500125	552.80308125	627.058775	643.92078125	838.49383125	525.57068125	668.6408375	766.57840625	723.366875	673.8294125	754.62749375	654.93716875	654.93716875	799.0163375
ILMN_2645763	484.5622625	531.53671875	563.63728125	477.51089375	574.1261625	462.82	506.4152125	482.1791625	510.5569375	597.95865625	521.16900625	483.86240625	480.9888125	423.20989375	520.452825	501.45809375
ILMN_2893471	172.70298125	159.4634125	185.59075	178.96955	163.58553125	174.510375	187.9385375	166.87675	160.6173125	164.19486875	176.7156375	204.81031875	214.38885	196.029325	176.7156375	170.86271875
ILMN_2686187	382.95286875	476.99363125	398.8783375	439.20473125	362.90645625	308.03741875	387.961875	374.74366875	435.835025	366.3423875	457.93085	409.6476375	283.540325	436.96919375	379.9415625	367.22568125
ILMN_2993745	291.65074375	241.0027875	151.29939375	130.28583125	146.69515625	221.7632625	211.808925	137.74104375	153.46726875	131.80700625	263.91614375	242.38879375	228.59040625	246.90165	135.53380625	140.599075
ILMN_2596970	479.6173875	551.0910625	459.588925	454.602775	393.7152125	494.73205	569.2850875	491.6045875	543.2651625	500.1246625	681.12016875	458.6657375	563.63728125	690.38670625	446.23766875	537.3564875
ILMN_2596421	236.39815625	247.57271875	191.1588375	172.5337625	223.72760625	199.27065	231.4094625	178.14129375	186.01159375	208.4504625	298.077875	232.463875	177.502625	190.26230625	177.622125	200.7246625
ILMN_2975375	483.0917625	403.94156875	517.00189375	614.66899375	493.5442	526.3651125	444.5415	540.56240625	591.56195625	524.4077875	517.529525	534.31181875	405.7067375	478.21235625	666.30194375	455.44276875
ILMN_2650739	130.4140875	135.840375	157.216325	183.64101875	173.61805	132.205225	146.828925	139.41925	187.40104375	146.69515625	133.6731375	155.127325	146.9285625	106.05800125	133.0385625	158.3846375
ILMN_2851875	4735.2788125	4100.9669375	5207.3271875	5120.44175	4452.0114375	4464.1320625	4619.5934375	4619.5934375	4667.497625	4602.2670625	4514.3431875	5071.7954375	4166.331375	4396.7099375	4925.7006875	4819.3668125
ILMN_2873822	279.95749375	240.2466625	216.99501875	206.64905625	180.588125	240.45228125	249.77924375	200.89800625	236.75499375	273.0291875	211.808925	271.0086	323.41438125	249.77924375	236.61770625	226.39001875
ILMN_1234165	197.75609375	174.6676875	152.372725	146.249475	185.43579375	182.32083125	164.19486875	150.99335625	169.04061875	174.942675	189.08605625	171.64175	188.73664375	211.1658125	141.68094375	173.37554375
ILMN_2898319	328.90161875	382.95286875	435.835025	431.7225875	359.99755625	324.59301875	371.5558125	439.64811875	366.3423875	502.513075	336.88030625	387.961875	290.319825	333.580125	298.53729375	403.94156875
ILMN_2912471	821.9814125	750.79295	796.67608125	817.51023125	851.2181625	878.55406875	710.4593125	821.9814125	919.02419375	898.38510625	772.78075625	887.3855875	726.77698125	762.295575	851.2181625	886.00486875
ILMN_1238285	2809.6363125	2468.7893125	2689.4941875	3155.7905625	2864.5063125	2613.0956875	2647.8840625	3199.676125	2874.069125	2500.73225	3155.7905625	2827.8411875	2710.1726875	2998.837625	3092.283875	2792.5048125
ILMN_2668536	2907.421375	2698.729	3260.6586875	3041.47075	2738.6715	2890.73225	2608.4428125	2928.994125	3081.9745625	3177.6788125	2710.1726875	3166.4545	2827.8411875	2560.1100625	3018.412625	3074.407375
ILMN_2705578	218.88428125	228.38930625	207.70706875	205.07035	217.59455	238.7891375	253.16974375	193.88205	198.2266625	226.0137125	232.7016375	182.85221875	231.68000625	233.86650625	204.81031875	206.64905625
ILMN_2645793	289.4902375	259.10294375	220.8166125	240.45228125	245.33235	297.66561875	258.45333125	219.43544375	285.79318125	244.98325	272.3043875	302.9173875	294.61255625	232.98231875	228.59040625	257.1474375
ILMN_2833596	393.157475	405.04731875	298.81056875	317.0260375	318.857075	448.20770625	399.316725	331.1162875	392.08263125	390.72719375	418.11000625	384.946275	394.19975	435.835025	396.1385875	369.6460875
ILMN_2728021	338.47830625	302.0011375	299.838875	322.65033125	364.36604375	344.2023125	250.930975	311.04498125	279.61274375	302.9173875	243.64128125	319.932875	296.50191875	250.01338125	303.2110375	293.02445625
ILMN_1259564	1149.6691	1149.6691	1952.964125	1851.1645625	1553.0540625	1200.59594375	1331.98633125	2003.673375	2916.3459375	1563.394625	1625.73425	1029.641025	1426.63413125	1355.16958125	1905.974125	1790.375375
ILMN_2681123	2037.840625	2118.75825	1968.7001875	2183.460125	1535.9275625	2070.5778125	2037.840625	2131.0719375	2500.73225	1707.034625	2406.897125	2369.0618125	2375.4135	2491.2391875	2143.6614375	2007.6768125
ILMN_1257998	6136.195875	6474.592	5762.73775	5071.7954375	8031.7658125	6627.1081875	6627.1081875	5432.2115	4925.7006875	5531.992	5824.636	6059.90325	6474.592	5824.636	5261.7406875	6251.9165625
ILMN_2594584	136.704875	127.72565625	116.25198875	158.1505875	117.94880375	115.70334	123.07411875	150.34926875	138.39070625	120.24917875	179.20448125	139.64135625	130.19934375	159.17185	138.9548125	125.805925
ILMN_2756074	363.99298125	289.4902375	362.90645625	387.2671875	421.34460625	374.74366875	326.82395625	387.961875	359.38050625	352.044	314.3022625	371.001275	333.03789375	290.89839375	345.7649375	328.285625
ILMN_1222196	216.00235625	181.23368125	200.1958	187.40104375	190.26230625	188.93926875	193.07526875	195.500075	182.32083125	222.9096625	174.510375	188.93926875	195.13283125	165.34283125	208.614425	241.2465625
ILMN_1218384	1032.766675	876.168925	876.168925	1197.1950625	877.80959375	863.1886875	833.42680625	1167.6394625	1170.5943	1065.40696875	821.9814125	1111.68751875	906.973	957.3368875	1269.33360625	973.91274375
ILMN_1245721	182.548525	192.86455	192.157875	174.1205625	216.1693125	204.4481	207.04245	166.49685	150.8607	215.26519375	180.70965	159.3464375	186.01159375	186.66923125	176.8443625	204.81031875
ILMN_2626453	313.732625	266.54350625	239.3336125	211.1658125	215.26519375	321.4583	313.732625	235.43113125	177.622125	204.4481	271.34849375	256.2845125	238.0985	352.64973125	213.04775625	186.66923125
ILMN_1243711	138.39070625	149.87991875	121.17253375	177.977475	117.229330625	153.8393625	176.99835	141.68094375	145.5794125	152.5911625	163.10266875	183.0535	162.934825	168.585275	150.11764375	158.1505875
ILMN_2602204	1459.97975	1363.2152	1459.97975	1796.3114375	1149.6691	1363.2152	1292.25568125	1588.2665625	1532.028875	1355.16958125	1691.932625	1284.59764375	1461.678875	1565.7745625	1395.78575	1200.59594375
ILMN_2668849	325.4101375	302.4367625	338.47830625	427.12645	277.7191375	302.4367625	350.2464875	362.90645625	365.57460625	284.07173125	445.80331875	321.82924375	382.43631875	505.60308125	351.55851875	287.97133125
ILMN_2656871	233.2049125	210.29248125	261.69506875	263.31391875	283.215625	260.86174375	260.4962375	277.7191375	290.89839375	319.52645625	256.726675	248.81170625	301.5162	241.90995	275.04995	305.74060625
ILMN_2765936	2397.767	3064.3103125	2164.478	1964.982125	2033.06075	2214.44325	3155.7905625	1978.2611875	2272.8855	2148.8818125	3331.7243125	2560.1100625	2574.93875	3186.193375	2164.478	2037.840625
ILMN_2609516	6900.494375	7332.76175	7037.2719375	7110.6441875	6474.592	7411.148625	7535.8325625	6843.291125	7073.02275	7144.64825	7460.845875	7724.063375	7724.063375	7535.8325625	6753.8141875	7144.64825
ILMN_2769393	1905.974125	1868.818125	1832.8898125	1733.5576875	2089.5956875	2131.0719375	1829.6575625	1884.99275	1836.85825	2022.208	1729.3028125	1905.974125	2063.82525	1876.157875	1901.7284375	1905.974125
ILMN_1242390	127.1895375	130.28583125	130.97268125	213.347025	130.79925	115.243696875	164.0783625	191.631825	207.45166875	130.6918125	188.93926875	149.99069375	135.35369375	210.16245625	224.416875	104.388986875
ILMN_2598571	418.7329625	469.928175	408.5570375	265.15980625	480.9888125	414.16425625	423.20989375	344.2023125	362.90645625	440.4020125	383.67525	425.43803125	409.2603125	325.4101375	338.969875	404.7403875
ILMN_2663872	15066.27	15312.959375	15811.34625	18650.413125	15649.82375	16150.026875	14760.245625	18866.55375	18287.449375	15066.27	16461.675	15649.82375	15649.82375	17990.79625	18650.413125	16150.026875
ILMN_1223041	706.28880625	933.34199375	836.24015	728.21921875	923.3045875	728.21921875	970.23390625	687.17316875	817.51023125	900.229325	930.27695625	733.7992	871.928325	906.973	814.58774375	993.2954125
ILMN_1216689	12961.611375	14431.91	15066.27	12621.3100625	14760.245625	14431.91	12961.611375	12621.3100625	11818.927875	16150.026875	11408.793	15312.959375	15312.959375	10841.250625	12309.0020625	15811.34625
ILMN_2804251	240.45228125	212.036425	222.42536875	252.4631	309.742025	238.0985	212.2325375	290.89839375	246.22676875	188.73664375	235.25141875	222.42536875	201.08705	197.96421875	225.29593125	240.692075
ILMN_2896639	149.02734375	133.2308125	124.27139375	129.7814125	146.828925	152.372725	148.575225	132.53908125	147.93004375	133.56350625	167.7883625	126.6088375	160.10634375	156.89665	165.4697625	113.89941625
ILMN_2621862	445.23834375	345.7649375	405.7067375	289.026225	333.03789375	302.9173875	379.9415625	260.86174375	264.523	359.38050625	326.82395625	383.67525	377.57789375	319.52645625	272.57405	418.7329625
ILMN_2926198	549.2649875	603.07173125	584.78806875	607.033175	572.9692625	569.9199	639.4019375	557.51616875	565.08385	548.38800625	637.1031	618.0341625	618.0341625	651.440175	601.77260625	542.5852375
ILMN_2669699	381.22103125	405.7067375	306.74313125	436.32871875	400.818975	446.799425	624.54245	800.142025	625.94640625	352.64973125	338.01579375	475.084675	436.32871875	435.13193125	664.2749	500.1246625
ILMN_2642158	1968.7001875	1737.21975	1663.08725	1526.519875	1571.518	1778.81175	1658.9980625	1535.9275625	1521.487125	1812.93475	1459.97975	1654.4488125	1729.3028125	1529.5255625	1410.221575	1707.034625
ILMN_1234519	174.1205625	202.05618125	173.04038125	183.40340625	179.673275	178.28668125	231.05068125	163.41111875	148.42471875	170.992825	182.32083125	167.6349875	183.9246375	169.78939375	165.34283125	145.5794125
ILMN_2615170	592.42118125	560.8079	566.12206875	478.98810625	775.92039375	537.3564875	541.213475	494.73205	476.99363125	605.86194375	428.86770625	503.5053625	490.5482625	369.0737	436.32871875	653.84860625
ILMN_1245687	124.6910875	126.2334375	154.66928125	179.44441875	111.149335625	127.80019375	104.346954375	117.784730625	145.898675	125.7289875	138.9548125	95.90241	124.417475	156.99936875	161.68011875	139.53805
ILMN_1231873	860.29973125	960.96005	1083.9575	886.00486875	902.21253125	889.0091875	761.0036625	1226.33259375	896.56195625	882.26715625	732.0853625	831.99635	733.7992	722.33518125	865.75048125	855.91689375
ILMN_1234740	120.867783125	101.077636875	118.23729375	120.787834375	122.6171375	127.537025	110.057823125	117.370764375	126.5154875	123.5136625	118.025370625	124.14365	132.60215	106.33853625	113.089596875	115.78272625
ILMN_1232120	361.06348125	384.34065	338.01579375	436.96919375	361.62028125	368.19235625	404.7403875	370.48145625	421.78673125	360.557825	460.56375625	354.61660625	379.9415625	495.60464375	455.44276875	342.17348125
ILMN_2605096	1546.757625	1515.7341875	1517.980125	1453.836625	1461.678875	1571.518	1517.980125	1373.50971875	1447.2469375	1585.203875	1541.624625	1457.8441875	1648.387625	1359.73494375	1510.2215	1684.229
ILMN_2959253	648.30325625	535.7323125	456.45375	469.928175	560.8079	595.21409375	546.67505625	478.21235625	520.452825	483.86240625	484.5622625	633.27214375	695.1960625	551.6918875	492.318275	473.52364375
ILMN_2695599	407.82223125	479.6173875	364.36604375	379.33124375	426.63545	412.55158125	442.1013375	349.2293625	371.001275	384.34065	426.13363125	389.97513125	424.62724375	404.7403875	397.36328125	472.914975
ILMN_1237546	726.77698125	854.31285625	950.49096875	1478.5996875	744.27988125	771.5237875	939.87478125	1363.2152	1450.9011875	876.168925	1194.77774375	774.922225	884.5102875	1050.89158125	1373.50971875	984.3163125
ILMN_1236344	2022.208	2112.8919375	2196.211625	2426.33675	2305.095875	2208.8605	2297.81	2281.600125	2223.8230625	2514.93025	2029.4189375	2143.6614375	2258.226875	1937.256125	2334.2050625	2243.769375
ILMN_2684300	1901.7284375	1680.0055	2022.208	2063.82525	2228.328875	2047.0441875	1753.9889375	1968.7001875	1959.502625	1959.502625	1855.0858125	1997.4680625	1974.2203125	1997.4680625	1978.2611875	1933.3263125
ILMN_1234766	3526.0949375	3292.12425	3177.6788125	2681.920625	3592.45975	3248.2679375	3496.7734375	2770.389	3031.3415	3275.2453125	3409.3478125	3592.45975	3546.5745	3409.3478125	2963.303625	3397.958
ILMN_2595597	118.2936625	150.11764375	166.87675	132.4016625	152.7839	118.471008125	116.415918125	150.64725625	151.58565625	183.40340625	125.6313	104.721908125	112.50059875	104.01969625	184.75475625	215.6734625
ILMN_1242619	297.20371875	394.9682625	379.9415625	317.6047375	311.60259375	325.79024375	374.74366875	293.02445625	297.20371875	402.7885	322.65033125	420.80611875	402.26533125	274.6481375	307.59543125	340.10790625
ILMN_2893321	2320.2016875	2448.833375	2375.4135	2013.110125	2334.2050625	2593.7214375	2375.4135	2158.863875	1944.8068125	2250.7824375	2172.82875	2461.6148125	2448.833375	2189.738	1988.0516875	2201.56525
ILMN_2627733	1648.387625	1056.7428375	1691.932625	1675.8665625	1753.9889375	1585.203875	999.8791	1571.518	1325.81468125	1476.0480625	752.23520625	1450.9011875	1389.53755625	725.7171625	1259.73734375	1395.78575
ILMN_2629982	589.33045	612.4552625	564.21346875	544.86930625	722.33518125	525.57068125	583.84518125	510.5569375	445.23834375	630.68256875	576.2538625	574.1261625	605.86194375	492.318275	487.0973125	605.16504375
ILMN_2730249	242.38879375	238.31953125	217.22279375	190.9587625	245.7140625	213.93013125	273.60645	175.1317625	209.6493125	202.05618125	173.37554375	214.999475	202.7771	217.22279375	147.32380625	183.64101875
ILMN_1224874	137.88758125	153.5859125	149.64721875	143.9201875	116.08336	128.162825	150.34926875	131.43111875	132.30241875	126.03825625	152.515875	132.30241875	144.9504375	146.57059375	125.31658125	125.21433125
ILMN_2604205	876.168925	849.21829375	877.80959375	726.77698125	825.27274375	854.31285625	889.0091875	789.96631875	771.5237875	684.55906875	902.21253125	884.5102875	903.982275	894.35590625	780.5475	750.79295
ILMN_1257551	225.768425	265.15980625	320.96831875	350.2464875	304.96008125	318.857075	243.64128125	362.3423375	330.6628875	311.953325	264.8414125	332.51471875	281.32585625	244.12235625	388.98266875	290.319825
ILMN_2631342	125.805925	127.80019375	140.0592625	146.828925	158.05190625	133.6731375	124.27139375	168.3561625	154.2992875	129.71258125	122.7133125	147.701675	151.29939375	132.4609	154.66928125	142.76286875
ILMN_2925947	191.8118125	169.65194375	166.5747125	150.34926875	171.50286875	187.723625	177.977475	169.78939375	131.0427625	133.31306875	206.3713125	175.49864375	174.8182375	194.98645	150.8607	159.69138125
ILMN_2628021	970.23390625	1021.62443125	973.91274375	991.49634375	1119.3327375	1119.3327375	984.3163125	957.3368875	944.894575	1045.9207875	957.3368875	1050.89158125	1065.40696875	975.55876875	928.73256875	1101.2866
ILMN_2601043	162.286325	166.7155	212.56733125	158.6875	183.64101875	190.26230625	148.93023125	214.13316875	192.86455	166.5747125	144.260675	194.767025	162.6555875	161.04661875	169.78939375	170.992825
ILMN_1213858	217.59455	221.24006875	265.15980625	249.77924375	289.4902375	205.81603125	200.89800625	242.69094375	239.731575	206.64905625	214.63416875	188.73664375	194.767025	187.723625	255.342925	201.32313125
ILMN_1253491	101.6817975	99.34294875	95.711411875	225.29593125	74.76847125	102.18582	102.80032	156.89665	217.22279375	98.185771875	216.99501875	121.17253375	124.85291875	262.09323125	217.9913875	95.4291
ILMN_2844820	159.97255	103.57234	133.76694375	166.21005625	136.98565	187.40104375	83.688716875	164.88851875	199.27065	139.04955625	114.532839375	164.19486875	182.10419375	85.824645	124.55214375	185.59075
ILMN_2621882	6927.53375	7037.2719375	6474.592	7037.2719375	7984.2996875	7144.64825	7073.02275	7884.927125	7591.974125	7790.514875	7144.64825	5630.295	7630.668	6791.54225	7935.557625	7411.148625
ILMN_3134632	134.3977375	113.525858125	101.410426875	118.471008125	108.689604375	129.7814125	131.15114375	128.63870625	125.6313	107.562243125	135.5993875	112.21845	133.56350625	116.87479875	126.6088375	110.319638125
ILMN_2854659	1153.086725	1117.5936875	1133.0493375	1096.2395125	1023.44788125	1067.32936875	1183.2926625	1094.47193125	1149.6691	999.8791	1325.81468125	1077.30364375	1123.47035	1340.43134375	1133.0493375	1082.09006875
ILMN_2692060	212.2325375	229.5596375	212.036425	243.86538125	188.50483125	181.98435	263.31391875	228.59040625	194.641925	214.13316875	240.45228125	226.68588125	218.7287625	241.5009	251.9778875	209.95990625
ILMN_2860480	1247.6153875	1213.3972125	991.49634375	1223.86389375	962.9292375	1149.6691	1379.9554375	1136.7809625	1501.8286875	1008.09605625	1457.8441875	1149.6691	1459.97975	1253.613975	1464.879	1308.2683375
ILMN_2655895	223.28705625	256.2845125	213.93013125	269.9254375	191.45689375	193.07526875	229.10846875	218.5558625	297.66561875	179.79511875	314.7001	268.74179375	294.1801625	321.4583	290.89839375	178.81230625
ILMN_2607196	1161.1970625	1017.5196	1122.48299375	1031.5182875	976.8693625	1049.03378125	1029.641025	908.8836125	1001.36695	1054.36065625	1176.1765125	1228.17379375	1008.09605625	1144.45039375	962.9292375	934.93573125
ILMN_3159866	239.3336125	254.10841875	231.99835625	178.28668125	233.86650625	241.90995	268.257725	214.63416875	177.502625	272.79385	187.40104375	257.3934125	260.4962375	218.7287625	214.38885	272.3043875
ILMN_3079919	4344.53675	4082.71825	4479.1653125	5920.0250625	4293.4258125	5100.66625	3853.270625	6159.7626875	5071.7954375	4642.1986875	4315.6864375	4100.9669375	4995.627	4680.85275	5762.73775	4344.53675
ILMN_1259798	772.78075625	796.67608125	777.837775	898.38510625	700.53440625	722.33518125	709.30966875	955.69085625	851.2181625	807.2088	870.534625	789.96631875	704.96834375	769.2259125	840.31154375	805.97924375
ILMN_2689062	121.307835625	114.0558675	133.14736875	115.0698675	128.44940625	136.52760625	94.10628625	110.595898125	104.558673125	124.34335625	86.740598125	130.53025625	107.814646875	93.537104375	124.61303125	124.27139375
ILMN_1255473	1255.287775	1366.5811	1154.72575625	1420.65530625	1176.1765125	1342.66180625	1408.1082625	1569.421	1418.00461875	1217.59461875	1373.50971875	1420.65530625	1392.73844375	1308.2683375	1240.6907125	1359.73494375
ILMN_2597249	476.1185375	452.3838625	396.1385875	358.44570625	487.81764375	466.434675	494.18310625	319.296625	324.18878125	414.83418125	400.818975	488.60263125	549.2649875	439.20473125	298.077875	436.32871875
ILMN_2688834	857.74695625	851.2181625	863.1886875	796.67608125	880.3431	874.99784375	847.2564125	814.58774375	747.19006875	894.35590625	789.96631875	838.49383125	900.229325	871.928325	829.02494375	864.630725
ILMN_2771441	3186.193375	3422.046375	3853.270625	3712.4661875	3397.958	3409.3478125	3104.4561875	3672.7575	3463.9809375	3699.664375	3323.130125	3248.2679375	3292.12425	3041.47075	3508.3631875	3624.416875
ILMN_1223051	993.2954125	962.9292375	995.77236875	863.1886875	1069.8680125	896.56195625	934.93573125	972.734025	995.77236875	1037.15800625	906.973	934.93573125	962.9292375	889.0091875	1014.6464	1032.766675
ILMN_2679695	485.53976875	485.53976875	419.286475	391.4559875	508.66270625	472.914975	414.83418125	417.2681625	366.8749875	460.56375625	421.78673125	397.36328125	445.23834375	406.25033125	412.55158125	445.23834375
ILMN_2759669	477.51089375	478.21235625	427.6186125	480.9888125	407.82223125	460.98259375	544.86930625	430.63421875	433.41804375	431.7225875	520.452825	562.62983125	530.13569375	466.434675	461.81859375	505.60308125
ILMN_1220793	756.18793125	801.81858125	840.31154375	744.27988125	987.84588125	739.25601875	754.62749375	713.79743125	675.1991125	771.5237875	698.881425	691.70765625	778.8566	621.29355	772.78075625	759.58360625
ILMN_1229716	1851.1645625	1919.0003125	1539.848	1758.3530625	1836.85825	1978.2611875	2056.9218125	1675.8665625	1657.091625	1892.11275	1968.7001875	1663.08725	1981.51975	1948.114	1790.375375	1761.7409375
ILMN_2731379	176.7156375	134.2687625	166.21005625	148.21475	146.9285625	136.79684375	142.0322125	154.88060625	145.1658125	194.641925	133.87325625	174.942675	150.78871875	141.49523125	144.61973125	179.44441875
ILMN_2705570	170.387425	161.81215625	190.08255	197.75609375	183.22048125	178.5243375	158.05190625	254.36886875	199.94305625	190.9587625	168.3561625	191.631825	179.44441875	177.13383125	196.029325	223.28705625
ILMN_2666445	261.23531875	257.1474375	222.9096625	222.10299375	219.84864375	241.5009	270.48401875	216.40799375	239.3336125	220.08603125	271.68064375	265.15980625	236.39815625	237.210825	229.88585625	229.10846875
ILMN_2714138	310.20375625	274.6481375	327.851675	322.15643125	340.10790625	295.67068125	257.83005	359.38050625	309.742025	317.6047375	307.1202375	295.67068125	263.5487875	286.13239375	314.7001	322.15643125
ILMN_2674655	274.6481375	246.43791875	248.3792375	276.746625	277.15685625	266.54350625	297.20371875	272.3043875	276.421125	251.62058125	316.0292125	278.67450625	247.57271875	300.51006875	310.557075	263.31391875
ILMN_2596259	637.1031	586.82305	716.28623125	730.96755	946.97265625	754.62749375	700.53440625	642.53469375	667.346975	799.0163375	622.424775	667.346975	748.15424375	633.27214375	733.7992	762.295575
ILMN_2703204	960.96005	1136.7809625	841.8968125	884.5102875	886.00486875	1021.62443125	1170.5943	1028.2021375	838.49383125	823.80625	921.2737875	1130.81324375	1151.43849375	1077.30364375	880.3431	1016.11661875
ILMN_1232922	373.78556875	374.27375	354.05960625	298.81056875	414.83418125	369.0737	354.61660625	308.440225	284.07173125	376.43794375	229.5596375	347.2855875	305.74060625	284.07173125	325.01405625	345.38940625
ILMN_2592010	4479.1653125	4819.3668125	3699.664375	3546.5745	4183.4475625	4436.122	5316.6859375	3658.924875	3741.448875	3901.5434375	4059.5295	4048.0388125	4855.10025	4293.4258125	3741.448875	4166.331375
ILMN_2665422	1093.05636875	1080.43248125	1146.39284375	964.61938125	1181.55914375	1126.81623125	1211.26603125	973.91274375	1004.4496375	1098.48106875	1130.81324375	1288.97909375	1197.1950625	970.23390625	978.4476	1089.18391875
ILMN_1227699	134.18521875	154.2992875	125.9750625	138.33310625	106.05800125	131.49894375	138.9548125	170.2017375	185.59075	149.64721875	248.81170625	117.863168125	158.86419375	200.1958	184.49761875	124.55214375
ILMN_2743494	414.16425625	517.529525	384.946275	460.56375625	449.41195625	389.59186875	496.93676875	438.60243125	465.7442	462.82	476.99363125	390.72719375	435.13193125	463.44099375	499.01070625	496.135925
ILMN_2600426	181.135334375	136.4538875	182.71784375	135.00350625	187.9385375	198.2266625	139.9945375	134.2687625	151.8665125	159.97255	142.66521875	162.4788625	160.48074375	115.243696875	158.1505875	142.83349375
ILMN_1248328	214.63416875	201.08705	187.17769375	172.353225	185.88055	194.767025	202.26374375	168.20095	208.02386875	188.33473125	244.12235625	176.99835	232.463875	225.56696875	190.26230625	213.7162125
ILMN_2595704	5432.2115	5501.0839375	5284.0041875	4880.49925	5316.6859375	5592.9835	5235.5604375	5071.7954375	4902.6641875	5691.950125	5159.29925	5791.554125	5316.6859375	5458.565	5120.44175	5592.9835
ILMN_2699989	210.80955	169.4552375	172.70298125	160.77475625	193.7898875	173.1835875	185.0267625	175.28598125	183.22048125	172.353225	181.7425875	204.6013	208.8861375	185.25490625	172.5337625	188.93926875
ILMN_2601710	188.0836	184.49761875	141.90628125	155.127325	190.76133125	178.96955	197.0282375	170.6414875	168.80715	167.46681875	200.4274125	161.43203125	142.3656125	197.3707125	150.64725625	162.6555875
ILMN_1224076	877.80959375	1526.519875	993.2954125	1045.9207875	917.37219375	1091.12875625	1342.66180625	1042.23654375	1146.39284375	831.99635	1581.35175	1056.7428375	948.13583125	1638.406375	1021.62443125	976.8693625
ILMN_2776764	1223.86389375	1379.9554375	1094.47193125	1301.79445	1203.07131875	906.973	1501.8286875	1146.39284375	1247.6153875	1311.92510625	1450.9011875	1153.086725	1323.73580625	1373.50971875	1357.73449375	1464.879
ILMN_2696272	2698.729	2601.580625	2710.1726875	2172.82875	2574.93875	2258.226875	2681.920625	2264.731375	2208.8605	2770.389	2355.1674375	2491.2391875	2510.9436875	2281.600125	2089.5956875	2618.0886875
ILMN_2678755	223.62086875	200.1958	201.08705	213.7162125	265.969925	228.051775	205.534625	372.73630625	220.50859375	236.130475	177.13383125	223.72760625	186.66923125	226.68588125	226.39001875	295.67068125
ILMN_1216623	698.881425	666.30194375	772.78075625	753.64794375	887.3855875	787.17976875	689.3837625	733.7992	687.17316875	838.49383125	733.7992	737.52373125	675.1991125	664.2749	706.28880625	782.2742875
ILMN_2688257	247.57271875	237.44534375	314.987925	206.3713125	297.66561875	207.04245	268.74179375	203.36625	234.86673125	298.53729375	218.88428125	205.534625	228.051775	208.4504625	216.99501875	347.6172625
ILMN_2700765	398.8783375	378.12289375	410.47876875	342.17348125	368.69168125	406.25033125	393.7152125	332.51471875	346.35661875	343.51701875	321.4583	355.68825625	330.6628875	302.0011375	260.4962375	411.74715
ILMN_1259631	159.4634125	189.26159375	140.97510625	168.20095	159.0277875	148.7124	160.48074375	155.57271875	161.43203125	150.2414625	158.05190625	154.66928125	167.6349875	190.9587625	181.0369875	136.52760625
ILMN_2814385	113.089596875	96.992	122.83345	131.91349375	105.60140375	91.50518	93.74121	117.440628125	133.0385625	122.245771875	83.253671875	80.552621875	91.732336875	85.749341875	120.24917875	122.245771875
ILMN_2693185	2968.9675625	3275.2453125	3534.9343125	2608.4428125	3166.4545	3114.975	3292.12425	2453.9903125	2355.1674375	3018.412625	2816.5711875	3508.3631875	2985.4025	2975.30275	2698.729	3134.3626875
ILMN_1246724	150.99335625	140.0592625	156.60838125	164.74565625	145.79421875	150.11764375	157.83153125	183.64101875	179.79511875	135.42206875	172.5337625	135.00350625	165.34283125	200.56650625	189.08605625	139.87195625
ILMN_2747430	180.70965	214.38885	205.534625	211.808925	142.0322125	192.157875	206.3713125	202.5795125	242.168325	200.7246625	194.98645	189.26159375	193.5339875	244.36269375	245.33235	175.98158125
ILMN_2633062	354.05960625	241.5009	387.961875	448.8247125	251.30326875	337.48220625	281.32585625	350.2464875	436.32871875	303.2110375	317.0260375	285.79318125	310.20375625	414.83418125	444.0608625	300.13343125
ILMN_2620304	1181.55914375	1047.83524375	1102.75900625	921.2737875	1501.8286875	1163.75175	1094.47193125	912.53776875	844.16524375	1056.7428375	1093.05636875	1067.32936875	1174.17459375	991.49634375	939.87478125	1114.7287
ILMN_2440803	222.66893125	253.8598	252.8984	320.36241875	223.62086875	220.33043125	203.9486375	279.61274375	286.13239375	214.63416875	248.3792375	246.70936875	267.9434	288.4541	275.47909375	202.05618125
ILMN_1240871	478.21235625	476.1185375	391.4559875	385.60209375	438.60243125	447.55898125	482.1791625	373.30499375	428.86770625	420.2161375	377.57789375	465.7442	457.2691	399.899675	342.5941	458.6657375
ILMN_1247158	7411.148625	7110.6441875	7184.1275	6666.436625	8640.875375	8640.875375	8285.4875	6015.1349375	6578.41025	6927.53375	7332.76175	7184.1275	8355.2378125	7073.02275	7073.02275	7037.2719375
ILMN_2998139	2078.9265625	2033.06075	1767.103375	1802.7274375	2063.82525	2007.6768125	2047.0441875	1905.974125	1808.6184375	1981.51975	2201.56525	2033.06075	1859.51175	2052.1315	1793.433875	2003.673375
ILMN_2692989	634.68935625	634.68935625	524.4077875	560.8079	610.8717375	553.6983625	648.30325625	585.82873125	623.59819375	557.51616875	689.3837625	612.4552625	605.16504375	556.3031625	586.82305	523.6465625
ILMN_2607215	342.17348125	431.16281875	308.76860625	320.96831875	397.36328125	345.38940625	518.60681875	248.3792375	329.3921125	338.47830625	427.12645	422.1692375	435.835025	432.08651875	311.04498125	306.2683
ILMN_2734484	1433.597	1665.832375	1453.836625	1517.980125	1447.2469375	1577.917625	1657.091625	1723.53475	1873.4655625	1279.10915	1868.818125	1651.4259375	1517.980125	2272.8855	1665.832375	1413.892925
ILMN_2624862	222.10299375	231.68000625	187.9385375	282.30319375	230.0987875	267.27683125	233.86650625	303.2110375	259.83235	246.70936875	244.98325	294.61255625	334.64200625	270.48401875	272.3043875	232.98231875
ILMN_2930850	130.53025625	135.71329375	153.695975	141.68094375	138.9548125	124.0164625	159.4634125	224.75283125	155.0321	136.52760625	135.71329375	150.51230625	130.6918125	148.93023125	183.64101875	159.17185
ILMN_2793739	567.74288125	527.07400625	623.59819375	625.94640625	547.767775	480.9888125	468.20624375	580.68080625	521.16900625	535.7323125	494.73205	513.72638125	482.1791625	491.08171875	537.3564875	486.43069375
ILMN_1243170	264.8414125	328.285625	268.74179375	250.2519625	263.91614375	208.8861375	303.5227625	243.336	249.460775	314.3022625	323.1156125	244.69550625	318.857075	307.1202375	258.75729375	286.44878125
ILMN_1241522	882.26715625	865.75048125	1023.44788125	1002.61314375	742.81638125	975.55876875	800.142025	1067.32936875	982.52008125	887.3855875	1065.40696875	805.97924375	908.8836125	1061.20106875	1061.20106875	921.2737875
ILMN_2609772	112.724624375	157.56325625	132.53908125	156.2078125	140.97510625	108.6479925	108.201773125	127.3510375	130.6918125	139.28285	127.8719875	98.7982125	105.687775625	134.32206875	129.95585625	119.319458125
ILMN_2663996	132.9463	112.21845	123.372175	107.33387125	141.10776875	137.3024375	105.0368925	96.565868125	104.589398125	144.53268125	115.243696875	127.62435625	141.26234375	142.66521875	110.010455625	130.0340125
ILMN_2675464	841.8968125	829.02494375	817.51023125	799.0163375	684.55906875	780.5475	769.2259125	1128.48683125	933.34199375	759.58360625	724.54374375	903.982275	801.81858125	995.77236875	973.91274375	749.09235
ILMN_2749955	206.018925	240.692075	221.24006875	167.96165625	209.103475	202.7771	225.29593125	189.473275	170.2017375	209.6493125	191.9776875	192.86455	206.018925	154.66928125	172.70298125	215.26519375
ILMN_2682218	7504.3965	7591.974125	6961.1408125	8098.043625	8285.4875	6961.1408125	6927.53375	8420.7889375	8492.1395	7724.063375	8212.2020625	7144.64825	7504.3965	8355.2378125	8492.1395	6961.1408125
ILMN_2603725	5284.0041875	4951.3425625	4602.2670625	5859.1675625	5071.7954375	4855.10025	5188.1588125	5720.023125	6015.1349375	4834.3839375	6251.9165625	4680.85275	5366.7633125	5762.73775	5720.023125	5159.29925
ILMN_2727847	111.916439375	105.1697275	87.243305625	101.077636875	97.700478125	99.927009375	120.706985625	116.2029875	92.806575	105.28630125	138.60301875	99.558214375	111.087913125	131.27735	117.7128925	105.931525
ILMN_2657921	2029.4189375	1560.8211875	2208.8605	2112.8919375	1905.974125	1855.0858125	1461.678875	2063.82525	1925.171375	2243.769375	1233.78420625	1974.2203125	1758.3530625	1366.5811	1952.964125	2105.115125
ILMN_1218814	333.03789375	329.3921125	363.99298125	291.3637	343.51701875	314.987925	309.742025	284.88960625	316.35359375	363.591075	274.6481375	322.65033125	331.55780625	314.3022625	300.83779375	366.3423875
ILMN_2604806	399.899675	411.74715	422.1692375	456.45375	525.57068125	384.34065	394.19975	440.4020125	413.6796125	478.98810625	446.23766875	382.0394125	338.47830625	407.82223125	464.38098125	406.25033125
ILMN_1253746	144.14700625	127.28783125	116.021529375	115.83833375	141.49523125	124.55214375	139.87195625	136.3262875	115.50622375	125.88055625	155.81645625	115.0698675	147.8156375	145.28875625	120.51551125	140.97510625
ILMN_2485900	144.61973125	120.787834375	133.43806875	134.02999375	167.46681875	134.479925	131.57471875	159.3464375	124.61303125	138.8329125	110.977543125	131.57471875	161.551425	120.24917875	149.87991875	146.57059375
ILMN_2745240	684.55906875	712.6582	651.440175	742.81638125	729.4838	684.55906875	882.26715625	668.6408375	676.4500125	678.67405625	747.19006875	732.0853625	753.64794375	666.30194375	673.8294125	544.86930625
ILMN_2643057	202.5795125	188.73664375	202.26374375	191.8118125	250.930975	207.23683125	215.26519375	214.38885	203.7438375	237.210825	198.2266625	195.7818	219.13505625	219.84864375	239.3336125	246.90165
ILMN_2661407	202.7771	195.2914625	187.40104375	155.81645625	229.88585625	184.27898125	174.8182375	184.27898125	189.473275	206.3713125	170.387425	188.0836	179.20448125	175.49864375	191.1588375	209.6493125
ILMN_2718284	1464.879	1301.79445	1593.675875	1563.394625	1423.25485	1481.7319375	1399.6960125	1515.7341875	1461.678875	1342.66180625	1385.99768125	1495.75775	1377.04380625	1217.59461875	1429.7836125	1440.767375
ILMN_2681984	4315.6864375	4115.4703125	4667.497625	4327.9955625	4376.21475	4396.7099375	3996.876	4344.53675	4224.2954375	4224.2954375	4016.5993125	3940.2430625	4327.9955625	3971.043125	4315.6864375	4490.201
ILMN_1230271	943.18929375	1028.2021375	782.2742875	1014.6464	771.5237875	1047.83524375	948.13583125	1304.11341875	1012.87120625	778.8566	1122.48299375	882.26715625	919.02419375	1223.86389375	1262.084325	880.3431
ILMN_2774267	374.27375	350.2464875	324.59301875	393.157475	354.61660625	319.52645625	352.044	311.953325	363.591075	282.668375	403.94156875	417.2681625	359.99755625	387.2671875	382.95286875	296.89524375
ILMN_2675072	1571.518	1876.157875	1597.03825	1275.825625	1712.4669375	1729.3028125	1914.436125	1606.403875	1373.50971875	1712.4669375	1665.832375	1610.26175	1864.5806875	1712.4669375	1377.04380625	1799.4763125
ILMN_2810473	51201.501875	50036.076875	56178.88	46726.258125	51201.501875	51201.501875	50036.076875	46726.258125	46726.258125	57838.04	46726.258125	53803.0675	50036.076875	48357.90875	48357.90875	53803.0675
ILMN_2939424	3953.748625	4137.6650625	4327.9955625	4619.5934375	3853.270625	3808.8565	3658.924875	4082.71825	4270.5875	3682.3524375	3883.6430625	3808.8565	3641.0309375	4048.0388125	4183.4475625	4115.4703125
ILMN_1235909	354.61660625	353.62091875	388.98266875	388.98266875	446.799425	350.2464875	358.44570625	381.63321875	333.580125	446.23766875	332.17845625	370.48145625	430.63421875	336.88030625	350.2464875	408.5570375
ILMN_1221703	435.835025	439.20473125	417.2681625	382.43631875	297.20371875	453.05573125	428.86770625	368.19235625	403.94156875	358.44570625	416.5290125	476.99363125	406.94613125	406.94613125	434.11775625	354.61660625
ILMN_2885293	5559.051625	6383.8138125	5559.051625	7073.02275	6210.5699375	5824.636	6159.7626875	6432.159625	6251.9165625	6292.2961875	6900.494375	5691.950125	6332.6618125	6961.1408125	6716.896125	6015.1349375
ILMN_1249269	118.39256	116.415918125	132.30241875	139.53805	106.1220575	115.662123125	109.448013125	143.07578125	163.10266875	117.65351375	181.23368125	131.66101875	132.7850125	143.50841875	150.51230625	101.54980625
ILMN_1244187	133.87325625	129.64690625	153.9696625	150.8607	177.32429375	125.5333625	143.6057375	148.33931875	172.70298125	177.32429375	116.13573125	140.599075	119.161096875	115.017581875	149.1243125	121.52119
ILMN_2894211	1581.35175	2196.211625	2112.8919375	2070.5778125	1997.4680625	1052.4328875	2208.8605	1737.21975	1585.203875	1663.08725	2928.994125	729.4838	1130.81324375	3331.7243125	1761.7409375	1402.53706875
ILMN_2604467	972.734025	921.2737875	1149.6691	1086.60641875	1130.81324375	1012.87120625	997.9165375	1014.6464	1021.62443125	1149.6691	982.52008125	845.59393125	1006.592375	1104.645125	1188.904225	943.18929375
ILMN_2598438	126.36245	129.20803125	127.1895375	117.65351375	128.2565	124.97909375	121.37270625	127.68379375	125.36169375	137.35951875	125.1430625	148.33931875	128.63870625	123.83503125	124.50436875	135.42206875
ILMN_2718416	2582.3805	2792.5048125	3331.7243125	2641.6040625	3480.6066875	2721.8628125	3018.412625	2850.1111875	2541.381	2928.994125	2792.5048125	2738.6715	2601.580625	2816.5711875	2437.573625	3216.0641875
ILMN_1235939	119.7339625	143.07578125	136.4538875	117.7128925	142.66521875	127.68379375	141.49523125	104.19057375	131.49894375	98.87488625	136.98565	143.68168125	148.33931875	127.9695	123.83503125	114.250825
ILMN_2706857	3384.2715625	3384.2715625	3307.411375	3699.664375	3624.416875	3292.12425	3526.0949375	3901.5434375	3757.6965625	3496.7734375	3556.7825	3480.6066875	3480.6066875	3353.5210625	3940.2430625	3546.5745
ILMN_2700448	4059.5295	4036.32475	4152.0380625	3436.421625	4036.32475	3940.2430625	3834.3006875	3480.6066875	3409.3478125	4315.6864375	3343.45	4152.0380625	4224.2954375	3358.915875	3436.421625	4315.6864375
ILMN_2600813	137.5014625	121.87844875	129.20803125	105.1697275	172.0150375	102.045950625	106.682578125	127.2450625	120.324115625	126.2334375	104.222089375	147.39860625	134.2687625	107.44807875	129.30451875	137.077675
ILMN_2678851	420.80611875	417.2681625	429.66280625	460.98259375	349.856425	421.78673125	398.8783375	461.81859375	450.09990625	514.343425	410.47876875	438.60243125	399.899675	372.73630625	468.20624375	543.2651625
ILMN_1235750	241.90995	300.51006875	211.808925	220.33043125	265.15980625	264.24041875	276.421125	255.90626875	216.1693125	185.59075	282.30319375	240.45228125	261.23531875	316.0292125	238.0985	239.3336125
ILMN_2751332	131.66101875	154.88060625	162.286325	171.83655	133.379225	168.585275	172.0150375	201.62113125	148.8364625	160.37689375	142.83349375	168.3561625	134.479925	110.187594375	143.9201875	207.04245
ILMN_1214441	119.900904375	166.5747125	132.9463	144.260675	139.28285	109.595425625	172.5337625	122.41531875	110.746616875	129.20803125	167.46681875	144.61973125	169.214	146.9285625	105.1697275	162.934825
ILMN_2678502	181.43729375	164.0783625	211.57503125	194.98645	206.3713125	197.56828125	177.622125	200.7246625	197.3707125	186.66923125	145.898675	197.75609375	159.17185	169.65194375	200.4274125	192.34130625
ILMN_3104025	1541.624625	1606.403875	1836.85825	2105.115125	1802.7274375	1648.387625	1426.63413125	2052.1315	1981.51975	2007.6768125	1786.308875	1680.0055	1606.403875	1767.103375	1944.8068125	1802.7274375
ILMN_2816547	442.1013375	399.899675	407.82223125	333.580125	426.13363125	449.41195625	448.20770625	364.36604375	340.65205625	394.19975	363.99298125	413.1436125	445.80331875	353.62091875	344.83418125	394.9682625
ILMN_2621304	2125.5966875	1944.8068125	2003.673375	2406.897125	1563.394625	2003.673375	2022.208	2037.840625	2172.82875	1919.0003125	2112.8919375	2131.0719375	1778.81175	2243.769375	2037.840625	1909.405
ILMN_1227758	149.21289375	156.49079375	142.249075	170.04654375	107.767169375	153.1769625	147.701675	157.83153125	203.0263	166.7155	170.2017375	139.7600375	152.90356875	171.64175	179.20448125	134.479925
ILMN_2744603	251.30326875	225.56696875	233.2049125	242.38879375	225.11594375	253.5756875	232.7016375	244.36269375	229.5596375	203.16753125	259.83235	205.81603125	215.532425	253.8598	249.19909375	194.44226875
ILMN_1247682	2437.573625	2406.897125	2223.8230625	2388.401875	1793.433875	2243.769375	2593.7214375	2325.05	2491.2391875	1802.7274375	2963.303625	2838.8095625	2481.5916875	2985.4025	2364.6356875	2154.306
ILMN_2678269	2928.994125	2681.920625	2838.8095625	2432.0701875	2681.920625	3007.439625	2514.93025	2613.0956875	2510.9436875	2582.3805	2500.73225	2850.1111875	2850.1111875	2468.7893125	2510.9436875	3031.3415
ILMN_3068754	5159.29925	4758.6421875	5824.636	6096.572375	6520.82825	5261.7406875	5017.492875	5630.295	5390.3065625	5791.554125	5630.295	5284.0041875	5284.0041875	5720.023125	5824.636	5824.636
ILMN_2680781	3282.743375	2850.1111875	3641.0309375	2907.421375	2758.6666875	2998.837625	2881.650875	3092.283875	2864.5063125	3144.962875	2514.93025	3445.8880625	3074.407375	2721.8628125	2681.920625	3770.3874375
ILMN_2691781	335.95439375	305.29793125	386.241725	383.67525	382.43631875	334.64200625	297.66561875	409.2603125	368.69168125	347.6172625	304.5775125	429.66280625	329.3921125	331.1162875	366.3423875	365.182425
ILMN_2639155	1102.75900625	941.899225	1183.2926625	1495.75775	1491.8528125	1170.5943	1032.766675	1512.9835625	1515.7341875	1491.8528125	1075.377725	1002.61314375	1089.18391875	944.894575	1599.0994375	1703.268
ILMN_2760009	119.23269	119.43970125	124.914075	125.805925	113.638276875	141.825175	110.925168125	115.3635675	114.532839375	115.83833375	112.50059875	121.994118125	135.00350625	94.087065	118.544265	112.50059875
ILMN_1240806	189.890575	145.1658125	181.58448125	181.0369875	160.37689375	174.29655	144.53268125	158.2587875	150.64725625	185.43579375	177.977475	177.622125	170.04654375	152.69155	151.58565625	180.922175
ILMN_1230287	178.5243375	163.41111875	177.32429375	170.387425	155.98471875	188.33473125	187.723625	156.10200625	167.46681875	183.22048125	162.934825	212.77806875	216.40799375	152.90356875	140.504525	189.26159375
ILMN_2699880	245.7140625	200.4274125	202.05618125	198.73825	210.29248125	222.10299375	206.018925	202.05618125	185.88055	246.22676875	194.641925	232.98231875	218.88428125	177.622125	185.0267625	213.347025
ILMN_2743991	135.00350625	127.68379375	156.49079375	154.42223125	140.504525	134.560175	117.11431625	161.68011875	139.15418125	140.599075	145.45378125	141.49523125	134.093925	139.04955625	151.8665125	147.701675
ILMN_3157692	141.3552625	123.91041875	131.7516	120.172779375	135.53380625	132.9463	121.87844875	110.319638125	142.114375	123.29315	115.45249	117.03301125	125.31658125	116.415918125	113.15592625	126.30664375
ILMN_3011730	118.805108125	95.0255825	119.43970125	141.5911125	110.27779375	95.327415	92.144394375	141.90628125	134.560175	96.992	127.62435625	113.89941625	110.319638125	105.53290375	126.430475	91.96132
ILMN_2989650	166.21005625	140.39288125	178.6904875	147.701675	181.58448125	141.26234375	156.10200625	156.7400875	133.2308125	177.13383125	119.43970125	159.97255	153.9696625	149.87991875	142.76286875	169.65194375
ILMN_2617505	156.7400875	158.05190625	169.78939375	170.992825	209.32098125	142.48908125	145.674675	181.98435	180.01171875	168.80715	140.599075	183.22048125	145.3389	125.46033125	188.33473125	180.588125
ILMN_2715152	127.46519375	113.562564375	133.2308125	142.76286875	154.66928125	111.916439375	112.075176875	133.43806875	117.440628125	140.8878375	131.91349375	144.260675	140.0592625	81.9416425	134.18521875	126.8687375
ILMN_1223734	1029.641025	1183.2926625	986.313625	855.91689375	1083.9575	774.922225	1058.70305625	941.899225	950.49096875	1144.45039375	924.4569875	825.27274375	887.3855875	864.630725	884.5102875	1337.96778125
ILMN_2783896	128.92178125	159.97255	139.41925	177.502625	139.04955625	138.39070625	135.35369375	180.15525625	166.21005625	142.48908125	180.588125	131.27735	138.2094375	148.33931875	176.556675	125.88055625
ILMN_2867158	129.20803125	135.5993875	150.34926875	151.29939375	169.4552375	131.91349375	126.03825625	139.87195625	174.8182375	158.86419375	137.5014625	114.928289375	151.58565625	164.19486875	154.88060625	155.31084375
ILMN_2634349	338.969875	342.5941	292.4938	341.61043125	314.3022625	342.5941	325.4101375	287.144725	306.2683	276.12820625	374.74366875	308.76860625	338.969875	348.09076875	318.03841875	274.6481375
ILMN_2588663	118.982745625	130.19934375	114.0558675	115.906464375	113.69159375	118.6015225	130.59743125	123.77083125	116.82452	126.5154875	125.88055625	138.39070625	121.735439375	131.57471875	98.415378125	113.281014375
ILMN_1240868	663.46655	756.18793125	801.81858125	703.5802625	762.295575	642.53469375	725.7171625	730.96755	692.932175	816.19315625	726.77698125	620.669025	646.166675	616.95135	778.8566	739.25601875
ILMN_2736360	403.94156875	403.4728625	432.08651875	390.72719375	500.1246625	326.28495625	376.90229375	366.8749875	487.0973125	441.35880625	338.47830625	366.8749875	448.8247125	355.68825625	406.25033125	444.0608625
ILMN_1229246	183.22048125	158.6875	178.14129375	169.65194375	183.40340625	183.9246375	163.41111875	146.249475	163.2424375	207.04245	155.31084375	150.78871875	172.0150375	124.61303125	181.98435	166.21005625
ILMN_2849016	10127.8905625	10127.8905625	11230.1335625	7724.063375	12022.927	10574.6365	10574.6365	7790.514875	7504.3965	11297.6646875	8098.043625	9346.0995	9598.34675	7724.063375	7724.063375	9972.20525
ILMN_2909105	197.3707125	218.5558625	226.68588125	232.463875	218.88428125	214.13316875	217.59455	222.42536875	223.28705625	227.67105	222.10299375	197.2252125	210.80955	208.02386875	240.2466625	248.81170625
ILMN_2625991	661.9242375	719.046825	805.97924375	601.04705625	1009.5939125	789.96631875	794.63866875	706.28880625	700.53440625	928.73256875	701.97584375	766.57840625	645.18645625	669.95110625	730.96755	812.9982
ILMN_2629591	427.12645	371.5558125	413.1436125	328.285625	396.6321	348.09076875	367.22568125	309.742025	317.6047375	426.13363125	266.54350625	387.2671875	357.10310625	262.94540625	307.1202375	445.80331875
ILMN_2687534	369.6460875	434.11775625	491.08171875	451.59918125	486.43069375	484.5622625	415.8145375	487.81764375	426.63545	418.11000625	439.20473125	421.78673125	376.43794375	420.2161375	445.23834375	526.3651125
ILMN_2718462	232.7016375	207.45166875	236.130475	218.7287625	251.62058125	246.22676875	233.4838625	231.05068125	227.67105	253.5756875	208.02386875	227.4998625	243.336	213.93013125	233.4838625	246.70936875
ILMN_2664522	545.7415125	490.5482625	541.213475	564.21346875	613.71071875	518.60681875	483.86240625	586.82305	535.7323125	613.71071875	480.16580625	531.53671875	428.86770625	453.55994375	540.56240625	471.9612875
ILMN_2643326	153.695975	150.2414625	151.8665125	185.59075	174.8182375	149.21289375	168.3561625	223.11305	194.44226875	167.6349875	161.43203125	156.49079375	161.68011875	180.922175	231.05068125	182.548525
ILMN_1232976	1593.675875	1786.308875	1790.375375	1793.433875	1880.222375	1859.51175	1675.8665625	1829.6575625	1829.6575625	1901.7284375	1436.6275	1933.3263125	1786.308875	1737.21975	1892.11275	1901.7284375
ILMN_3089931	140.97510625	129.55834375	122.11165625	124.6910875	130.59743125	125.88055625	139.64135625	124.27139375	115.9625425	141.10776875	109.123379375	158.3846375	144.14700625	120.403178125	136.61658125	121.24155375
ILMN_2593104	235.79373125	312.35949375	222.66893125	283.540325	204.0911625	265.969925	240.2466625	297.66561875	314.7001	238.7891375	344.83418125	279.0067375	306.74313125	289.026225	277.15685625	236.75499375
ILMN_1240702	7724.063375	6432.159625	6927.53375	5824.636	6997.7991875	6432.159625	6015.1349375	5920.0250625	6332.6618125	6791.54225	6059.90325	6716.896125	6520.82825	6432.159625	6578.41025	6997.7991875
ILMN_2714031	1231.54114375	1952.964125	1294.65333125	1183.2926625	1021.62443125	1009.5939125	2016.9168125	1011.060025	1101.2866	1009.5939125	1880.222375	1044.1645625	1290.79334375	1925.171375	1040.3397625	1223.86389375
ILMN_2704619	975.55876875	890.8846625	962.9292375	831.99635	999.8791	877.80959375	874.99784375	854.31285625	748.15424375	921.2737875	829.02494375	1009.5939125	874.99784375	805.97924375	799.0163375	903.982275
ILMN_2702016	181.135334375	186.01159375	198.537425	211.3284125	185.748925	185.0267625	199.67699375	194.98645	237.210825	155.98471875	213.04775625	211.3284125	185.59075	193.07526875	210.5832875	180.70965
ILMN_2629030	1035.2212625	847.2564125	1172.722225	1318.1725625	1191.72529375	1176.1765125	913.7848	1170.5943	1279.10915	1181.55914375	1012.87120625	955.69085625	972.734025	1135.64869375	1413.892925	1080.43248125
ILMN_3138674	207.23683125	227.120325	247.27466875	243.0280375	213.7162125	185.88055	197.3707125	198.73825	232.98231875	230.4721	240.04690625	225.11594375	164.3968125	183.0535	223.28705625	217.3990625
ILMN_1255236	871.928325	704.96834375	948.13583125	986.313625	747.19006875	823.80625	741.15223125	1217.59461875	803.50789375	833.42680625	677.79639375	814.58774375	648.30325625	845.59393125	841.8968125	933.34199375
ILMN_2665889	936.561775	965.92841875	968.52038125	1029.641025	1047.83524375	1006.592375	950.49096875	1035.2212625	1128.48683125	1049.03378125	946.97265625	923.3045875	1032.766675	878.55406875	980.6937	1065.40696875
ILMN_2593694	3546.5745	3757.6965625	4016.5993125	4680.85275	3712.4661875	3682.3524375	4224.2954375	4758.6421875	5100.66625	3757.6965625	4082.71825	3624.416875	3358.915875	3862.5035625	4774.159	5071.7954375
ILMN_1247490	566.12206875	502.513075	559.57819375	464.38098125	539.54431875	507.9213875	559.57819375	527.93001875	460.56375625	584.78806875	491.6045875	542.5852375	614.66899375	457.2691	452.3838625	669.95110625
ILMN_1237891	709.30966875	811.4076125	789.96631875	723.366875	673.8294125	807.2088	816.19315625	754.62749375	753.64794375	700.53440625	807.2088	713.79743125	932.24933125	768.13921875	684.55906875	691.70765625
ILMN_2698799	11173.0176875	10333.5746875	9249.246625	11173.0176875	8834.2650625	9753.672125	11938.2769375	11297.6646875	12776.28325	10210.935875	13731.0364375	10210.935875	11818.927875	12022.927	13731.0364375	11818.927875
ILMN_2985579	388.29455	396.6321	356.32760625	313.27270625	316.0292125	431.16281875	365.57460625	347.2855875	316.0292125	348.09076875	337.48220625	369.6460875	344.83418125	427.12645	330.25861875	314.3022625
ILMN_2688607	12022.927	13534.7125	10841.250625	12022.927	10060.255125	11230.1335625	13983.2231875	10724.79525	11173.0176875	11408.793	13172.297875	11173.0176875	11659.052625	12961.611375	10333.5746875	11408.793
ILMN_2596569	2553.0296875	2514.93025	1981.51975	1895.11975	2397.767	2608.4428125	2738.6715	1928.6761875	1825.6773125	1944.8068125	2063.82525	2105.115125	2369.0618125	1994.359875	1825.6773125	2143.6614375
ILMN_1244801	101.764814375	86.009410625	94.4450625	139.04955625	83.293571875	101.015840625	91.259150625	129.20803125	129.55834375	114.165755625	115.570525	117.7128925	99.30971125	103.16863125	131.3446625	93.19160625
ILMN_2704823	11408.793	11818.927875	13172.297875	11495.6474375	15066.27	11173.0176875	11495.6474375	12469.35875	11659.052625	13983.2231875	10724.79525	12022.927	10724.79525	11659.052625	12621.3100625	12776.28325
ILMN_3136205	141.5911125	148.575225	138.70476875	133.14736875	126.15359375	134.18521875	140.78546875	176.7156375	170.6414875	124.0164625	130.90685	122.11165625	116.08336	162.4788625	135.840375	155.98471875
ILMN_1234241	411.74715	444.5415	335.58544375	329.84598125	406.94613125	373.78556875	447.55898125	319.932875	441.35880625	405.7067375	541.213475	396.1385875	480.16580625	520.452825	365.182425	420.2161375
ILMN_3094506	1505.6170625	1501.8286875	1369.38539375	1700.66975	1279.10915	1526.519875	1539.848	1541.624625	1560.8211875	1382.81021875	1928.6761875	1532.028875	1695.865	1758.3530625	1773.0195	1481.7319375
ILMN_2660110	1453.836625	1695.865	1318.1725625	1413.892925	1348.860525	1581.35175	1616.891125	1395.78575	1443.8409375	1340.43134375	1700.66975	1638.406375	1799.4763125	1675.8665625	1672.5034375	1269.33360625
ILMN_2718861	638.36458125	653.84860625	678.67405625	741.15223125	591.56195625	620.669025	594.5953875	777.837775	749.09235	669.95110625	502.513075	610.8717375	640.49278125	592.42118125	701.97584375	687.17316875
ILMN_2762255	3007.439625	3508.3631875	3074.407375	3353.5210625	3546.5745	3260.6586875	3041.47075	3232.3765	3343.45	3556.7825	2864.5063125	3092.283875	3232.3765	2881.650875	3292.12425	3592.45975
ILMN_2593774	3808.8565	3572.0115	4925.7006875	4577.5029375	4758.6421875	3546.5745	3081.9745625	4293.4258125	5366.7633125	4048.0388125	5071.7954375	3883.6430625	3436.421625	6292.2961875	4964.116125	3901.5434375
ILMN_2706451	423.94420625	387.961875	483.0917625	437.71665625	453.55994375	442.89155	392.08263125	379.9415625	393.7152125	517.529525	392.65998125	410.47876875	390.72719375	378.12289375	389.59186875	382.0394125
ILMN_2711007	175.1317625	182.548525	223.62086875	262.67929375	201.62113125	191.45689375	188.93926875	215.6734625	226.2570875	189.473275	204.6013	189.890575	220.8166125	216.1693125	242.168325	177.32429375
ILMN_1218627	7591.974125	7287.4495625	7591.974125	7228.3994375	9598.34675	7037.2719375	7144.64825	7287.4495625	7984.2996875	7591.974125	6961.1408125	6666.436625	7287.4495625	7591.974125	7287.4495625	7724.063375
ILMN_2694687	991.49634375	970.23390625	733.7992	987.84588125	654.93716875	937.8576625	980.6937	1002.61314375	1151.43849375	724.54374375	1178.73895	978.4476	987.84588125	1301.79445	1237.64559375	1045.9207875
ILMN_2774049	167.7883625	177.977475	165.03119375	205.3047125	159.81698125	176.99835	161.81215625	240.04690625	217.59455	171.38676875	242.168325	163.2424375	180.922175	242.38879375	244.69550625	188.33473125
ILMN_2788984	8355.2378125	8729.9628125	9544.25021875	8907.919	9972.20525	8729.9628125	8492.1395	9169.2155	7630.668	9671.8816875	7037.2719375	7535.8325625	8285.4875	8420.7889375	8640.875375	8994.49525
ILMN_2719924	441.35880625	457.2691	393.157475	531.53671875	325.4101375	386.241725	423.94420625	483.0917625	526.3651125	414.16425625	583.84518125	439.64811875	506.4152125	478.98810625	536.63215625	382.43631875
ILMN_3128270	116.2029875	138.2094375	105.53290375	113.562564375	98.93877625	99.951273125	123.61475625	95.51638125	112.7672725	109.595425625	129.8790875	114.532839375	133.76694375	118.23729375	89.372376875	105.53290375
ILMN_2982736	1501.8286875	1351.2752375	1457.8441875	1541.624625	1529.5255625	1418.00461875	1348.860525	1529.5255625	1476.0480625	1495.75775	1298.1607625	1355.16958125	1478.5996875	1481.7319375	1418.00461875	1593.675875
ILMN_1245850	180.3295625	213.347025	232.463875	236.75499375	190.9587625	183.64101875	182.71784375	204.95320625	217.9913875	186.44199375	217.22279375	198.2266625	185.88055	182.548525	224.75283125	220.08603125
ILMN_2741117	2342.59925	3155.7905625	2388.401875	1812.93475	2618.0886875	2955.6293125	3436.421625	1925.171375	2082.9988125	1925.171375	3081.9745625	3199.676125	3114.975	2500.73225	2131.0719375	2297.81
ILMN_2601884	6997.7991875	5390.3065625	9346.0995	9346.0995	7332.76175	6520.82825	4270.5875	8212.2020625	8729.9628125	8640.875375	4436.122	6432.159625	5559.051625	4855.10025	8031.7658125	9249.246625
ILMN_1213231	1011.060025	1006.592375	1021.62443125	1094.47193125	1151.43849375	1044.1645625	1138.93230625	1144.45039375	1016.11661875	984.3163125	1183.2926625	906.973	1096.2395125	1197.1950625	1135.64869375	982.52008125
ILMN_2666297	495.60464375	470.87679375	522.02868125	520.452825	414.16425625	501.45809375	439.64811875	441.35880625	504.2750375	431.16281875	552.80308125	494.18310625	452.3838625	542.5852375	467.39164375	310.557075
ILMN_1254737	120.24917875	123.83503125	110.595898125	118.544265	119.956154375	128.5330625	126.30664375	102.37671125	112.4208325	121.580483125	104.51807625	125.1430625	124.34335625	134.2687625	104.19057375	127.62435625
ILMN_2714678	194.98645	175.28598125	178.81230625	148.7124	184.0525875	180.922175	175.98158125	173.1835875	175.692725	166.49685	172.70298125	182.71784375	165.4697625	190.76133125	155.98471875	171.22390625
ILMN_2724868	1880.222375	1796.3114375	1751.0855	1909.405	1601.894875	1928.6761875	1799.4763125	1761.7409375	1948.114	1786.308875	2037.840625	1964.982125	2125.5966875	2214.44325	2078.9265625	1613.5793125
ILMN_2631192	590.2830875	640.49278125	603.75543125	656.59380625	733.7992	782.2742875	695.1960625	761.0036625	765.3852875	687.17316875	614.66899375	502.513075	615.6507375	716.28623125	703.5802625	747.19006875
ILMN_1256564	640.49278125	585.82873125	554.6096625	590.2830875	579.95534375	631.9964875	753.64794375	526.3651125	488.60263125	625.94640625	467.39164375	648.30325625	651.440175	533.3672125	453.55994375	585.82873125
ILMN_2697433	5531.992	6059.90325	5791.554125	5592.9835	4514.3431875	5531.992	5885.3009375	5501.0839375	6059.90325	5366.7633125	6474.592	5859.1675625	6159.7626875	6251.9165625	5366.7633125	5720.023125
ILMN_2696360	413.6796125	445.80331875	457.2691	363.99298125	480.16580625	425.43803125	410.47876875	354.61660625	327.851675	444.5415	376.90229375	464.38098125	454.602775	314.7001	371.001275	427.12645
ILMN_1216614	1523.2851875	1461.678875	1613.5793125	1399.6960125	1914.436125	1515.7341875	1630.3749375	1440.767375	1429.7836125	1747.868375	1377.04380625	1635.846125	1621.1950625	1517.980125	1601.894875	1663.08725
ILMN_3103784	251.62058125	228.82529375	272.57405	348.09076875	264.523	218.7287625	221.24006875	296.50191875	301.5162	259.83235	280.32616875	262.67929375	241.2465625	230.4721	253.5756875	264.8414125
ILMN_1244835	556.3031625	754.62749375	522.96660625	693.96675625	453.05573125	605.86194375	647.28489375	703.5802625	721.06025	472.914975	782.2742875	637.1031	653.84860625	732.0853625	645.18645625	515.00791875
ILMN_2645780	157.9106125	114.5831625	155.127325	184.88224375	187.723625	176.31839375	116.82452	185.0267625	181.43729375	207.45166875	99.167053125	160.6173125	156.2078125	105.35851	155.68575625	327.20638125
ILMN_2724226	4855.10025	4774.159	5592.9835	5284.0041875	5762.73775	5284.0041875	4834.3839375	6059.90325	4995.627	5559.051625	4774.159	4995.627	4799.889	4735.2788125	5592.9835	6292.2961875
ILMN_2590771	132.4016625	181.43729375	145.1658125	142.3656125	130.97268125	131.43111875	260.1345875	179.673275	154.66928125	158.3846375	201.08705	147.8156375	157.56325625	173.04038125	132.53908125	157.693625
ILMN_1242769	934.93573125	1104.645125	873.73599375	1085.4797875	1014.6464	999.8791	921.2737875	1115.814175	1185.554375	1067.32936875	1082.09006875	1102.75900625	1047.83524375	1149.6691	1069.8680125	1058.70305625
ILMN_2713039	605.86194375	659.09488125	725.7171625	539.54431875	873.73599375	706.28880625	643.92078125	605.86194375	552.80308125	800.142025	435.13193125	586.82305	524.4077875	442.89155	551.0910625	730.96755
ILMN_2947031	422.1692375	427.12645	436.32871875	417.2681625	415.8145375	456.45375	411.74715	367.22568125	388.98266875	362.3423375	404.7403875	447.55898125	444.0608625	361.06348125	336.38178125	387.2671875
ILMN_2799596	293.459625	258.75729375	269.0900875	307.1202375	287.97133125	286.44878125	275.47909375	302.9173875	358.44570625	294.61255625	275.04995	320.69589375	287.97133125	246.43791875	326.28495625	250.930975
ILMN_3078052	117.515893125	128.162825	122.062223125	116.2029875	134.3977375	153.695975	97.583255	109.91764625	111.4405175	116.87479875	115.78272625	101.871035625	102.519305625	105.687775625	106.381176875	139.04955625
ILMN_2854117	188.50483125	173.04038125	159.69138125	137.35951875	153.038975	151.9914375	149.1243125	127.28783125	135.35369375	211.3284125	130.6918125	132.4609	148.7124	125.6313	139.04955625	154.42223125
ILMN_1254551	2201.56525	2313.56925	1884.99275	2003.673375	1675.8665625	2118.75825	2437.573625	2137.9463125	2131.0719375	2016.9168125	2214.44325	1832.8898125	2158.863875	1919.0003125	2047.0441875	1895.11975
ILMN_2756704	6961.1408125	6961.1408125	9169.2155	10443.30125	7724.063375	7287.4495625	6997.7991875	9972.20525	10443.30125	8420.7889375	7984.2996875	7884.927125	7073.02275	7184.1275	10574.6365	8834.2650625
ILMN_2673917	612.4552625	637.1031	812.9982	690.38670625	789.96631875	601.77260625	574.1261625	784.02243125	695.1960625	676.4500125	657.738425	639.4019375	569.9199	665.2559875	618.0341625	620.669025
ILMN_2684667	4995.627	5235.5604375	4410.4075	5432.2115	4995.627	5035.313	4819.3668125	5261.7406875	4834.3839375	4376.21475	5559.051625	4855.10025	5235.5604375	5691.950125	4799.889	4410.4075
ILMN_2670427	4224.2954375	4680.85275	4059.5295	4452.0114375	4667.497625	4206.7450625	5120.44175	4452.0114375	4239.0556875	4115.4703125	4363.454875	3853.270625	4239.0556875	4925.7006875	4436.122	3808.8565
ILMN_2599214	375.74753125	277.15685625	390.72719375	222.42536875	470.87679375	410.47876875	319.52645625	223.28705625	279.95749375	334.0526875	324.59301875	235.79373125	446.23766875	420.80611875	268.74179375	344.2023125
ILMN_1239808	415.8145375	426.13363125	486.43069375	476.99363125	445.23834375	473.52364375	426.63545	582.72373125	537.3564875	421.78673125	367.22568125	442.89155	412.55158125	433.41804375	516.35701875	508.66270625
ILMN_3123473	243.86538125	295.67068125	222.10299375	251.30326875	206.84325	277.7191375	282.30319375	264.8414125	286.81030625	257.1474375	311.953325	293.85094375	261.69506875	257.83005	310.20375625	293.459625
ILMN_1260593	361.62028125	391.4559875	316.35359375	336.38178125	370.48145625	358.44570625	344.2023125	307.59543125	349.2293625	290.89839375	340.65205625	343.51701875	417.2681625	355.19934375	300.51006875	325.79024375
ILMN_2624385	794.63866875	816.19315625	1016.11661875	887.3855875	1311.92510625	812.9982	821.9814125	829.02494375	849.21829375	973.91274375	865.75048125	697.11445625	807.2088	933.34199375	876.168925	785.55970625
ILMN_2772155	665.2559875	912.53776875	591.56195625	589.33045	577.3044	663.46655	1149.6691	697.11445625	729.4838	607.033175	1056.7428375	778.8566	814.58774375	766.57840625	667.346975	643.92078125
ILMN_1244836	1802.7274375	2052.1315	1848.017125	1499.0845625	1719.596	1793.433875	2364.6356875	1581.35175	1723.53475	1909.405	1952.964125	1606.403875	1616.891125	2118.75825	1651.4259375	1625.73425
ILMN_2747311	1275.825625	1096.2395125	1096.2395125	1149.6691	980.6937	1233.78420625	1159.0100875	1183.2926625	1217.59461875	1006.592375	1315.989225	1253.613975	1304.11341875	1272.7707375	1226.33259375	1146.39284375
ILMN_3104094	1065.40696875	1016.11661875	1136.7809625	1122.48299375	1126.81623125	1025.50926875	1082.09006875	1200.59594375	1083.9575	1213.3972125	1069.8680125	1016.11661875	1085.4797875	915.24975	1018.9702	1275.825625
ILMN_1244997	167.0412125	198.537425	162.80370625	192.86455	204.95320625	174.942675	191.45689375	208.02386875	213.347025	176.99835	157.9106125	149.3582875	172.353225	194.03785625	205.534625	240.2466625
ILMN_3160416	278.67450625	345.38940625	314.3022625	359.38050625	291.3637	301.5162	277.7191375	335.95439375	322.65033125	293.459625	310.557075	307.1202375	264.8414125	260.1345875	314.3022625	257.3934125
ILMN_2588055	2800.7055	3624.416875	2148.8818125	2916.3459375	4152.0380625	3853.270625	4642.1986875	3445.8880625	2975.30275	2916.3459375	3920.65875	1389.53755625	4315.6864375	3712.4661875	3556.7825	3199.676125
ILMN_2615628	510.5569375	549.89674375	826.7718875	764.2097375	603.75543125	695.1960625	586.82305	796.67608125	624.54245	536.63215625	530.13569375	588.53715	531.53671875	652.601775	675.1991125	711.26331875
ILMN_1253361	902.21253125	787.17976875	1037.15800625	807.2088	958.827475	892.5835875	831.99635	860.29973125	900.229325	944.894575	693.96675625	804.60284375	934.93573125	841.8968125	923.3045875	852.3978375
ILMN_2659063	136.24591875	131.66101875	119.3709175	172.23488125	97.29614	114.42555875	118.2936625	190.08255	183.9246375	132.7850125	182.85221875	159.56865625	129.95585625	184.88224375	184.0525875	107.86980625
ILMN_1258600	903.982275	1018.9702	854.31285625	829.02494375	724.54374375	910.37574375	965.92841875	819.3952875	847.2564125	844.16524375	910.37574375	1161.1970625	921.2737875	833.42680625	777.837775	808.3092375
ILMN_2749747	577.3044	591.56195625	580.68080625	515.00791875	637.1031	711.26331875	628.2296125	496.135925	482.1791625	633.27214375	540.56240625	684.55906875	631.9964875	457.93085	517.529525	633.27214375
ILMN_2847285	213.04775625	213.04775625	209.32098125	217.22279375	219.13505625	216.00235625	221.5099	197.96421875	195.13283125	195.2914625	209.103475	183.9246375	229.5596375	254.823675	169.214	202.5795125
ILMN_1259606	1836.85825	1610.26175	1505.6170625	1379.9554375	1355.16958125	1880.222375	1585.203875	1841.8780625	1786.308875	1269.33360625	2022.208	1723.53475	1581.35175	2264.731375	1621.1950625	1700.66975
ILMN_2826342	1085.4797875	1093.05636875	1298.1607625	1262.084325	1073.825075	1011.060025	1045.9207875	1140.3004	1178.73895	1220.88975625	1061.20106875	997.9165375	1109.27059375	1093.05636875	1073.825075	1159.0100875
ILMN_2643513	317.6047375	291.65074375	370.48145625	328.90161875	431.7225875	323.1156125	363.99298125	321.82924375	373.30499375	381.22103125	303.5227625	345.7649375	383.67525	332.17845625	320.36241875	417.2681625
ILMN_2601118	905.5100875	843.17844375	744.27988125	788.81949375	941.899225	871.928325	876.168925	741.15223125	814.58774375	890.8846625	823.80625	987.84588125	817.51023125	598.9458625	788.81949375	849.21829375
ILMN_1222760	499.01070625	446.23766875	501.45809375	342.9916375	517.529525	489.587425	468.86593125	347.6172625	353.62091875	457.93085	355.19934375	505.60308125	462.82	360.557825	368.19235625	483.0917625
ILMN_1212619	162.80370625	149.64721875	150.78871875	132.4609	127.3510375	158.1505875	133.2308125	119.074268125	116.08336	149.48900625	111.549485	142.66521875	143.9201875	114.532839375	128.8212375	138.0079125
ILMN_2768786	403.4728625	378.71825625	372.341475	327.20638125	435.13193125	359.99755625	392.65998125	318.36661875	357.68119375	398.8783375	421.34460625	344.2023125	372.341475	396.6321	338.47830625	384.946275
ILMN_2599719	3323.130125	3092.283875	3996.876	4602.2670625	3610.6621875	3186.193375	2998.837625	3920.65875	3699.664375	4253.6859375	3134.3626875	3712.4661875	3260.6586875	3104.4561875	4166.331375	3480.6066875
ILMN_2810443	345.7649375	365.182425	380.48959375	361.06348125	383.67525	379.33124375	346.35661875	356.66225625	387.2671875	379.33124375	286.44878125	356.32760625	350.2464875	348.55784375	357.68119375	372.341475
ILMN_1217060	719.046825	725.7171625	607.033175	598.9458625	506.4152125	613.71071875	745.71349375	647.28489375	672.2165125	639.4019375	712.6582	701.97584375	587.55103125	620.669025	587.55103125	639.4019375
ILMN_2728118	1515.7341875	1556.765375	1262.084325	1351.2752375	1017.5196	1569.421	1549.452	1096.2395125	1553.0540625	1188.904225	1535.9275625	1925.171375	1700.66975	1418.00461875	1272.7707375	1501.8286875
ILMN_2663920	898.38510625	934.93573125	723.366875	697.11445625	780.5475	884.5102875	912.53776875	707.6533625	664.2749	761.0036625	679.91124375	849.21829375	902.21253125	640.49278125	619.76544375	804.60284375
ILMN_1236869	6666.436625	7984.2996875	5885.3009375	5207.3271875	5824.636	6716.896125	7724.063375	6210.5699375	6159.7626875	6159.7626875	8492.1395	6753.8141875	7935.557625	8492.1395	6627.1081875	5691.950125
ILMN_1216883	618.0341625	629.7449375	556.3031625	491.08171875	551.6918875	629.7449375	676.4500125	507.9213875	495.60464375	615.6507375	667.346975	630.68256875	677.79639375	689.3837625	543.2651625	591.56195625
ILMN_1249171	140.78546875	113.69159375	127.46519375	145.03638125	132.30241875	159.4634125	116.13573125	168.80715	140.599075	150.78871875	140.1893	189.08605625	118.23729375	120.706985625	159.97255	196.7999
ILMN_2657031	175.98158125	175.1317625	162.04371875	159.4634125	127.28783125	180.588125	174.6676875	151.8665125	166.87675	186.2141625	189.890575	172.0150375	182.548525	182.10419375	181.7425875	180.01171875
ILMN_1237963	299.838875	322.15643125	298.53729375	265.969925	259.83235	312.35949375	314.7001	258.45333125	243.86538125	265.15980625	253.5756875	311.953325	325.01405625	268.257725	247.27466875	282.30319375
ILMN_1238094	651.440175	716.28623125	568.67436875	619.76544375	581.747025	652.601775	667.346975	542.5852375	677.79639375	512.05889375	687.17316875	700.53440625	545.7415125	761.0036625	610.22988125	492.318275
ILMN_1254016	267.6644625	282.30319375	308.440225	287.6191125	347.6172625	254.823675	257.3934125	244.12235625	258.75729375	289.026225	242.38879375	259.57115	254.823675	250.65075	308.03741875	302.0011375
ILMN_1227824	1859.51175	2223.8230625	1925.171375	2029.4189375	1781.5615	1716.46775	2201.56525	1851.1645625	1997.4680625	2078.9265625	2258.226875	1880.222375	1868.818125	2105.115125	1663.08725	1948.114
ILMN_2634108	294.1801625	319.296625	320.36241875	282.668375	384.34065	294.61255625	308.440225	268.74179375	302.0011375	336.38178125	300.83779375	263.91614375	327.851675	356.66225625	276.746625	320.36241875
ILMN_2990229	1157.0028125	1226.33259375	958.827475	1249.51303125	1208.95903125	1154.72575625	1253.613975	1163.75175	1259.73734375	1102.75900625	1208.95903125	1185.554375	1308.2683375	1323.73580625	1203.07131875	1167.6394625
ILMN_1246758	775.92039375	863.1886875	882.26715625	771.5237875	1006.592375	793.42196875	687.17316875	805.97924375	777.837775	934.93573125	774.922225	917.37219375	758.1567625	700.53440625	748.15424375	841.8968125
ILMN_2655015	6210.5699375	6791.54225	6666.436625	7884.927125	7411.148625	7332.76175	6520.82825	7037.2719375	7460.845875	6997.7991875	6843.291125	7332.76175	6716.896125	6627.1081875	7535.8325625	7504.3965
ILMN_1229643	246.90165	272.79385	336.38178125	346.84835	227.67105	262.67929375	262.67929375	338.969875	289.80645	341.61043125	293.459625	341.124375	258.45333125	265.15980625	323.41438125	358.44570625
ILMN_1248173	101.301193125	83.17754625	96.017360625	130.6918125	65.771414375	83.707559375	90.571675625	112.3777025	111.382021875	80.8911	123.83503125	107.189019375	93.062660625	99.167053125	125.88055625	75.67771625
ILMN_2613264	123.77083125	125.31658125	142.3656125	109.19637	134.66733125	145.45378125	106.579585	107.61843	110.486279375	136.4538875	129.7814125	141.26234375	134.32206875	118.39256	126.8687375	119.825093125
ILMN_1256528	122.245771875	114.37780875	147.05875	147.51644375	169.88470625	121.87844875	128.5330625	135.35369375	156.89665	172.70298125	123.0109875	133.56350625	120.005404375	120.6277775	162.286325	166.5747125
ILMN_2741446	154.2992875	151.49008125	150.11764375	177.13383125	131.3446625	167.0412125	135.840375	140.504525	155.81645625	124.76700625	175.49864375	169.214	166.325525	181.58448125	142.66521875	140.504525
ILMN_3147135	7332.76175	6843.291125	8420.7889375	8031.7658125	9753.672125	7228.3994375	7184.1275	8355.2378125	7935.557625	7884.927125	7790.514875	6096.572375	7535.8325625	7144.64825	7332.76175	8212.2020625
ILMN_1225615	386.81351875	410.47876875	331.1162875	387.961875	321.4583	405.04731875	406.25033125	387.2671875	415.8145375	381.63321875	490.5482625	379.9415625	382.95286875	494.18310625	479.6173875	374.27375
ILMN_3136355	227.67105	248.3792375	262.94540625	269.0900875	237.7202375	216.40799375	287.97133125	289.4902375	273.60645	241.5009	269.9254375	210.80955	253.16974375	211.808925	268.257725	260.4962375
ILMN_2610861	275.47909375	265.53608125	321.82924375	242.69094375	317.6047375	281.8167875	256.2845125	232.7016375	228.051775	272.57405	235.79373125	231.4094625	244.12235625	257.63335	250.930975	243.0280375
ILMN_1249522	1009.5939125	910.37574375	915.24975	880.3431	1089.18391875	838.49383125	772.78075625	801.81858125	799.0163375	873.73599375	873.73599375	821.9814125	912.53776875	695.1960625	715.03693125	868.936125
ILMN_3146196	2183.460125	2657.9415625	1978.2611875	1959.502625	1959.502625	2510.9436875	2963.303625	2238.6796875	2250.7824375	1790.375375	3166.4545	2698.729	2608.4428125	2827.8411875	2243.769375	1855.0858125
ILMN_2751247	284.88960625	310.20375625	257.63335	241.90995	319.52645625	272.57405	332.17845625	236.75499375	271.0086	371.5558125	290.319825	276.12820625	373.78556875	278.2667625	252.8984	350.950725
ILMN_2697766	301.5162	354.05960625	304.96008125	319.296625	293.85094375	279.95749375	310.20375625	389.59186875	369.0737	318.36661875	397.36328125	257.1474375	284.88960625	394.9682625	421.34460625	289.80645
ILMN_2911454	383.67525	340.65205625	344.83418125	376.43794375	353.62091875	336.38178125	389.97513125	451.59918125	374.27375	342.5941	391.4559875	321.4583	393.7152125	484.5622625	453.05573125	344.83418125
ILMN_2609182	140.599075	128.5330625	157.9106125	151.39938125	155.0321	130.79925	130.19934375	130.90685	153.9696625	155.0321	131.80700625	111.496716875	106.579585	107.5184425	151.1479625	144.9504375
ILMN_2687062	406.94613125	442.1013375	357.10310625	356.66225625	387.2671875	364.36604375	458.6657375	393.157475	430.63421875	392.08263125	414.83418125	320.96831875	431.16281875	439.64811875	421.78673125	386.241725
ILMN_2971131	4490.201	4514.3431875	4315.6864375	5531.992	4344.53675	4327.9955625	4239.0556875	5235.5604375	5762.73775	4799.889	5120.44175	4376.21475	4834.3839375	4902.6641875	5531.992	4376.21475
ILMN_3057482	576.2538625	569.2850875	464.38098125	709.30966875	491.6045875	623.59819375	481.47731875	623.59819375	704.96834375	534.31181875	709.30966875	589.33045	576.2538625	794.63866875	689.3837625	469.40995625
ILMN_2607297	276.746625	276.746625	287.144725	308.440225	271.34849375	247.27466875	296.03155	305.29793125	295.17453125	277.7191375	289.4902375	311.04498125	259.57115	327.20638125	284.88960625	296.50191875
ILMN_2747677	1292.25568125	1172.722225	1054.36065625	1281.5076125	1154.72575625	1213.3972125	1265.42595625	1188.904225	1265.42595625	1119.3327375	1294.65333125	1226.33259375	1200.59594375	1410.221575	1215.46968125	1111.68751875
ILMN_2606015	533.3672125	545.7415125	541.8511625	605.86194375	709.30966875	569.2850875	512.05889375	587.55103125	515.00791875	591.56195625	411.74715	432.68891875	525.57068125	418.11000625	517.00189375	605.86194375
ILMN_2714874	574.1261625	549.2649875	549.2649875	473.52364375	520.452825	584.78806875	585.82873125	476.1185375	437.71665625	509.714725	525.57068125	515.71900625	554.6096625	496.135925	483.0917625	476.1185375
ILMN_1256281	182.85221875	179.79511875	171.64175	167.33055625	164.19486875	179.20448125	170.04654375	165.954875	184.0525875	154.66928125	174.1205625	171.22390625	169.88470625	164.3968125	147.05875	151.1479625
ILMN_1241910	480.16580625	482.1791625	567.0161125	541.213475	457.93085	516.35701875	475.084675	652.601775	471.9612875	448.8247125	369.6460875	555.743425	363.99298125	496.93676875	541.213475	522.02868125
ILMN_2511806	228.82529375	193.7898875	186.44199375	203.0263	170.387425	209.103475	214.87245625	187.9385375	204.95320625	179.44441875	240.2466625	217.9913875	217.59455	226.39001875	182.548525	191.1588375
ILMN_2649502	1599.0994375	1616.891125	1616.891125	1680.0055	1359.73494375	1745.095625	1423.25485	1944.8068125	1933.3263125	1560.8211875	1481.7319375	1892.11275	1464.879	1405.39675625	1796.3114375	2016.9168125
ILMN_1234425	13731.0364375	13731.0364375	13534.7125	14760.245625	14190.341875	13731.0364375	15066.27	14431.91	15312.959375	14190.341875	15649.82375	13731.0364375	13172.297875	15066.27	14760.245625	14190.341875
ILMN_2757916	1265.42595625	1191.72529375	1491.8528125	1577.917625	1410.221575	1315.989225	1165.2661875	1357.73449375	1176.1765125	1247.6153875	1281.5076125	1413.892925	1133.0493375	1157.0028125	1379.9554375	1244.2882125
ILMN_2944413	1369.38539375	1385.99768125	1808.6184375	1723.53475	1574.8205625	1294.65333125	1298.1607625	1549.452	1606.403875	1574.8205625	1563.394625	1399.6960125	1231.54114375	1549.452	1635.846125	1423.25485
ILMN_1224692	157.693625	138.39070625	139.53805	158.53173125	149.48900625	173.4603	170.86271875	181.58448125	167.33055625	149.02734375	148.42471875	115.9625425	141.49523125	160.23875	162.934825	152.69155
ILMN_2704822	14431.91	14760.245625	17009.528125	14431.91	17526.455625	13983.2231875	15811.34625	15312.959375	14431.91	17526.455625	13534.7125	13983.2231875	12621.3100625	14431.91	14190.341875	15649.82375
ILMN_1239860	2601.580625	2183.460125	2601.580625	2792.5048125	2453.9903125	2305.095875	2369.0618125	2800.7055	3007.439625	1994.359875	2698.729	2553.0296875	2320.2016875	2809.6363125	2985.4025	2758.6666875
ILMN_2705533	122.062223125	112.075176875	125.5333625	121.12578875	122.41531875	140.39288125	118.982745625	113.89941625	105.28630125	119.43970125	112.21845	129.55834375	153.46726875	114.807048125	104.388986875	99.132629375
ILMN_1238679	1211.26603125	1167.6394625	1052.4328875	1089.18391875	1635.846125	1220.88975625	1075.377725	1025.50926875	1035.2212625	1262.084325	948.13583125	1159.0100875	1255.287775	1094.47193125	1065.40696875	1255.287775
ILMN_2739295	1491.8528125	1751.0855	1443.8409375	1369.38539375	1385.99768125	1510.2215	1526.519875	1443.8409375	1385.99768125	1478.5996875	1539.848	1526.519875	1501.8286875	1416.0072125	1478.5996875	1499.0845625
ILMN_3112856	146.57059375	132.10626875	136.3262875	135.92853125	146.249475	150.99335625	135.1378125	131.3446625	122.41531875	149.99069375	147.32380625	141.5911125	156.7400875	144.61973125	127.3510375	147.8156375
ILMN_2698115	481.47731875	455.44276875	469.40995625	453.55994375	427.12645	434.11775625	453.55994375	390.72719375	386.241725	415.8145375	406.94613125	489.587425	470.87679375	459.588925	394.19975	487.81764375
ILMN_2928320	1873.4655625	1758.3530625	1880.222375	1684.229	1733.5576875	1905.974125	1680.0055	1654.4488125	1610.26175	1767.103375	1684.229	1981.51975	1773.0195	1747.868375	1753.9889375	1817.268875
ILMN_1234223	142.48908125	174.8182375	146.249475	176.99835	137.74104375	177.502625	152.7839	185.59075	188.0836	144.14700625	181.98435	152.69155	166.49685	157.216325	162.04371875	162.17669375
ILMN_2888766	5071.7954375	4799.889	4293.4258125	4363.454875	4082.71825	4925.7006875	4964.116125	4490.201	5531.992	4436.122	5432.2115	4880.49925	4602.2670625	5188.1588125	4530.4624375	4680.85275
ILMN_1257110	244.98325	221.015275	251.9778875	258.45333125	307.59543125	256.2845125	257.63335	295.67068125	294.1801625	314.987925	200.1958	266.98208125	287.144725	202.5795125	299.838875	337.48220625
ILMN_2767615	13983.2231875	12195.6165625	10060.255125	9972.20525	10574.6365	11408.793	13731.0364375	9753.672125	10127.8905625	10724.79525	11173.0176875	12469.35875	12469.35875	11495.6474375	9890.1793125	11297.6646875
ILMN_1235179	559.57819375	540.56240625	710.4593125	712.6582	595.21409375	560.8079	547.767775	613.71071875	706.28880625	545.7415125	535.7323125	583.84518125	577.3044	600.22399375	754.62749375	596.8079375
ILMN_1254653	450.09990625	286.81030625	438.60243125	463.44099375	409.2603125	387.961875	286.44878125	464.38098125	382.43631875	460.98259375	264.523	405.7067375	387.2671875	253.5756875	431.16281875	514.343425
ILMN_2694074	1512.9835625	1488.5588125	1621.1950625	1657.091625	1691.932625	1532.028875	1420.65530625	1613.5793125	1651.4259375	1616.891125	1571.518	1485.9148125	1440.767375	1488.5588125	1491.8528125	1544.4166875
ILMN_2650475	131.27735	119.23269	141.49523125	127.1895375	156.38801875	143.07578125	124.34335625	120.24917875	148.93023125	168.3561625	118.544265	147.05875	122.83345	124.27139375	132.896825	141.26234375
ILMN_3008733	1485.9148125	1265.42595625	1512.9835625	1429.7836125	1488.5588125	1355.16958125	1231.54114375	1470.9896875	1485.9148125	1499.0845625	1244.2882125	1491.8528125	1259.73734375	1420.65530625	1523.2851875	1429.7836125
ILMN_2675874	1379.9554375	1220.88975625	987.84588125	1142.3346125	1185.554375	1817.268875	1413.892925	936.561775	1402.53706875	1071.30986875	886.00486875	1453.836625	1009.5939125	1071.30986875	871.928325	1240.6907125
ILMN_3163134	465.7442	477.51089375	507.30178125	533.3672125	413.6796125	461.81859375	429.66280625	513.72638125	522.96660625	492.8494125	455.44276875	378.12289375	406.25033125	448.8247125	492.8494125	531.53671875
ILMN_2740494	692.932175	631.9964875	625.94640625	663.46655	745.71349375	669.95110625	661.9242375	643.92078125	663.46655	736.02556875	630.68256875	698.881425	700.53440625	513.18336875	678.67405625	820.2931
ILMN_1238309	4559.2555625	4206.7450625	5720.023125	6383.8138125	4602.2670625	4514.3431875	4464.1320625	5859.1675625	6666.436625	4925.7006875	4758.6421875	3699.664375	4100.9669375	5559.051625	6843.291125	4514.3431875
ILMN_2764865	3796.041	3480.6066875	3358.915875	3343.45	3672.7575	3757.6965625	3770.3874375	3155.7905625	2781.58875	3343.45	3367.8920625	3114.975	3367.8920625	3384.2715625	3064.3103125	3114.975
ILMN_3086201	339.5567875	276.12820625	287.6191125	356.32760625	279.0067375	320.36241875	302.0011375	328.90161875	354.05960625	318.857075	445.23834375	404.7403875	300.13343125	414.16425625	410.47876875	272.79385
ILMN_1228610	126.430475	119.687909375	176.12585	128.44940625	150.8607	145.79421875	129.71258125	136.89603125	137.88758125	188.50483125	123.67819375	110.363198125	135.2270875	149.21289375	133.9557875	163.2424375
ILMN_1233759	820.2931	805.97924375	745.71349375	623.59819375	723.366875	960.96005	766.57840625	673.8294125	651.440175	707.6533625	678.67405625	754.62749375	791.96815625	622.424775	622.424775	733.7992
ILMN_2765304	182.10419375	138.70476875	128.020125	142.58573125	140.8878375	157.9106125	149.02734375	129.55834375	125.7289875	149.79191875	128.63870625	132.10626875	149.79191875	130.79925	117.162448125	137.59983125
ILMN_1222794	1205.7586875	1115.814175	1215.46968125	1461.678875	1133.0493375	1157.0028125	1237.64559375	1467.699125	1413.892925	1208.95903125	1205.7586875	1172.722225	1226.33259375	1115.814175	1323.73580625	1304.11341875
ILMN_1245673	5501.0839375	5035.313	4464.1320625	5017.492875	4577.5029375	5120.44175	5207.3271875	4902.6641875	4735.2788125	4680.85275	6096.572375	5159.29925	5630.295	5390.3065625	4642.1986875	4855.10025
ILMN_2623591	3534.9343125	3323.130125	2747.872	3125.4125	2985.4025	3155.7905625	3583.1270625	2631.082625	2770.389	2698.729	3641.0309375	3292.12425	3463.9809375	4315.6864375	2975.30275	2250.7824375
ILMN_2680237	126.2334375	128.44940625	123.0109875	114.165755625	147.32380625	143.20033125	151.49008125	107.189019375	110.057823125	108.84136875	124.61303125	138.70476875	128.5330625	125.5333625	126.0942125	118.39256
ILMN_2737463	96.820976875	124.97909375	129.71258125	133.31306875	109.031705	106.525805625	117.94880375	126.30664375	138.10944375	117.94880375	135.840375	137.2026125	119.900904375	87.270618125	127.2450625	145.674675
ILMN_2774456	9972.20525	9753.672125	9413.28375	9671.8816875	9890.1793125	10333.5746875	9890.1793125	8492.1395	8834.2650625	9346.0995	9490.1536875	9490.1536875	9753.672125	9490.1536875	8907.919	10060.255125
ILMN_2880540	133.379225	146.35961875	144.53268125	138.39070625	138.39070625	131.15114375	118.85425125	112.50059875	127.62435625	145.1658125	125.0597375	156.99936875	112.680161875	123.61475625	115.906464375	136.3262875
ILMN_1219656	3508.3631875	3770.3874375	3422.046375	4082.71825	4048.0388125	3699.664375	4183.4475625	3808.8565	4036.32475	3658.924875	4048.0388125	3770.3874375	3808.8565	3834.3006875	4115.4703125	3853.270625
ILMN_3159275	165.03119375	190.08255	194.03785625	275.04995	210.16245625	175.98158125	185.59075	257.63335	285.20514375	209.32098125	299.838875	184.49761875	227.120325	231.99835625	300.13343125	160.48074375
ILMN_1232530	5720.023125	5762.73775	5501.0839375	4834.3839375	5592.9835	5501.0839375	5592.9835	4799.889	4855.10025	5920.0250625	5592.9835	5366.7633125	5885.3009375	5017.492875	4479.1653125	6096.572375
ILMN_2702444	189.08605625	204.81031875	189.08605625	221.5099	151.39938125	185.43579375	179.44441875	193.7898875	228.82529375	189.73489375	192.86455	181.23368125	181.98435	199.67699375	188.0836	144.61973125
ILMN_2762944	2657.9415625	3186.193375	2582.3805	3641.0309375	2689.4941875	2864.5063125	2809.6363125	4855.10025	4544.1546875	2553.0296875	3125.4125	2689.4941875	3343.45	3367.8920625	3422.046375	3496.7734375
ILMN_3161790	90.554965	102.8892825	110.746616875	111.916439375	107.0372	118.544265	93.01569	142.76286875	147.51644375	112.5711125	114.250825	102.8892825	104.82532	96.667564375	112.724624375	125.7289875
ILMN_2631610	209.6493125	211.3284125	296.03155	249.460775	299.838875	236.75499375	225.56696875	230.4721	205.81603125	262.94540625	212.2325375	203.7438375	217.22279375	158.3846375	213.347025	251.30326875
ILMN_2605417	1420.65530625	1416.0072125	1563.394625	1638.406375	1369.38539375	1262.084325	1290.79334375	1651.4259375	1517.980125	1488.5588125	1478.5996875	1541.624625	1265.42595625	1377.04380625	1488.5588125	1436.6275
ILMN_1216168	110.410105	191.1588375	147.21659375	111.7973125	108.6479925	148.93023125	188.0836	149.3582875	139.53805	117.863168125	140.2900875	184.88224375	184.75475625	150.64725625	140.1893	144.260675
ILMN_1241151	7037.2719375	7724.063375	7790.514875	9169.2155	6927.53375	6753.8141875	8098.043625	8729.9628125	10333.5746875	7411.148625	8907.919	5920.0250625	6997.7991875	7790.514875	9753.672125	9890.1793125
ILMN_3112837	404.7403875	412.55158125	348.09076875	316.35359375	515.00791875	385.60209375	403.4728625	288.4541	333.03789375	368.69168125	313.27270625	446.23766875	387.961875	356.32760625	328.285625	382.95286875
ILMN_1260020	384.946275	353.06145	304.13445625	427.6186125	290.319825	335.95439375	334.0526875	433.41804375	395.5918375	356.66225625	431.16281875	368.19235625	354.61660625	389.59186875	413.6796125	357.68119375
ILMN_2671878	230.76646875	202.26374375	217.9913875	196.029325	204.81031875	235.79373125	200.56650625	170.04654375	183.40340625	213.93013125	196.029325	229.5596375	183.64101875	179.44441875	217.3990625	210.16245625
ILMN_2663348	104.433021875	102.94	117.7128925	106.897774375	110.595898125	101.077636875	94.53771375	127.80019375	119.43970125	94.47453875	119.074268125	110.701926875	80.130140625	111.7404775	128.92178125	93.906775625
ILMN_1218311	5691.950125	5316.6859375	5366.7633125	4396.7099375	5017.492875	5432.2115	5559.051625	4706.18725	4530.4624375	5501.0839375	4902.6641875	6159.7626875	5531.992	4479.1653125	4667.497625	5458.565
ILMN_2667805	6059.90325	6578.41025	7411.148625	6432.159625	7504.3965	6474.592	6753.8141875	6791.54225	6383.8138125	6210.5699375	6159.7626875	5261.7406875	6251.9165625	6383.8138125	6383.8138125	6627.1081875
ILMN_2599412	1151.43849375	1240.6907125	1151.43849375	1355.16958125	1399.6960125	1351.2752375	1318.1725625	1638.406375	1213.3972125	1244.2882125	1151.43849375	1275.825625	1355.16958125	1006.592375	1355.16958125	1599.0994375
ILMN_1239181	291.3637	320.96831875	241.5009	237.210825	221.5099	302.0011375	249.19909375	226.68588125	203.16753125	191.8118125	327.20638125	382.95286875	303.2110375	289.4902375	206.018925	229.5596375
ILMN_2655929	278.2667625	379.33124375	261.23531875	230.76646875	236.61770625	286.13239375	373.78556875	204.4481	216.40799375	318.03841875	376.43794375	250.930975	327.20638125	237.7202375	293.02445625	292.0348375
ILMN_1232821	483.86240625	478.98810625	465.2150125	497.8212875	496.135925	450.87916875	445.80331875	460.98259375	616.95135	563.63728125	512.05889375	469.40995625	439.64811875	527.07400625	519.32630625	581.747025
ILMN_1236049	1747.868375	1651.4259375	1478.5996875	1470.9896875	1648.387625	1663.08725	1574.8205625	1521.487125	1625.73425	1613.5793125	1613.5793125	1684.229	1767.103375	1663.08725	1529.5255625	1642.0229375
ILMN_2709179	298.077875	317.0260375	249.19909375	207.45166875	257.3934125	263.91614375	351.55851875	250.2519625	260.1345875	221.7632625	354.61660625	248.03146875	282.30319375	354.61660625	241.5009	238.31953125
ILMN_3024416	124.34335625	112.450651875	130.0340125	142.9232375	121.17253375	119.956154375	118.39256	125.7289875	112.147399375	114.872921875	135.92853125	111.382021875	112.266955	106.85326625	134.78813125	134.3977375
ILMN_3107690	451.59918125	435.13193125	458.6657375	441.35880625	483.86240625	406.94613125	440.4020125	437.71665625	509.714725	478.21235625	366.3423875	392.65998125	459.588925	393.7152125	444.5415	467.39164375
ILMN_2745841	390.72719375	400.818975	440.4020125	418.11000625	427.6186125	384.946275	401.56864375	487.0973125	425.43803125	425.43803125	375.74753125	413.6796125	402.7885	384.946275	460.56375625	428.2162625
ILMN_1233481	4396.7099375	4344.53675	4964.116125	4902.6641875	5120.44175	4530.4624375	4479.1653125	5120.44175	4706.18725	4706.18725	4819.3668125	4514.3431875	4270.5875	4834.3839375	5159.29925	4834.3839375
ILMN_1234738	155.127325	120.324115625	114.30433375	122.195053125	127.72565625	120.079114375	122.83345	124.55214375	109.87727375	131.0427625	110.222861875	127.28783125	133.31306875	126.03825625	108.362078125	131.43111875
ILMN_1254253	1560.8211875	1453.836625	1625.73425	1395.78575	1495.75775	1599.0994375	1363.2152	1601.894875	1505.6170625	1521.487125	1429.7836125	1443.8409375	1549.452	1433.597	1399.6960125	1523.2851875
ILMN_1220446	410.47876875	627.058775	490.5482625	487.0973125	478.21235625	463.44099375	742.81638125	435.13193125	492.318275	522.96660625	745.71349375	480.9888125	522.96660625	563.63728125	442.89155	441.35880625
ILMN_1232146	965.92841875	978.4476	794.63866875	993.2954125	894.35590625	993.2954125	857.74695625	1086.60641875	999.8791	845.59393125	1086.60641875	1075.377725	1014.6464	1052.4328875	1032.766675	890.8846625
ILMN_2591651	569.2850875	645.18645625	533.3672125	501.45809375	576.2538625	657.738425	605.86194375	492.8494125	576.2538625	506.4152125	697.11445625	666.30194375	636.204775	750.79295	506.4152125	494.73205
ILMN_2718350	119.319458125	122.6171375	139.15418125	130.45783125	151.58565625	123.372175	121.735439375	128.162825	132.9463	138.10944375	99.279328125	134.18521875	117.65351375	132.30241875	131.15114375	135.1378125
ILMN_3070533	501.45809375	537.3564875	520.452825	585.82873125	527.93001875	514.343425	541.8511625	501.45809375	531.53671875	525.57068125	555.743425	460.98259375	505.60308125	595.21409375	538.40756875	478.98810625
ILMN_1245795	1700.66975	1546.757625	1654.4488125	1644.4888125	1328.9357	1668.6805625	1695.865	1501.8286875	1470.9896875	1420.65530625	1553.0540625	1440.767375	1601.894875	1719.596	1544.4166875	1467.699125
ILMN_1226712	260.86174375	268.74179375	241.90995	186.44199375	275.47909375	263.31391875	269.31935625	189.73489375	193.7898875	268.74179375	192.34130625	233.70659375	279.95749375	166.87675	202.7771	254.36886875
ILMN_2681592	5366.7633125	5366.7633125	4902.6641875	4514.3431875	4855.10025	5458.565	5390.3065625	4270.5875	4577.5029375	4735.2788125	5017.492875	5531.992	5920.0250625	4819.3668125	4514.3431875	4799.889
ILMN_2696066	115.70334	90.381455625	106.191794375	109.63701875	126.96625625	119.900904375	125.21433125	95.95883	108.418080625	107.661280625	117.11431625	130.45783125	124.50436875	100.364430625	104.433021875	121.12578875
ILMN_1257675	271.34849375	211.57503125	286.44878125	335.58544375	326.82395625	304.96008125	311.60259375	363.99298125	372.73630625	327.851675	284.07173125	219.13505625	270.48401875	381.22103125	374.74366875	355.19934375
ILMN_2734368	134.66733125	144.7298375	110.057823125	127.8719875	110.410105	116.021529375	123.67819375	130.4140875	111.61705875	112.450651875	143.37633125	108.11154125	97.741526875	127.3510375	116.704525625	135.71329375
ILMN_3121687	1018.9702	1161.1970625	800.142025	1104.645125	1065.40696875	1017.5196	1323.73580625	1058.70305625	854.31285625	926.7802875	1200.59594375	715.03693125	1211.26603125	1284.59764375	1142.3346125	999.8791
ILMN_2693895	20157.430625	19803.4675	16150.026875	11818.927875	12621.3100625	14760.245625	24643.0425	10060.255125	14760.245625	22662.46875	21883.9125	17990.79625	22662.46875	15312.959375	17990.79625	18866.55375
ILMN_1258206	191.45689375	182.10419375	208.02386875	237.7202375	178.5243375	216.1693125	184.75475625	256.726675	262.67929375	203.529425	237.210825	194.2015	193.3669875	188.33473125	234.5153	212.56733125
ILMN_1224014	1109.27059375	1144.45039375	1135.64869375	1146.39284375	1077.30364375	868.936125	1191.72529375	1016.11661875	1544.4166875	1544.4166875	1284.59764375	889.0091875	1163.75175	1459.97975	1389.53755625	1416.0072125
ILMN_2670352	544.86930625	448.8247125	656.59380625	535.7323125	579.1233125	493.5442	520.452825	598.9458625	660.82371875	556.3031625	495.60464375	640.49278125	513.18336875	526.3651125	590.2830875	533.3672125
ILMN_2776485	250.930975	252.8984	302.9173875	273.0291875	317.0260375	276.746625	222.66893125	251.62058125	254.10841875	255.71478125	184.27898125	249.460775	251.62058125	207.70706875	265.969925	263.91614375
ILMN_2604835	320.36241875	324.59301875	282.30319375	312.7451875	290.89839375	314.3022625	338.47830625	286.44878125	287.97133125	263.5487875	320.69589375	318.03841875	291.65074375	293.459625	286.44878125	322.65033125
ILMN_3141499	216.1693125	221.7632625	223.72760625	248.81170625	217.3990625	259.83235	265.15980625	289.026225	283.540325	218.88428125	276.421125	185.25490625	213.04775625	263.91614375	266.54350625	212.2325375
ILMN_2738825	16150.026875	12621.3100625	6096.572375	4115.4703125	6159.7626875	22662.46875	9249.246625	3641.0309375	5316.6859375	6059.90325	10841.250625	22662.46875	14431.91	6927.53375	5188.1588125	7110.6441875
ILMN_3072676	609.015525	423.94420625	637.1031	645.18645625	544.86930625	624.54245	391.4559875	679.91124375	638.36458125	621.29355	481.47731875	690.38670625	601.04705625	429.66280625	642.53469375	612.4552625
ILMN_3160568	471.9612875	483.0917625	378.12289375	378.12289375	402.26533125	420.80611875	491.08171875	316.0292125	315.527125	387.2671875	470.87679375	445.23834375	497.8212875	499.01070625	348.55784375	363.99298125
ILMN_2735080	348.55784375	330.6628875	322.65033125	277.15685625	329.84598125	284.88960625	330.25861875	302.4367625	292.4938	310.557075	318.36661875	326.28495625	335.58544375	311.60259375	274.6481375	330.6628875
ILMN_2759563	343.51701875	318.857075	462.82	318.36661875	524.4077875	376.43794375	329.84598125	322.65033125	474.47324375	435.835025	326.28495625	411.74715	365.182425	366.8749875	375.74753125	361.06348125
ILMN_1252016	108.06792375	115.9625425	108.362078125	117.03301125	120.079114375	102.469699375	96.087496875	110.701926875	126.8687375	125.9750625	109.37994875	98.83545875	104.112280625	90.30326	115.662123125	134.02999375
ILMN_2734290	3248.2679375	3307.411375	3728.71325	3862.5035625	3155.7905625	2975.30275	2968.9675625	3583.1270625	3901.5434375	3031.3415	3436.421625	3323.130125	2647.8840625	3526.0949375	3808.8565	3248.2679375
ILMN_2617468	774.922225	544.86930625	960.96005	999.8791	964.61938125	1028.2021375	438.60243125	1161.1970625	1197.1950625	774.922225	643.92078125	999.8791	1157.0028125	758.1567625	1144.45039375	595.21409375
ILMN_2719473	118.084984375	131.57471875	117.162448125	122.245771875	146.47023125	122.6171375	148.42471875	115.143828125	104.248475625	110.701926875	136.61658125	116.2029875	150.34926875	114.0558675	100.59616	126.2334375
ILMN_2627774	121.17253375	118.15266125	108.689604375	107.5184425	115.143828125	128.020125	130.97268125	119.609384375	110.187594375	121.653625	132.698425	115.45249	131.66101875	124.14365	129.71258125	118.23729375
ILMN_1245678	170.86271875	152.90356875	164.3968125	162.286325	159.17185	179.44441875	173.90828125	127.8719875	179.20448125	185.0267625	138.10944375	183.40340625	163.10266875	142.76286875	141.49523125	172.5337625
ILMN_1250816	4619.5934375	4152.0380625	4855.10025	4544.1546875	5859.1675625	4667.497625	4514.3431875	4735.2788125	4344.53675	4995.627	4344.53675	4206.7450625	4410.4075	4544.1546875	4490.201	5035.313
ILMN_2835012	1021.62443125	1004.4496375	870.534625	910.37574375	939.87478125	946.97265625	1017.5196	944.894575	980.6937	939.87478125	989.70889375	1006.592375	1135.64869375	1174.17459375	1009.5939125	936.561775
ILMN_3070951	597.95865625	574.1261625	667.346975	461.81859375	631.9964875	605.16504375	582.72373125	470.87679375	478.98810625	747.19006875	407.82223125	636.204775	610.22988125	453.05573125	478.21235625	647.28489375
ILMN_2715601	2747.872	2613.0956875	2641.6040625	1974.2203125	2890.73225	2770.389	2792.5048125	1745.095625	2148.8818125	2890.73225	2432.0701875	2816.5711875	2781.58875	2369.0618125	2082.9988125	2939.1021875
ILMN_2681601	147.8156375	146.249475	152.22359375	195.13283125	147.93004375	151.58565625	153.46726875	208.4504625	191.8118125	171.22390625	171.64175	212.036425	132.896825	188.0836	203.529425	127.3510375
ILMN_1219682	378.12289375	320.36241875	345.38940625	631.9964875	302.4367625	353.62091875	285.79318125	517.00189375	528.659375	354.61660625	378.12289375	365.57460625	386.241725	335.58544375	564.21346875	394.19975
ILMN_2709456	887.3855875	919.02419375	871.928325	913.7848	889.0091875	867.3996875	976.8693625	952.8408625	1044.1645625	849.21829375	1071.30986875	894.35590625	955.69085625	1154.72575625	1002.61314375	902.21253125
ILMN_2645526	341.61043125	349.856425	460.56375625	397.36328125	412.55158125	387.2671875	342.17348125	363.591075	389.97513125	370.48145625	379.9415625	378.71825625	379.33124375	338.47830625	318.857075	384.34065
ILMN_1226653	175.49864375	194.98645	174.942675	185.43579375	189.73489375	180.70965	224.75283125	218.88428125	193.88205	195.13283125	247.27466875	183.64101875	205.07035	222.42536875	195.500075	197.56828125
ILMN_2695217	1194.77774375	1157.0028125	1247.6153875	1412.31079375	1161.1970625	1144.45039375	1012.87120625	1275.825625	1275.825625	1318.1725625	1080.43248125	1247.6153875	1061.20106875	1153.086725	1315.989225	1213.3972125
ILMN_1250000	300.51006875	299.09469375	284.07173125	215.26519375	342.17348125	285.79318125	318.36661875	261.69506875	233.2049125	375.74753125	191.8118125	269.9254375	316.0292125	255.90626875	246.22676875	321.4583
ILMN_2609988	154.55408125	155.127325	116.08336	144.14700625	136.3262875	139.9945375	158.6875	158.05190625	157.9106125	125.0597375	156.49079375	177.977475	153.5859125	167.6349875	166.87675	121.4719
ILMN_2697205	130.19934375	119.53205625	127.3510375	149.64721875	88.77694375	137.74104375	127.8719875	133.76694375	150.51230625	132.9463	146.9285625	137.59983125	128.020125	145.1658125	156.99936875	116.75566875
ILMN_2876015	1252.1733875	1959.502625	1416.0072125	1320.76196875	1228.17379375	1265.42595625	1868.818125	1269.33360625	1408.1082625	1290.79334375	1796.3114375	1351.2752375	1279.10915	1914.436125	1304.11341875	1288.97909375
ILMN_1256668	426.13363125	344.83418125	374.74366875	432.08651875	432.08651875	379.9415625	325.79024375	639.4019375	326.28495625	355.19934375	331.55780625	513.18336875	350.950725	320.69589375	465.2150125	430.1853875
ILMN_2889120	127.28783125	117.162448125	136.61658125	161.04661875	138.70476875	126.96625625	144.61973125	132.60215	163.41111875	136.24591875	147.05875	128.020125	159.3464375	140.39288125	171.50286875	165.34283125
ILMN_1246034	865.75048125	724.54374375	816.19315625	972.734025	726.77698125	747.19006875	887.3855875	849.21829375	912.53776875	679.91124375	868.936125	712.6582	831.99635	1142.3346125	900.229325	771.5237875
ILMN_2740890	241.2465625	255.71478125	216.00235625	215.6734625	216.99501875	241.0027875	245.33235	208.2482625	243.0280375	255.90626875	262.09323125	253.16974375	220.50859375	240.45228125	211.57503125	234.86673125
ILMN_1250975	111.05283625	100.422220625	105.60140375	139.64135625	85.24356625	92.806575	91.546456875	122.83345	166.325525	96.934176875	147.701675	107.61843	104.776445	139.53805	135.5993875	87.582794375
ILMN_2795854	5390.3065625	5188.1588125	4036.32475	4799.889	5188.1588125	5017.492875	5501.0839375	4774.159	4464.1320625	4530.4624375	5762.73775	4253.6859375	5592.9835	5207.3271875	4452.0114375	4363.454875
ILMN_2950286	29991.60125	27148.123125	34808.40625	34808.40625	33503.791875	34808.40625	23872.526875	33503.791875	28088.250625	31429.665	25477.855	39382.785	32505.79625	17526.455625	33503.791875	34808.40625
ILMN_1212875	1008.09605625	1142.3346125	778.8566	843.17844375	787.17976875	1089.18391875	1436.6275	903.982275	908.8836125	723.366875	1292.25568125	1292.25568125	1269.33360625	1233.78420625	868.936125	817.51023125
ILMN_1239592	620.669025	570.62875	525.57068125	503.5053625	557.51616875	593.64370625	736.02556875	480.16580625	421.34460625	505.60308125	620.669025	528.659375	613.71071875	507.30178125	480.16580625	507.30178125
ILMN_2836246	213.7162125	204.0911625	204.4481	167.0412125	227.120325	216.67686875	184.88224375	163.58553125	151.29939375	229.5596375	170.04654375	201.62113125	206.3713125	148.575225	157.42939375	242.69094375
ILMN_2890357	784.02243125	710.4593125	711.26331875	946.97265625	800.142025	843.17844375	780.5475	788.81949375	830.115225	903.982275	785.55970625	870.534625	771.5237875	603.75543125	886.00486875	1009.5939125
ILMN_2949021	13534.7125	13983.2231875	13731.0364375	15312.959375	11495.6474375	14190.341875	15312.959375	15066.27	15811.34625	13731.0364375	15811.34625	15066.27	14760.245625	16461.675	15066.27	15066.27
ILMN_2685365	2383.1305	2364.6356875	2228.328875	2007.6768125	2541.381	2437.573625	2189.738	2082.9988125	2158.863875	2364.6356875	2033.06075	2383.1305	2541.381	1901.7284375	2137.9463125	2416.0603125
ILMN_1230221	207.04245	194.2015	143.37633125	290.89839375	172.353225	189.473275	198.986275	246.43791875	257.1474375	201.08705	260.1345875	252.8984	186.44199375	232.7016375	236.39815625	210.29248125
ILMN_2722213	1044.1645625	1098.48106875	1159.0100875	1373.50971875	936.561775	989.70889375	973.91274375	1098.48106875	1281.5076125	1101.2866	1128.48683125	1211.26603125	980.6937	1208.95903125	1167.6394625	1102.75900625
ILMN_3097950	256.726675	262.09323125	218.88428125	193.88205	217.9913875	244.69550625	261.23531875	226.0137125	199.67699375	226.68588125	236.75499375	214.63416875	197.56828125	223.28705625	200.1958	262.09323125
ILMN_1224162	218.7287625	188.0836	230.76646875	213.04775625	283.540325	224.75283125	189.73489375	212.2325375	196.7999	265.53608125	182.10419375	238.0985	192.157875	174.8182375	199.94305625	273.0291875
ILMN_3080410	233.86650625	231.4094625	232.98231875	226.0137125	208.8861375	233.86650625	209.103475	196.7999	231.68000625	304.13445625	173.1835875	210.29248125	253.5756875	224.07854375	180.3295625	228.59040625
ILMN_2517060	1054.36065625	1054.36065625	1244.2882125	1328.9357	1144.45039375	1083.9575	1037.15800625	1197.1950625	1014.6464	1178.73895	1073.825075	857.74695625	970.23390625	1002.61314375	1102.75900625	970.23390625
ILMN_2657037	154.1588625	116.021529375	156.89665	144.38583125	137.5014625	116.704525625	102.0945	124.09359375	139.64135625	124.61303125	125.36169375	110.595898125	124.27139375	144.260675	147.51644375	114.643075
ILMN_2958076	10443.30125	10841.250625	10958.433125	12961.611375	13534.7125	11938.2769375	12022.927	13172.297875	13534.7125	12469.35875	12469.35875	10443.30125	12309.0020625	13983.2231875	13534.7125	11173.0176875
ILMN_1215901	889.0091875	819.3952875	954.6626875	957.3368875	957.3368875	930.27695625	817.51023125	933.34199375	917.37219375	841.8968125	812.9982	989.70889375	821.9814125	687.17316875	821.9814125	923.3045875
ILMN_1223330	373.30499375	493.5442	395.5918375	365.182425	439.20473125	429.66280625	553.6983625	378.12289375	406.25033125	444.0608625	442.89155	435.13193125	427.12645	494.73205	409.2603125	405.7067375
ILMN_1220430	448.8247125	428.2162625	471.9612875	507.9213875	567.0161125	450.09990625	451.59918125	519.32630625	546.67505625	503.5053625	477.51089375	415.8145375	420.80611875	480.9888125	613.71071875	442.1013375
ILMN_2745614	14760.245625	9972.20525	16461.675	18287.449375	12776.28325	15649.82375	10724.79525	15811.34625	16461.675	11659.052625	10443.30125	11297.6646875	10127.8905625	11297.6646875	16461.675	12469.35875
ILMN_1219173	187.723625	190.9587625	158.2587875	159.0277875	165.765375	172.5337625	196.47584375	142.66521875	136.01621875	146.57059375	158.6875	186.82786875	179.673275	159.69138125	139.28285	172.353225
ILMN_1253178	120.787834375	116.704525625	120.787834375	109.3440175	114.97474375	149.48900625	107.229554375	109.3440175	103.75067375	97.550354375	113.480361875	138.10944375	124.14365	96.153394375	110.486279375	105.904315625
ILMN_1219820	417.2681625	390.72719375	353.62091875	368.19235625	302.9173875	396.6321	347.6172625	353.62091875	334.64200625	320.69589375	384.946275	386.81351875	422.1692375	368.69168125	334.64200625	353.06145
ILMN_2759652	982.52008125	972.734025	898.38510625	965.92841875	943.18929375	968.52038125	995.77236875	882.26715625	826.7718875	764.2097375	878.55406875	937.8576625	1018.9702	880.3431	924.4569875	871.928325
ILMN_2956871	154.66928125	136.79684375	138.39070625	122.11165625	111.6766175	163.41111875	143.8182375	149.1243125	133.43806875	136.79684375	145.3389	137.35951875	152.69155	140.599075	142.58573125	148.8364625
ILMN_2638778	3496.7734375	3232.3765	3445.8880625	3323.130125	3260.6586875	3583.1270625	3741.448875	2560.1100625	3323.130125	4100.9669375	2272.8855	2928.994125	3672.7575	3480.6066875	3186.193375	4239.0556875
ILMN_1224980	799.0163375	814.58774375	673.8294125	476.1185375	682.99356875	855.91689375	836.24015	657.738425	595.21409375	657.738425	608.020025	753.64794375	693.96675625	642.53469375	601.04705625	675.1991125
ILMN_2835461	2033.06075	2047.0441875	2063.82525	1855.0858125	1796.3114375	2013.110125	2082.9988125	1817.268875	1719.596	1937.256125	2154.306	1928.6761875	2098.2055	2037.840625	1848.017125	1868.818125
ILMN_2634338	2738.6715	3007.439625	3343.45	2928.994125	2827.8411875	2568.4504375	2698.729	3260.6586875	3216.0641875	2907.421375	2461.6148125	2800.7055	2334.2050625	2968.9675625	3307.411375	2955.6293125
ILMN_2638781	185.59075	163.813025	162.17669375	192.157875	182.548525	171.22390625	162.6555875	211.808925	222.10299375	184.75475625	151.29939375	166.49685	164.552225	178.96955	177.7439375	150.2414625
ILMN_2588053	20822.085625	20157.430625	20157.430625	19803.4675	23320.495625	18650.413125	20157.430625	20157.430625	20822.085625	20822.085625	19803.4675	17009.528125	20157.430625	20822.085625	20822.085625	19803.4675
ILMN_2833356	782.2742875	769.2259125	643.92078125	752.23520625	586.82305	664.2749	748.15424375	681.12016875	713.79743125	660.82371875	804.60284375	656.59380625	591.56195625	724.54374375	652.601775	636.204775
ILMN_1246017	753.64794375	706.28880625	742.81638125	821.9814125	796.67608125	788.81949375	625.94640625	772.78075625	787.17976875	750.79295	761.0036625	649.74345625	698.881425	625.94640625	729.4838	809.68798125
ILMN_2688822	186.01159375	168.585275	175.692725	159.81698125	214.38885	161.43203125	212.56733125	136.704875	157.83153125	203.0263	142.114375	228.051775	188.93926875	156.60838125	160.23875	184.88224375
ILMN_2981896	1174.17459375	1178.73895	1345.5829875	1298.1607625	1389.53755625	1178.73895	1220.88975625	1174.17459375	1253.613975	1328.9357	1174.17459375	1138.93230625	1083.9575	1042.23654375	1211.26603125	1215.46968125
ILMN_2660815	4774.159	4577.5029375	4100.9669375	4490.201	3699.664375	4490.201	4410.4075	4544.1546875	4452.0114375	4344.53675	5390.3065625	4774.159	4490.201	4799.889	4602.2670625	4293.4258125
ILMN_2691706	178.81230625	156.10200625	154.2992875	142.249075	139.87195625	170.86271875	170.387425	145.79421875	149.99069375	162.04371875	169.214	164.552225	169.04061875	214.999475	124.85291875	176.99835
ILMN_2968032	603.07173125	684.55906875	569.9199	603.75543125	564.21346875	515.71900625	809.68798125	634.68935625	666.30194375	614.66899375	845.59393125	652.601775	659.09488125	701.97584375	621.29355	588.53715
ILMN_2679428	5824.636	5885.3009375	5531.992	6627.1081875	5159.29925	5791.554125	6136.195875	6251.9165625	6210.5699375	5207.3271875	6716.896125	5824.636	5859.1675625	6900.494375	6159.7626875	5531.992
ILMN_2701435	766.57840625	789.96631875	690.38670625	534.31181875	646.166675	741.15223125	732.0853625	627.058775	590.2830875	664.2749	811.4076125	692.932175	692.932175	870.534625	607.033175	564.21346875
ILMN_2717496	348.09076875	382.43631875	352.64973125	352.64973125	191.9776875	377.57789375	377.57789375	304.96008125	355.19934375	228.051775	465.7442	418.11000625	310.557075	403.94156875	363.99298125	233.70659375
ILMN_2892480	185.43579375	162.934825	157.42939375	117.162448125	180.3295625	172.23488125	161.551425	153.1769625	157.56325625	168.585275	146.0064625	151.29939375	142.58573125	135.1378125	130.28583125	157.9106125
ILMN_1244649	108.418080625	125.1430625	122.41531875	109.448013125	144.61973125	133.9557875	99.843674375	115.017581875	123.83503125	129.03165	117.784730625	126.7113625	138.10944375	122.062223125	101.845324375	114.30433375
ILMN_1218617	1638.406375	1825.6773125	1635.846125	1978.2611875	1556.765375	1707.034625	1781.5615	1988.0516875	1964.982125	1588.2665625	1905.974125	1778.81175	1691.932625	1905.974125	1964.982125	1851.1645625
ILMN_1223713	122.41531875	119.3709175	128.162825	117.784730625	125.805925	131.7516	147.32380625	118.982745625	115.143828125	136.10575625	119.900904375	152.372725	149.3582875	115.570525	141.3552625	141.90628125
ILMN_2608574	439.20473125	432.68891875	389.59186875	354.05960625	461.81859375	438.60243125	469.40995625	382.95286875	468.20624375	418.7329625	446.799425	419.286475	420.2161375	437.71665625	356.32760625	437.71665625
ILMN_2610012	139.04955625	143.6057375	107.44807875	143.8182375	88.231883125	113.15592625	122.11165625	131.66101875	127.537025	108.9940325	167.203	112.147399375	123.07411875	198.537425	158.3846375	93.565455625
ILMN_3125814	530.13569375	515.00791875	516.35701875	610.22988125	494.18310625	579.1233125	509.714725	649.74345625	652.601775	486.43069375	515.71900625	495.60464375	439.20473125	444.5415	491.6045875	541.213475
ILMN_1243609	104.01969625	130.0340125	115.3635675	114.928289375	126.36245	115.570525	117.578344375	113.0331475	103.933105	139.41925	104.4697725	128.92178125	99.558214375	113.846940625	147.21659375	156.60838125
ILMN_2663555	284.58690625	308.03741875	293.02445625	260.1345875	339.5567875	279.0067375	283.215625	255.342925	317.0260375	296.50191875	213.7162125	261.23531875	259.83235	226.0137125	286.81030625	307.1202375
ILMN_2901312	570.62875	676.4500125	615.6507375	527.93001875	610.22988125	612.4552625	528.659375	506.4152125	506.4152125	610.22988125	559.57819375	629.7449375	541.8511625	558.30926875	475.084675	640.49278125
ILMN_2625058	488.60263125	465.2150125	439.20473125	572.9692625	405.04731875	374.27375	375.74753125	522.02868125	580.68080625	463.44099375	570.62875	492.318275	398.8783375	517.00189375	513.18336875	522.96660625
ILMN_2713673	780.5475	886.00486875	1082.09006875	1308.2683375	1135.64869375	958.827475	785.55970625	1491.8528125	1357.73449375	1052.4328875	905.5100875	868.936125	808.3092375	836.24015	1208.95903125	1109.27059375
ILMN_3160592	259.10294375	236.75499375	217.59455	183.0535	206.64905625	221.5099	208.2482625	197.0282375	237.44534375	216.00235625	238.7891375	250.2519625	234.5153	209.103475	230.0987875	195.2914625
ILMN_2623480	1017.5196	1029.641025	1128.48683125	1075.377725	1213.3972125	978.4476	1133.0493375	991.49634375	993.2954125	1176.1765125	1050.89158125	912.53776875	1025.50926875	1023.44788125	970.23390625	1067.32936875
ILMN_2601705	633.27214375	313.27270625	537.3564875	515.71900625	549.2649875	403.94156875	496.135925	420.2161375	544.86930625	610.8717375	352.044	241.5009	534.31181875	697.11445625	404.7403875	557.51616875
ILMN_2685133	4206.7450625	4224.2954375	3741.448875	3757.6965625	3572.0115	3953.748625	3757.6965625	3307.411375	3712.4661875	3971.043125	3971.043125	3953.748625	3862.5035625	4253.6859375	4224.2954375	3712.4661875
ILMN_1214307	126.96625625	119.7339625	117.03301125	108.9940325	108.960214375	132.4609	122.6171375	99.19944625	107.72572	124.6910875	124.914075	122.062223125	120.931299375	92.64462875	121.580483125	122.83345
ILMN_1257020	273.60645	308.76860625	311.953325	323.1156125	357.10310625	305.74060625	313.27270625	428.2162625	459.588925	306.74313125	311.04498125	346.84835	373.30499375	286.81030625	316.35359375	448.8247125
ILMN_2930922	113.0331475	143.50841875	141.3552625	153.8393625	107.5184425	122.062223125	107.33387125	141.49523125	146.828925	118.2936625	133.43806875	126.430475	115.45249	151.7113	111.979923125	119.609384375
ILMN_2830837	237.210825	228.051775	275.04995	230.4721	233.70659375	255.342925	217.9913875	263.31391875	228.59040625	267.6644625	214.13316875	298.077875	213.7162125	224.75283125	240.692075	276.421125
ILMN_2719498	3556.7825	3496.7734375	3367.8920625	3216.0641875	2770.389	3592.45975	3422.046375	3331.7243125	3092.283875	2985.4025	3064.3103125	3556.7825	3018.412625	3216.0641875	2721.8628125	3049.8525625
ILMN_2742136	458.6657375	413.6796125	493.5442	509.714725	549.89674375	552.80308125	402.26533125	471.9612875	439.64811875	517.00189375	500.1246625	486.43069375	536.63215625	385.60209375	439.20473125	555.743425
ILMN_3150233	385.60209375	446.799425	448.20770625	495.60464375	396.1385875	423.94420625	403.94156875	446.23766875	522.02868125	420.80611875	497.8212875	426.63545	426.13363125	483.0917625	509.714725	435.13193125
ILMN_2630710	513.18336875	553.6983625	558.30926875	518.60681875	593.64370625	490.5482625	570.62875	511.4432375	517.00189375	583.84518125	533.3672125	535.7323125	542.5852375	539.54431875	531.53671875	619.76544375
ILMN_2674407	1014.6464	995.77236875	1203.07131875	1247.6153875	968.52038125	1077.30364375	960.96005	1178.73895	1174.17459375	1091.12875625	1085.4797875	1165.2661875	892.5835875	1130.81324375	1123.47035	1091.12875625
ILMN_1226540	1323.73580625	1635.846125	1382.81021875	1325.81468125	1138.93230625	1215.46968125	1808.6184375	1413.892925	1294.65333125	1109.27059375	1426.63413125	1379.9554375	1140.3004	1412.31079375	1200.59594375	1318.1725625
ILMN_2831944	200.1958	219.13505625	241.2465625	222.66893125	234.5153	230.76646875	140.97510625	202.7771	212.036425	225.56696875	165.765375	194.03785625	238.31953125	207.04245	215.532425	227.67105
ILMN_2997406	145.5794125	148.8364625	159.4634125	182.71784375	144.260675	152.69155	139.15418125	178.6904875	159.17185	154.2992875	166.21005625	136.01621875	143.8182375	128.34369375	182.85221875	152.5911625
ILMN_2677712	1052.4328875	1012.87120625	1252.1733875	954.6626875	1745.095625	1140.3004	1213.3972125	913.7848	923.3045875	1237.64559375	871.928325	1086.60641875	1122.48299375	912.53776875	955.69085625	1320.76196875
ILMN_2706022	2375.4135	2281.600125	2907.421375	2154.306	2448.833375	2406.897125	2453.9903125	2183.460125	2056.9218125	2432.0701875	2052.1315	2668.906125	2355.1674375	2196.211625	2172.82875	2601.580625
ILMN_3000318	3397.958	3463.9809375	2985.4025	3074.407375	3292.12425	3331.7243125	3358.915875	3526.0949375	3331.7243125	3260.6586875	3496.7734375	3422.046375	3658.924875	3436.421625	3397.958	3125.4125
ILMN_2777804	789.96631875	759.58360625	952.8408625	1181.55914375	693.96675625	736.02556875	782.2742875	1075.377725	1255.287775	906.973	955.69085625	847.2564125	689.3837625	950.49096875	1253.613975	845.59393125
ILMN_2846865	2874.069125	3971.043125	2297.81	3307.411375	4479.1653125	4376.21475	4855.10025	3546.5745	3199.676125	2939.1021875	4479.1653125	1588.2665625	4925.7006875	3901.5434375	3883.6430625	3260.6586875
ILMN_2689426	83.888324375	77.876983125	371.5558125	113.525858125	808.3092375	82.707756875	91.77513125	109.595425625	110.010455625	328.90161875	87.199884375	100.229693125	104.931365625	100.057215625	99.493893125	254.823675
ILMN_1248637	4514.3431875	4166.331375	5920.0250625	6159.7626875	6843.291125	4293.4258125	3862.5035625	6383.8138125	5986.11875	6432.159625	4602.2670625	4410.4075	4577.5029375	4436.122	7228.3994375	5986.11875
ILMN_1217235	536.63215625	566.12206875	613.71071875	569.2850875	642.53469375	558.30926875	603.75543125	614.66899375	569.2850875	656.59380625	460.98259375	678.67405625	634.68935625	574.9033	552.80308125	823.80625
ILMN_2775213	134.479925	185.43579375	148.0848125	149.02734375	133.31306875	171.50286875	183.40340625	158.1505875	156.10200625	110.27779375	204.95320625	156.89665	142.66521875	162.04371875	133.31306875	117.370764375
ILMN_2881263	1695.865	1895.11975	1644.4888125	1408.1082625	1974.2203125	1616.891125	1905.974125	1450.9011875	1351.2752375	1825.6773125	1529.5255625	1864.5806875	1663.08725	1644.4888125	1325.81468125	1549.452
ILMN_2691832	271.0086	338.01579375	365.57460625	332.51471875	279.95749375	293.85094375	300.13343125	354.05960625	322.15643125	349.2293625	318.03841875	276.746625	282.668375	325.01405625	302.0011375	349.2293625
ILMN_3135801	169.88470625	180.922175	195.500075	194.03785625	169.34339375	148.8364625	199.94305625	183.9246375	197.2252125	198.2266625	187.723625	150.99335625	167.7883625	196.22610625	206.3713125	221.24006875
ILMN_2637930	254.823675	241.90995	285.79318125	210.16245625	270.48401875	249.19909375	250.65075	253.16974375	197.96421875	290.319825	208.2482625	245.33235	246.90165	228.82529375	226.2570875	246.22676875
ILMN_2925281	4925.7006875	5207.3271875	4452.0114375	3384.2715625	5261.7406875	5691.950125	5630.295	3610.6621875	3384.2715625	4758.6421875	3672.7575	4270.5875	5120.44175	3496.7734375	3409.3478125	5188.1588125
ILMN_2602902	221.5099	235.25141875	243.64128125	239.0553	222.66893125	251.62058125	278.2667625	260.4962375	280.32616875	306.2683	295.17453125	223.11305	268.257725	294.1801625	294.1801625	253.16974375
ILMN_2750789	917.37219375	884.5102875	941.899225	673.8294125	758.1567625	840.31154375	774.922225	759.58360625	649.74345625	936.561775	750.79295	877.80959375	816.19315625	711.26331875	660.82371875	789.96631875
ILMN_2760211	864.630725	989.70889375	849.21829375	784.02243125	764.2097375	1008.09605625	919.02419375	794.63866875	928.73256875	692.932175	1001.36695	970.23390625	841.8968125	1163.75175	800.142025	728.21921875
ILMN_2925196	587.55103125	563.63728125	605.86194375	519.32630625	582.72373125	578.27779375	543.97434375	551.0910625	519.32630625	589.33045	462.82	596.8079375	566.12206875	513.72638125	515.00791875	609.015525
ILMN_1256019	17990.79625	17009.528125	18866.55375	11938.2769375	18866.55375	17526.455625	17990.79625	10674.29	9671.8816875	16461.675	9671.8816875	16461.675	13731.0364375	10574.6365	10443.30125	16461.675
ILMN_2612125	1111.68751875	1337.96778125	1009.5939125	958.827475	1018.9702	982.52008125	1122.48299375	1114.7287	1075.377725	1104.645125	1413.892925	1061.20106875	1223.86389375	1240.6907125	1111.68751875	1128.48683125
ILMN_2684075	117.784730625	141.825175	123.17825	131.0427625	118.9281425	124.61303125	150.78871875	122.93675	150.99335625	144.86123125	156.60838125	127.3510375	133.87325625	170.86271875	158.05190625	127.68379375
ILMN_2691227	737.52373125	825.27274375	921.2737875	793.42196875	1011.060025	851.2181625	723.366875	896.56195625	793.42196875	796.67608125	664.2749	874.99784375	732.0853625	572.9692625	724.54374375	796.67608125
ILMN_2616180	140.2900875	156.2078125	131.27735	140.2900875	142.9232375	141.5911125	172.70298125	180.3295625	158.53173125	156.99936875	170.992825	142.9232375	173.61805	179.79511875	129.10061875	142.114375
ILMN_1245322	92.6912025	101.03895	108.159053125	109.976179375	126.8687375	93.50245125	94.05565125	111.05283625	128.2565	106.984139375	112.3444475	109.031705	123.5136625	115.45249	127.28783125	113.525858125
ILMN_1244077	516.35701875	486.43069375	392.65998125	378.71825625	333.580125	459.588925	525.57068125	335.0616875	383.67525	422.1692375	403.4728625	439.20473125	465.7442	465.2150125	358.44570625	355.68825625
ILMN_1214517	489.587425	595.21409375	538.40756875	668.6408375	528.659375	589.33045	490.5482625	695.1960625	579.95534375	603.75543125	584.78806875	545.7415125	494.73205	566.12206875	625.94640625	571.6147875
ILMN_2681001	428.2162625	481.47731875	403.4728625	330.6628875	478.98810625	488.60263125	487.0973125	328.285625	344.2023125	480.16580625	478.98810625	456.45375	527.07400625	379.33124375	387.2671875	362.3423375
ILMN_1240165	870.534625	803.50789375	833.42680625	944.894575	898.38510625	1188.904225	917.37219375	838.49383125	1006.592375	814.58774375	984.3163125	1085.4797875	984.3163125	946.97265625	847.2564125	924.4569875
ILMN_1234139	1521.487125	1571.518	1723.53475	1778.81175	1408.1082625	1523.2851875	1510.2215	1773.0195	1790.375375	1672.5034375	1758.3530625	1574.8205625	1345.5829875	1635.846125	1723.53475	1753.9889375
ILMN_2645981	131.80700625	168.80715	128.71798125	129.10061875	108.159053125	127.9695	158.1505875	118.544265	130.19934375	144.7298375	133.76694375	140.2900875	139.9945375	143.07578125	135.00350625	125.46033125
ILMN_2628658	287.144725	295.17453125	284.58690625	223.11305	381.22103125	267.9434	320.69589375	219.13505625	221.7632625	300.51006875	205.81603125	305.74060625	311.04498125	211.57503125	218.7287625	326.28495625
ILMN_2749382	521.16900625	524.4077875	589.33045	636.204775	570.62875	520.452825	469.928175	569.9199	501.45809375	603.07173125	588.53715	559.57819375	507.30178125	510.5569375	631.9964875	600.22399375
ILMN_2684397	152.5911625	147.32380625	130.19934375	126.7113625	137.077675	132.7850125	164.74565625	142.83349375	144.9504375	148.21475	130.09806875	162.286325	175.28598125	160.6173125	131.43111875	138.2094375
ILMN_2972403	123.83503125	128.92178125	137.59983125	136.52760625	128.71798125	119.825093125	158.86419375	129.44345	152.22359375	136.61658125	108.159053125	138.33310625	112.7672725	128.162825	137.35951875	149.1243125
ILMN_3143557	1758.3530625	2029.4189375	2250.7824375	1707.034625	2272.8855	1952.964125	1663.08725	1802.7274375	1635.846125	2288.631	1223.86389375	1758.3530625	1751.0855	1501.8286875	1577.917625	1786.308875
ILMN_2638061	809.68798125	840.31154375	851.2181625	711.26331875	1086.60641875	902.21253125	1056.7428375	698.881425	628.2296125	852.3978375	765.3852875	777.837775	805.97924375	691.70765625	785.55970625	780.5475
ILMN_2949844	585.82873125	596.8079375	499.01070625	647.28489375	505.60308125	677.79639375	646.166675	607.033175	505.60308125	568.67436875	744.27988125	551.0910625	560.8079	661.9242375	609.015525	597.95865625
ILMN_2685507	1114.7287	1133.0493375	821.9814125	1073.825075	1028.2021375	1208.95903125	1128.48683125	1109.27059375	989.70889375	991.49634375	1272.7707375	1031.5182875	1142.3346125	1318.1725625	1093.05636875	913.7848
ILMN_3004177	180.01171875	178.81230625	176.7156375	162.17669375	205.81603125	167.6349875	171.38676875	140.8878375	151.39938125	132.00056875	157.83153125	195.2914625	208.02386875	169.34339375	167.203	182.32083125
ILMN_1377923	16461.675	17526.455625	14431.91	17526.455625	15312.959375	16461.675	18866.55375	17990.79625	19253.191875	18650.413125	20822.085625	16150.026875	19253.191875	19803.4675	19803.4675	18650.413125
ILMN_1248367	868.936125	946.97265625	809.68798125	718.119375	666.30194375	987.84588125	812.9982	629.7449375	603.75543125	465.2150125	1042.23654375	1151.43849375	840.31154375	851.2181625	713.79743125	405.04731875
ILMN_1252243	452.3838625	402.7885	439.64811875	373.30499375	456.45375	468.20624375	454.602775	378.71825625	399.316725	491.6045875	366.8749875	478.98810625	509.714725	322.65033125	411.01455625	534.31181875
ILMN_2829604	114.643075	101.975290625	91.191428125	95.51638125	115.9625425	125.31658125	117.162448125	100.422220625	97.0718975	106.191794375	126.96625625	118.805108125	113.638276875	131.43111875	108.689604375	96.198616875
ILMN_2980044	1170.5943	1126.81623125	1366.5811	1315.989225	1240.6907125	1217.59461875	1163.75175	1138.93230625	1262.084325	1252.1733875	1054.36065625	962.9292375	1073.825075	1255.287775	1286.1005125	1042.23654375
ILMN_2643723	973.91274375	964.61938125	910.37574375	811.4076125	1085.4797875	926.7802875	1042.23654375	852.3978375	884.5102875	1031.5182875	882.26715625	993.2954125	1040.3397625	780.5475	948.13583125	1054.36065625
ILMN_1252373	336.88030625	279.61274375	293.85094375	310.557075	267.9434	299.838875	248.03146875	300.13343125	275.04995	250.930975	255.342925	329.3921125	293.02445625	214.87245625	292.4938	361.62028125
ILMN_2732190	2758.6666875	2838.8095625	2850.1111875	3144.962875	2154.306	2468.7893125	2522.957375	3177.6788125	3292.12425	2816.5711875	3307.411375	2758.6666875	2568.4504375	3323.130125	3343.45	2608.4428125
ILMN_2619491	257.63335	263.5487875	240.04690625	251.9778875	273.0291875	243.64128125	289.4902375	253.8598	320.96831875	249.460775	273.0291875	243.64128125	269.9254375	315.527125	302.9173875	297.20371875
ILMN_2761046	1249.51303125	820.2931	1523.2851875	1366.5811	1544.4166875	1389.53755625	724.54374375	1355.16958125	1231.54114375	1399.6960125	692.932175	1369.38539375	1111.68751875	741.15223125	1539.848	1228.17379375
ILMN_2761082	180.15525625	162.6555875	155.31084375	129.64690625	164.3968125	143.8182375	168.585275	140.0592625	137.3024375	159.0277875	151.7113	143.07578125	194.2015	158.1505875	123.61475625	151.8665125
ILMN_2680128	835.00675625	567.74288125	791.96815625	364.36604375	774.922225	954.6626875	896.56195625	293.85094375	404.7403875	772.78075625	312.35949375	430.1853875	768.13921875	403.4728625	345.38940625	745.71349375
ILMN_3147944	884.5102875	903.982275	912.53776875	1144.45039375	900.229325	833.42680625	1069.8680125	1073.825075	1077.30364375	794.63866875	1172.722225	1018.9702	1023.44788125	993.2954125	1130.81324375	807.2088
ILMN_2848163	7630.668	9249.246625	7460.845875	10333.5746875	7110.6441875	8355.2378125	8031.7658125	10210.935875	10724.79525	7984.2996875	9972.20525	8729.9628125	8420.7889375	9413.28375	9249.246625	7460.845875
ILMN_2821158	152.22359375	137.74104375	128.34369375	124.55214375	125.6313	156.10200625	141.825175	134.66733125	126.2334375	134.3977375	144.9504375	145.5794125	112.83226375	139.9945375	105.53290375	137.88758125
ILMN_1234054	231.4094625	233.2049125	246.22676875	228.82529375	192.157875	231.68000625	201.62113125	218.25731875	222.9096625	254.36886875	216.1693125	241.2465625	212.2325375	171.22390625	201.08705	266.98208125
ILMN_1219077	1565.7745625	1625.73425	1348.860525	1392.73844375	1042.23654375	1546.757625	1737.21975	1320.76196875	1663.08725	1167.6394625	1654.4488125	1665.832375	1703.268	1790.375375	1505.6170625	1174.17459375
ILMN_3158565	4544.1546875	6292.2961875	4799.889	3940.2430625	4799.889	4819.3668125	6474.592	3741.448875	4514.3431875	4667.497625	6383.8138125	4819.3668125	5824.636	6332.6618125	4100.9669375	5207.3271875
ILMN_2625854	2063.82525	1859.51175	1909.405	1933.3263125	1968.7001875	1737.21975	2042.1346875	2383.1305	2264.731375	1781.5615	2164.478	1648.387625	1933.3263125	2063.82525	2029.4189375	1657.091625
ILMN_2825905	171.38676875	191.8118125	182.548525	184.0525875	183.0535	208.614425	159.17185	186.82786875	161.81215625	160.23875	191.631825	182.32083125	210.5832875	219.13505625	144.38583125	191.9776875
ILMN_1232235	238.0985	235.79373125	266.54350625	227.120325	231.05068125	231.4094625	244.98325	188.93926875	213.7162125	236.95804375	220.8166125	240.2466625	250.01338125	206.64905625	198.73825	227.120325
ILMN_2590917	138.70476875	143.8182375	126.79658125	124.34335625	114.11353375	145.674675	136.01621875	130.45783125	115.3052825	130.90685	150.64725625	133.6731375	114.30433375	130.19934375	127.80019375	128.92178125
ILMN_3105117	143.07578125	122.50006875	136.98565	125.88055625	145.45378125	142.249075	111.844568125	135.71329375	129.03165	136.704875	129.44345	121.580483125	120.324115625	123.77083125	127.09165	158.2587875
ILMN_1245872	394.19975	383.67525	361.62028125	421.34460625	431.16281875	382.95286875	397.36328125	422.1692375	485.53976875	385.60209375	454.602775	330.25861875	381.63321875	446.23766875	425.43803125	313.732625
ILMN_3021272	143.20033125	141.68094375	142.9232375	145.898675	137.59983125	177.13383125	134.3977375	137.3024375	138.70476875	162.286325	155.127325	159.81698125	154.42223125	117.29396875	135.2270875	158.05190625
ILMN_2843403	179.79511875	186.66923125	179.79511875	152.7839	188.73664375	182.10419375	185.88055	161.43203125	136.4538875	168.20095	133.56350625	167.33055625	157.83153125	147.05875	153.34843125	164.74565625
ILMN_2734181	2476.998875	2369.0618125	2432.0701875	1919.0003125	2250.7824375	2541.381	2214.44325	1948.114	1884.99275	2355.1674375	2016.9168125	2533.3731875	2432.0701875	2089.5956875	1868.818125	2369.0618125
ILMN_1223335	2105.115125	2800.7055	1895.11975	2838.8095625	2601.580625	1944.8068125	2533.3731875	2827.8411875	3275.2453125	2098.2055	2881.650875	1553.0540625	2264.731375	3343.45	2731.420875	1577.917625
ILMN_1258449	3658.924875	3672.7575	3232.3765	3186.193375	3092.283875	3018.412625	3953.748625	2781.58875	3114.975	3770.3874375	3728.71325	3920.65875	3572.0115	3592.45975	3031.3415	3658.924875
ILMN_2745433	1067.32936875	1163.75175	1008.09605625	1140.3004	989.70889375	1018.9702	1194.77774375	1102.75900625	1284.59764375	952.8408625	1323.73580625	1215.46968125	1247.6153875	1247.6153875	1047.83524375	1047.83524375
ILMN_2973024	418.11000625	388.98266875	369.0737	402.7885	381.63321875	417.2681625	363.591075	398.285625	386.81351875	378.12289375	357.10310625	393.157475	416.5290125	362.90645625	441.35880625	406.94613125
ILMN_1251301	631.9964875	541.8511625	603.07173125	586.82305	567.74288125	630.68256875	549.89674375	520.452825	564.21346875	567.0161125	591.56195625	601.77260625	625.94640625	634.68935625	541.8511625	610.8717375
ILMN_1227212	2593.7214375	2624.439625	2881.650875	2228.328875	2500.73225	2491.2391875	2618.0886875	2618.0886875	2313.56925	3409.3478125	1793.433875	2243.769375	2522.957375	2325.05	2313.56925	3331.7243125
ILMN_2680142	4376.21475	4902.6641875	4224.2954375	3901.5434375	4544.1546875	4452.0114375	4951.3425625	3971.043125	3658.924875	4619.5934375	4925.7006875	4115.4703125	4436.122	4344.53675	3996.876	4642.1986875
ILMN_1245489	785.55970625	690.38670625	665.2559875	912.53776875	741.15223125	730.96755	758.1567625	930.27695625	889.0091875	748.15424375	1014.6464	772.78075625	894.35590625	882.26715625	926.7802875	756.18793125
ILMN_2916782	126.0942125	111.979923125	119.7339625	135.35369375	131.49894375	112.21845	106.85326625	135.92853125	141.68094375	146.9285625	118.805108125	120.6277775	139.28285	137.2026125	134.89306875	169.214
ILMN_3160507	220.8166125	222.42536875	244.12235625	422.1692375	162.286325	186.01159375	186.01159375	414.83418125	426.13363125	239.731575	441.35880625	285.20514375	184.88224375	431.16281875	463.44099375	216.99501875
ILMN_1252195	331.1162875	328.90161875	296.89524375	400.818975	241.0027875	303.2110375	361.62028125	365.182425	377.57789375	347.2855875	409.2603125	302.4367625	388.98266875	415.8145375	409.6476375	320.83210625
ILMN_2615448	164.552225	160.77475625	144.86123125	148.33931875	168.585275	156.38801875	147.8156375	148.7124	129.30451875	176.31839375	151.58565625	152.7839	169.65194375	171.83655	133.379225	146.828925
ILMN_2687854	261.69506875	275.47909375	295.17453125	295.67068125	236.95804375	251.9778875	235.79373125	278.2667625	291.3637	266.98208125	318.857075	268.257725	255.71478125	289.80645	286.13239375	242.168325
ILMN_2594718	1042.23654375	1035.2212625	1028.2021375	877.80959375	823.80625	1014.6464	1065.40696875	921.2737875	882.26715625	1004.4496375	987.84588125	1042.23654375	1082.09006875	1123.47035	836.24015	1035.2212625
ILMN_2660028	567.0161125	538.40756875	654.93716875	570.62875	668.6408375	574.9033	530.13569375	574.9033	588.53715	634.68935625	453.55994375	461.81859375	521.16900625	560.8079	610.8717375	510.5569375
ILMN_2999447	1426.63413125	1405.39675625	1208.95903125	1342.66180625	1325.81468125	1142.3346125	1203.07131875	1286.1005125	1395.78575	1410.221575	1610.26175	1065.40696875	1301.79445	1413.892925	1382.81021875	1311.92510625
ILMN_2960474	715.03693125	749.09235	752.23520625	692.932175	913.7848	766.57840625	787.17976875	625.94640625	633.27214375	768.13921875	536.63215625	748.15424375	687.17316875	733.7992	603.07173125	706.28880625
ILMN_2863837	910.37574375	791.96815625	668.6408375	687.17316875	664.2749	890.8846625	829.02494375	750.79295	906.973	787.17976875	722.33518125	898.38510625	1045.9207875	747.19006875	710.4593125	1001.36695
ILMN_2692554	2681.920625	2608.4428125	2698.729	2890.73225	2056.9218125	2514.93025	2397.767	3031.3415	2850.1111875	2601.580625	2939.1021875	2313.56925	2238.6796875	2890.73225	2624.439625	2406.897125
ILMN_2965612	149.64721875	157.9106125	113.15592625	143.07578125	100.117196875	151.29939375	151.9914375	111.4405175	117.370764375	125.46033125	140.97510625	170.04654375	142.0322125	145.45378125	121.809210625	127.537025
ILMN_1242066	3064.3103125	2890.73225	3463.9809375	3397.958	3343.45	3081.9745625	2939.1021875	3367.8920625	3177.6788125	3007.439625	3186.193375	3275.2453125	2975.30275	2792.5048125	3199.676125	3367.8920625
ILMN_1213531	7460.845875	6997.7991875	7110.6441875	8420.7889375	6666.436625	7591.974125	7228.3994375	8031.7658125	8420.7889375	7332.76175	8420.7889375	7411.148625	7790.514875	8729.9628125	8355.2378125	7591.974125
ILMN_1252963	233.70659375	255.90626875	238.0985	279.0067375	269.54261875	249.460775	271.0086	280.32616875	278.67450625	243.86538125	288.4541	229.10846875	245.33235	271.68064375	281.32585625	236.39815625
ILMN_2707198	890.8846625	821.9814125	724.54374375	701.97584375	908.8836125	934.93573125	975.55876875	692.932175	673.8294125	867.3996875	569.2850875	803.50789375	930.27695625	645.18645625	594.5953875	768.13921875
ILMN_1258394	2264.731375	1937.256125	1781.5615	1825.6773125	2029.4189375	2183.460125	2098.2055	1712.4669375	1937.256125	1933.3263125	1944.8068125	2238.6796875	2143.6614375	2158.863875	1836.85825	2112.8919375
ILMN_2904961	3307.411375	3409.3478125	3583.1270625	3658.924875	3971.043125	3177.6788125	3343.45	3592.45975	3397.958	4082.71825	3534.9343125	3104.4561875	3770.3874375	3282.743375	3367.8920625	3307.411375
ILMN_2650266	231.68000625	211.1658125	149.99069375	159.56865625	178.14129375	239.0553	224.07854375	119.956154375	173.1835875	191.9776875	205.534625	244.98325	237.210825	190.08255	154.2992875	155.57271875
ILMN_2619408	110.977543125	174.29655	179.673275	140.39288125	213.93013125	87.72433625	209.32098125	142.9232375	147.39860625	180.15525625	134.2687625	110.057823125	129.03165	129.7814125	140.39288125	204.0911625
ILMN_2606470	10210.935875	10443.30125	11408.793	13983.2231875	8907.919	10060.255125	8834.2650625	12961.611375	13731.0364375	10443.30125	11065.510875	11408.793	9169.2155	11065.510875	12776.28325	9598.34675
ILMN_2621909	1188.904225	1102.75900625	1237.64559375	1331.98633125	1071.30986875	1122.48299375	1106.1448625	1405.39675625	1593.675875	1205.7586875	1237.64559375	1176.1765125	1183.2926625	1226.33259375	1228.17379375	1252.1733875
ILMN_1252760	1228.17379375	1249.51303125	1200.59594375	1016.11661875	1382.81021875	1244.2882125	1275.825625	1111.68751875	1065.40696875	1140.3004	999.8791	1318.1725625	1505.6170625	1167.6394625	1083.9575	1247.6153875
ILMN_2746421	497.8212875	523.6465625	453.05573125	455.44276875	503.5053625	469.40995625	548.38800625	539.54431875	607.033175	487.0973125	624.54245	564.21346875	555.743425	603.07173125	563.63728125	513.72638125
ILMN_3002505	306.74313125	263.31391875	307.1202375	314.7001	385.60209375	321.82924375	302.4367625	291.3637	320.36241875	321.82924375	291.65074375	297.20371875	271.34849375	279.0067375	295.67068125	298.81056875
ILMN_2710312	1402.53706875	1402.53706875	1412.31079375	1457.8441875	1476.0480625	1325.81468125	1373.50971875	1262.084325	1369.38539375	1745.095625	1440.767375	1259.73734375	1402.53706875	1146.39284375	1331.98633125	1571.518
ILMN_1250922	140.0592625	128.020125	151.49008125	129.71258125	163.95495625	137.5014625	145.898675	143.68168125	121.580483125	143.8182375	160.48074375	132.698425	118.9281425	162.17669375	133.76694375	145.03638125
ILMN_2643092	9249.246625	9413.28375	10443.30125	9890.1793125	12195.6165625	9346.0995	9753.672125	12195.6165625	11065.510875	12309.0020625	9598.34675	9598.34675	10210.935875	10443.30125	11495.6474375	10958.433125
ILMN_1223318	677.79639375	675.1991125	609.015525	715.03693125	629.7449375	636.204775	543.2651625	775.92039375	710.4593125	618.0341625	523.6465625	616.95135	601.77260625	643.92078125	659.09488125	719.046825
ILMN_2857595	228.59040625	247.27466875	246.70936875	257.1474375	254.10841875	240.692075	223.11305	281.32585625	274.6481375	242.38879375	244.36269375	226.39001875	269.31935625	245.33235	234.86673125	269.31935625
ILMN_2652085	236.130475	274.07449375	242.69094375	224.75283125	211.1658125	242.38879375	272.57405	317.0260375	246.70936875	241.0027875	267.6644625	226.2570875	242.38879375	297.66561875	282.30319375	333.580125
ILMN_3161887	184.49761875	209.32098125	157.693625	179.673275	157.42939375	178.6904875	211.57503125	146.828925	165.34283125	157.83153125	133.9557875	169.04061875	222.66893125	168.20095	163.10266875	171.83655
ILMN_2661287	480.9888125	496.93676875	382.95286875	458.6657375	348.55784375	496.135925	476.99363125	396.1385875	382.0394125	417.2681625	568.67436875	587.55103125	543.97434375	597.95865625	470.87679375	422.1692375
ILMN_2684732	833.42680625	868.936125	928.73256875	867.3996875	715.03693125	801.81858125	778.8566	851.2181625	845.59393125	744.27988125	965.92841875	844.16524375	707.6533625	830.115225	793.42196875	715.03693125
ILMN_1241035	2827.8411875	2574.93875	2364.6356875	2118.75825	3074.407375	2618.0886875	2631.082625	2228.328875	2196.211625	2838.8095625	2098.2055	2468.7893125	2618.0886875	2137.9463125	2320.2016875	2582.3805
ILMN_2918114	208.2482625	239.0553	219.43544375	218.88428125	282.668375	246.90165	223.28705625	195.7818	162.17669375	229.88585625	165.03119375	237.7202375	203.36625	187.9385375	189.890575	221.7632625
ILMN_1214631	122.7133125	96.902806875	103.16863125	149.1243125	112.50059875	130.19934375	107.973544375	141.26234375	144.61973125	132.205225	121.37270625	134.02999375	109.678511875	133.56350625	128.162825	98.76970625
ILMN_2669034	1016.11661875	939.87478125	980.6937	923.3045875	1146.39284375	903.982275	933.34199375	915.24975	905.5100875	957.3368875	928.73256875	944.894575	867.3996875	826.7718875	803.50789375	978.4476
ILMN_1216813	958.827475	993.2954125	1089.18391875	1114.7287	1012.87120625	1096.2395125	1049.03378125	1240.6907125	1069.8680125	809.68798125	851.2181625	957.3368875	882.26715625	1045.9207875	1114.7287	995.77236875
ILMN_2724347	180.588125	182.71784375	231.68000625	156.7400875	170.04654375	188.73664375	259.10294375	190.9587625	160.23875	194.44226875	199.94305625	227.67105	197.3707125	226.2570875	185.43579375	207.23683125
ILMN_2699477	672.2165125	777.837775	775.92039375	689.3837625	919.02419375	762.295575	663.46655	675.1991125	728.21921875	762.295575	603.07173125	747.19006875	690.38670625	530.13569375	677.79639375	814.58774375
ILMN_2731629	4964.116125	5159.29925	4490.201	5035.313	4436.122	4758.6421875	5284.0041875	4577.5029375	4327.9955625	4559.2555625	5188.1588125	4925.7006875	4376.21475	5284.0041875	4995.627	4152.0380625
ILMN_2757006	330.6628875	362.90645625	349.856425	450.09990625	342.9916375	381.22103125	352.64973125	386.241725	420.80611875	377.57789375	415.8145375	308.440225	432.68891875	396.1385875	473.52364375	373.78556875
ILMN_2818717	957.3368875	1062.9545625	939.87478125	1077.30364375	830.115225	924.4569875	955.69085625	1194.77774375	1226.33259375	955.69085625	1191.72529375	855.91689375	1021.62443125	1062.9545625	1094.47193125	863.1886875
ILMN_1227712	514.343425	488.60263125	531.53671875	472.914975	605.86194375	483.0917625	494.73205	465.2150125	476.1185375	539.54431875	435.835025	437.71665625	544.86930625	462.82	522.02868125	520.452825
ILMN_1234604	636.204775	609.015525	512.05889375	469.40995625	607.033175	675.1991125	578.27779375	485.53976875	477.51089375	530.13569375	672.2165125	547.767775	639.4019375	588.53715	446.799425	517.529525
ILMN_2720925	1630.3749375	1535.9275625	1793.433875	1981.51975	2022.208	1733.5576875	1553.0540625	1901.7284375	1868.818125	1836.85825	1485.9148125	1569.421	1510.2215	1467.699125	1841.8780625	1741.11475
ILMN_1244135	273.0291875	253.5756875	225.56696875	210.80955	296.50191875	232.98231875	272.3043875	189.890575	189.890575	279.61274375	184.75475625	190.51620625	262.09323125	174.510375	198.986275	317.6047375
ILMN_2838372	796.67608125	880.3431	596.8079375	595.21409375	794.63866875	689.3837625	978.4476	551.6918875	689.3837625	672.2165125	903.982275	749.09235	800.142025	831.99635	681.12016875	678.67405625
ILMN_1244147	7073.02275	7228.3994375	7144.64825	5501.0839375	6251.9165625	6843.291125	6666.436625	5885.3009375	5284.0041875	6753.8141875	5261.7406875	8212.2020625	6210.5699375	5235.5604375	5017.492875	7184.1275
ILMN_2736925	147.51644375	173.37554375	159.17185	138.8329125	146.35961875	164.3968125	166.49685	179.20448125	170.86271875	171.64175	165.20645625	152.515875	132.4016625	184.27898125	187.723625	174.29655
ILMN_2622306	95.46102875	105.466215	101.03895	103.036055625	80.446035	92.241450625	128.162825	129.30451875	134.093925	91.141570625	118.982745625	131.91349375	112.3444475	122.31927	97.583255	76.864013125
ILMN_1227817	581.747025	692.932175	612.4552625	681.12016875	450.09990625	551.6918875	595.21409375	701.97584375	724.54374375	540.56240625	654.93716875	642.53469375	557.51616875	774.922225	709.30966875	499.01070625
ILMN_2646985	2939.1021875	3125.4125	2553.0296875	2657.9415625	2747.872	2881.650875	3384.2715625	2698.729	3104.4561875	2334.2050625	3353.5210625	2939.1021875	3186.193375	3275.2453125	2631.082625	2491.2391875
ILMN_1258728	185.25490625	160.37689375	173.37554375	154.2992875	162.6555875	203.529425	159.0277875	145.898675	162.286325	170.2017375	163.2424375	150.2414625	189.473275	149.1243125	151.7113	168.80715
ILMN_2656805	892.5835875	871.928325	1205.7586875	849.21829375	1091.12875625	1029.641025	941.899225	845.59393125	903.982275	1130.81324375	793.42196875	796.67608125	1002.61314375	913.7848	993.2954125	932.24933125
ILMN_1216426	619.76544375	510.5569375	684.55906875	716.28623125	527.07400625	549.89674375	479.6173875	609.015525	690.38670625	593.64370625	596.8079375	568.67436875	572.9692625	709.30966875	712.6582	603.07173125
ILMN_3030470	524.4077875	499.01070625	517.529525	679.91124375	701.97584375	547.767775	549.2649875	691.70765625	808.3092375	646.166675	509.714725	499.01070625	516.35701875	678.67405625	752.23520625	629.7449375
ILMN_1254386	398.285625	439.64811875	430.63421875	355.68825625	409.6476375	426.13363125	417.2681625	383.67525	331.55780625	353.62091875	394.9682625	468.20624375	440.4020125	346.84835	319.296625	416.5290125
ILMN_1220846	1281.5076125	1094.47193125	1275.825625	1416.0072125	1357.73449375	1284.59764375	1130.81324375	1328.9357	1499.0845625	1429.7836125	1111.68751875	1467.699125	1485.9148125	1018.9702	1459.97975	1290.79334375
ILMN_2963483	1488.5588125	1252.1733875	1553.0540625	1436.6275	1577.917625	1606.403875	1294.65333125	1379.9554375	1563.394625	1457.8441875	1405.39675625	1515.7341875	1436.6275	1541.624625	1535.9275625	1773.0195
ILMN_2719702	128.5330625	209.103475	119.956154375	133.43806875	142.114375	181.7425875	178.28668125	118.9281425	178.28668125	127.09165	223.62086875	165.03119375	136.52760625	181.43729375	116.628699375	110.977543125
ILMN_2708404	157.42939375	146.69515625	134.89306875	156.38801875	110.319638125	138.2094375	144.7298375	170.86271875	166.7155	144.38583125	166.5747125	193.5339875	137.88758125	173.90828125	190.08255	119.3709175
ILMN_2607972	509.714725	461.81859375	515.71900625	420.2161375	436.96919375	476.1185375	449.41195625	353.06145	365.182425	456.45375	386.241725	524.4077875	487.81764375	392.65998125	382.0394125	450.87916875
ILMN_2639230	3940.2430625	3953.748625	3770.3874375	3682.3524375	3445.8880625	3834.3006875	3940.2430625	3953.748625	3682.3524375	3436.421625	3796.041	3728.71325	3757.6965625	3853.270625	3496.7734375	3292.12425
ILMN_1229688	1395.78575	1279.10915	1272.7707375	1165.2661875	1172.722225	1433.597	1308.2683375	975.55876875	890.8846625	1191.72529375	1098.48106875	1599.0994375	1294.65333125	1188.904225	965.92841875	1144.45039375
ILMN_3154222	1069.8680125	1050.89158125	989.70889375	1178.73895	1058.70305625	1035.2212625	1047.83524375	1308.2683375	1233.78420625	1114.7287	1185.554375	1058.70305625	1101.2866	1178.73895	1178.73895	1012.87120625
ILMN_2674425	238.7891375	241.2465625	220.08603125	235.79373125	246.43791875	227.4998625	240.692075	246.90165	274.07449375	237.44534375	244.69550625	186.44199375	246.43791875	268.74179375	243.336	242.38879375
ILMN_2625920	1328.9357	1613.5793125	1249.51303125	1138.93230625	952.8408625	1420.65530625	1369.38539375	1211.26603125	1318.1725625	1453.836625	1663.08725	1517.980125	1420.65530625	1532.028875	1420.65530625	1491.8528125
ILMN_3052390	2112.8919375	2189.738	2037.840625	1901.7284375	1925.171375	2022.208	2131.0719375	2143.6614375	1892.11275	2510.9436875	1799.4763125	2228.328875	2243.769375	2029.4189375	1948.114	2272.8855
ILMN_2983587	906.973	836.24015	722.33518125	902.21253125	820.2931	831.99635	855.91689375	948.13583125	1031.5182875	780.5475	1035.2212625	871.928325	898.38510625	1058.70305625	986.313625	826.7718875
ILMN_1215884	845.59393125	691.70765625	621.29355	754.62749375	621.29355	709.30966875	906.973	513.18336875	636.204775	528.659375	796.67608125	492.8494125	654.93716875	825.27274375	719.046825	556.3031625
ILMN_2677728	187.17769375	176.7156375	215.26519375	204.95320625	209.95990625	203.16753125	195.2914625	196.22610625	165.954875	234.5153	181.0369875	195.13283125	187.40104375	164.88851875	163.95495625	209.103475
ILMN_3001013	323.41438125	357.68119375	441.35880625	429.66280625	350.2464875	332.17845625	303.2110375	427.6186125	352.64973125	379.9415625	396.6321	345.38940625	335.0616875	387.961875	400.818975	372.73630625
ILMN_2590015	280.32616875	341.61043125	343.51701875	424.62724375	382.0394125	328.90161875	384.34065	393.7152125	387.961875	369.0737	312.7451875	280.32616875	349.856425	363.99298125	362.90645625	338.01579375
ILMN_2859960	129.95585625	133.87325625	137.35951875	124.76700625	131.7516	125.805925	134.093925	101.8069025	128.92178125	142.58573125	133.31306875	122.7133125	125.1430625	148.7124	92.95297625	116.704525625
ILMN_1249344	2334.2050625	2264.731375	2125.5966875	2624.439625	2364.6356875	2196.211625	2481.5916875	2288.631	2731.420875	2158.863875	2641.6040625	2172.82875	2281.600125	2747.872	2838.8095625	2228.328875
ILMN_2908953	1135.64869375	1101.2866	1323.73580625	1228.17379375	1418.00461875	1194.77774375	1040.3397625	1292.25568125	1142.3346125	1163.75175	944.894575	1001.36695	1067.32936875	978.4476	1149.6691	1348.860525
ILMN_2645662	1606.403875	1153.086725	1729.3028125	2125.5966875	2201.56525	1597.03825	1136.7809625	1952.964125	1909.405	2056.9218125	1337.96778125	1751.0855	1418.00461875	1337.96778125	2406.897125	2164.478
ILMN_2703354	299.09469375	312.7451875	323.1156125	319.932875	338.969875	243.86538125	256.726675	357.10310625	307.1202375	333.580125	227.120325	300.51006875	263.91614375	344.83418125	274.07449375	330.25861875
ILMN_1250417	1357.73449375	1512.9835625	1223.86389375	1001.36695	1029.641025	1399.6960125	1569.421	1154.72575625	1377.04380625	1345.5829875	1817.268875	1416.0072125	1585.203875	1799.4763125	1275.825625	1535.9275625
ILMN_2745318	135.92853125	136.704875	147.32380625	134.3977375	132.4609	149.3582875	131.27735	162.4788625	148.33931875	134.560175	132.4016625	151.1479625	106.9473225	140.1893	186.2141625	159.81698125
ILMN_2939012	805.97924375	889.0091875	1073.825075	1226.33259375	1004.4496375	865.75048125	886.00486875	1281.5076125	1183.2926625	1115.814175	844.16524375	843.17844375	946.97265625	955.69085625	1369.38539375	1037.15800625
ILMN_2751345	98.914894375	106.146181875	99.0234825	136.61658125	93.475575625	113.281014375	105.21574625	139.64135625	153.5859125	111.234585625	115.9625425	106.42664125	109.19637	145.03638125	164.3968125	102.37671125
ILMN_1245250	199.94305625	187.723625	180.3295625	201.08705	136.4538875	182.85221875	199.52053125	260.1345875	191.9776875	182.71784375	204.81031875	242.168325	171.38676875	220.33043125	231.68000625	224.07854375
ILMN_2593117	523.6465625	564.21346875	466.434675	321.82924375	482.1791625	380.48959375	638.36458125	320.69589375	344.83418125	574.9033	639.4019375	446.799425	585.82873125	460.98259375	438.60243125	447.55898125
ILMN_2671366	656.59380625	748.15424375	634.68935625	698.881425	618.0341625	660.82371875	634.68935625	982.52008125	669.95110625	647.28489375	563.63728125	654.93716875	608.020025	793.42196875	737.52373125	722.33518125
ILMN_2892904	704.96834375	652.601775	765.3852875	654.93716875	719.046825	690.38670625	630.68256875	689.3837625	656.59380625	596.8079375	593.64370625	675.1991125	610.8717375	609.015525	549.2649875	703.5802625
ILMN_3088934	4137.6650625	4452.0114375	5120.44175	6292.2961875	5100.66625	3971.043125	4059.5295	5762.73775	6096.572375	5390.3065625	4410.4075	4344.53675	3971.043125	4410.4075	6136.195875	5017.492875
ILMN_2719097	372.341475	373.78556875	502.513075	340.65205625	436.32871875	422.1692375	425.43803125	435.835025	378.12289375	427.6186125	216.00235625	270.48401875	421.78673125	277.7191375	322.65033125	429.66280625
ILMN_2739364	138.493975	130.4140875	148.7124	163.813025	162.4788625	123.17825	120.931299375	142.3656125	134.32206875	146.47023125	128.92178125	109.87727375	107.10756	123.17825	118.2936625	133.0385625
ILMN_2939503	179.673275	214.63416875	220.50859375	183.9246375	196.029325	237.210825	169.88470625	169.04061875	164.3968125	194.03785625	169.04061875	222.9096625	207.04245	191.631825	152.372725	184.0525875
ILMN_2710354	2089.5956875	2201.56525	1549.452	851.2181625	1440.767375	1359.73494375	2689.4941875	877.80959375	1054.36065625	2747.872	1515.7341875	1529.5255625	2022.208	1133.0493375	1308.2683375	1919.0003125
ILMN_2987107	8492.1395	7884.927125	7332.76175	7630.668	6716.896125	7724.063375	7591.974125	7630.668	7884.927125	7073.02275	9249.246625	8285.4875	7591.974125	9249.246625	7411.148625	6332.6618125
ILMN_2757861	711.26331875	728.21921875	698.881425	768.13921875	580.68080625	638.36458125	764.2097375	791.96815625	761.0036625	715.03693125	801.81858125	759.58360625	665.2559875	673.8294125	796.67608125	623.59819375
ILMN_2597827	113.965685625	97.700478125	134.66733125	117.29396875	110.1219775	118.805108125	86.57016375	102.8892825	101.015840625	104.721908125	110.5282575	131.43111875	126.7113625	101.48536875	105.8060175	115.70334
ILMN_1223848	507.9213875	471.9612875	526.3651125	649.74345625	476.1185375	496.93676875	505.60308125	594.5953875	608.020025	551.6918875	631.9964875	518.60681875	499.01070625	601.04705625	651.440175	541.8511625
ILMN_3124226	676.4500125	665.2559875	660.82371875	616.95135	679.91124375	733.7992	771.5237875	653.84860625	596.8079375	711.26331875	676.4500125	645.18645625	804.60284375	682.99356875	653.84860625	667.346975
ILMN_2659062	119.956154375	131.7516	133.0385625	166.7155	82.377486875	109.678511875	146.35961875	193.07526875	210.29248125	150.34926875	153.038975	153.038975	131.91349375	185.43579375	173.1835875	95.747703125
ILMN_2590908	325.79024375	305.74060625	332.17845625	278.2667625	346.35661875	308.440225	314.987925	273.0291875	239.0553	305.29793125	294.1801625	298.81056875	328.285625	229.5596375	280.7798125	291.65074375
ILMN_2662036	1761.7409375	1928.6761875	1342.66180625	1126.81623125	1539.848	1808.6184375	1707.034625	1323.73580625	1286.1005125	1549.452	1379.9554375	1613.5793125	1848.017125	1526.519875	1220.88975625	1521.487125
ILMN_1256699	168.3561625	161.551425	148.8364625	136.89603125	109.487064375	154.1588625	155.98471875	164.0783625	149.87991875	130.19934375	183.64101875	150.34926875	160.37689375	162.934825	132.60215	151.58565625
ILMN_2859902	744.27988125	737.52373125	601.04705625	747.19006875	748.15424375	716.28623125	690.38670625	676.4500125	603.07173125	689.3837625	665.2559875	661.9242375	722.33518125	737.52373125	661.9242375	578.27779375
ILMN_1243799	107.137295625	108.739425	115.143828125	121.653625	136.704875	122.195053125	116.987925	133.9557875	124.417475	117.784730625	119.3709175	112.3777025	109.735179375	126.30664375	121.24155375	118.15266125
ILMN_2994063	754.62749375	693.96675625	629.7449375	695.1960625	656.59380625	619.76544375	685.93454375	712.6582	742.81638125	566.12206875	820.2931	865.75048125	762.295575	753.64794375	718.119375	601.04705625
ILMN_2633148	224.07854375	246.70936875	214.87245625	263.5487875	223.28705625	202.5795125	232.463875	231.68000625	245.33235	250.2519625	268.74179375	216.67686875	246.22676875	278.67450625	248.03146875	261.23531875
ILMN_2683374	1707.034625	1459.97975	1389.53755625	1648.387625	1436.6275	1453.836625	1599.0994375	1616.891125	1691.932625	1412.31079375	1549.452	1707.034625	1793.433875	1601.894875	1703.268	1340.43134375
ILMN_2786160	1399.6960125	1197.1950625	1405.39675625	1215.46968125	1499.0845625	1476.0480625	1252.1733875	1279.10915	1459.97975	1416.0072125	1342.66180625	1546.757625	1588.2665625	1363.2152	1348.860525	1665.832375
ILMN_2727318	11659.052625	11230.1335625	10724.79525	12309.0020625	10724.79525	11495.6474375	12309.0020625	11230.1335625	13172.297875	10333.5746875	12961.611375	10674.29	11938.2769375	13731.0364375	12195.6165625	10841.250625
ILMN_1258977	1978.2611875	2164.478	1944.8068125	1892.11275	1964.982125	1937.256125	2063.82525	1751.0855	1841.8780625	2042.1346875	2189.738	1851.1645625	2112.8919375	2172.82875	1817.268875	2238.6796875
ILMN_2675064	1089.18391875	809.68798125	1176.1765125	639.4019375	1412.31079375	785.55970625	943.18929375	638.36458125	583.84518125	1294.65333125	508.66270625	941.899225	865.75048125	576.2538625	507.9213875	1093.05636875
ILMN_2758896	286.81030625	314.3022625	314.7001	250.930975	345.38940625	260.4962375	315.527125	225.11594375	263.31391875	285.20514375	242.69094375	286.81030625	323.1156125	281.8167875	250.2519625	339.5567875
ILMN_3161105	316.0292125	291.3637	326.28495625	305.74060625	216.00235625	333.580125	285.20514375	284.58690625	281.32585625	287.97133125	321.82924375	338.01579375	360.557825	300.13343125	278.67450625	307.59543125
ILMN_2845917	3177.6788125	3049.8525625	3134.3626875	2998.837625	2975.30275	3031.3415	3144.962875	2864.5063125	2738.6715	3064.3103125	3248.2679375	2975.30275	3177.6788125	3155.7905625	2916.3459375	2975.30275
ILMN_2592656	3641.0309375	3728.71325	3480.6066875	3177.6788125	3307.411375	3463.9809375	4036.32475	3358.915875	3422.046375	3358.915875	3546.5745	4082.71825	3422.046375	3770.3874375	3353.5210625	3323.130125
ILMN_2974601	1443.8409375	1423.25485	1379.9554375	1556.765375	1541.624625	1331.98633125	1556.765375	1476.0480625	1440.767375	1288.97909375	1593.675875	1197.1950625	1470.9896875	1523.2851875	1453.836625	1369.38539375
ILMN_2613076	142.76286875	135.00350625	115.83833375	105.21574625	123.67819375	139.41925	133.6731375	126.430475	127.80019375	135.840375	119.319458125	150.64725625	130.53025625	147.32380625	127.1895375	112.037173125
ILMN_2930819	1719.596	1599.0994375	1817.268875	1606.403875	2013.110125	1672.5034375	1751.0855	1565.7745625	1630.3749375	1680.0055	1517.980125	1799.4763125	1577.917625	1510.2215	1563.394625	1716.46775
ILMN_2704715	1082.09006875	991.49634375	1464.879	1402.53706875	1223.86389375	1004.4496375	1002.61314375	1416.0072125	1163.75175	1259.73734375	937.8576625	896.56195625	796.67608125	1102.75900625	1402.53706875	1135.64869375
ILMN_2702628	440.4020125	513.72638125	426.13363125	628.2296125	460.56375625	430.63421875	556.3031625	636.204775	601.77260625	511.4432375	625.94640625	451.59918125	535.7323125	629.7449375	633.27214375	485.53976875
ILMN_2676716	214.87245625	196.7999	177.977475	163.2424375	257.1474375	184.0525875	202.7771	180.588125	143.68168125	217.9913875	163.95495625	164.3968125	222.9096625	147.701675	180.01171875	193.5339875
ILMN_2912598	239.731575	259.57115	253.16974375	239.3336125	284.58690625	275.04995	248.3792375	265.53608125	247.57271875	263.91614375	260.4962375	255.90626875	265.53608125	213.04775625	236.130475	288.4541
ILMN_1219797	394.9682625	352.64973125	347.2855875	413.6796125	411.74715	383.67525	321.4583	426.13363125	428.2162625	399.899675	385.60209375	367.22568125	325.79024375	413.1436125	448.8247125	357.10310625
ILMN_2850450	1237.64559375	1073.825075	1301.79445	1695.865	1345.5829875	1345.5829875	1018.9702	1691.932625	1672.5034375	1385.99768125	1279.10915	1244.2882125	1262.084325	1012.87120625	1625.73425	1056.7428375
ILMN_1260219	5859.1675625	5824.636	5691.950125	4735.2788125	5630.295	5986.11875	6059.90325	4964.116125	5432.2115	5261.7406875	5100.66625	6332.6618125	5458.565	5120.44175	4376.21475	6159.7626875
ILMN_1244726	247.27466875	243.86538125	191.631825	247.27466875	188.93926875	212.77806875	280.32616875	207.70706875	231.05068125	192.86455	277.15685625	230.4721	231.4094625	284.58690625	208.02386875	217.22279375
ILMN_2638147	4530.4624375	4376.21475	3901.5434375	3834.3006875	4166.331375	4544.1546875	4344.53675	4059.5295	3796.041	4293.4258125	3996.876	4452.0114375	4514.3431875	3940.2430625	3728.71325	4544.1546875
ILMN_1258534	913.7848	845.59393125	868.936125	769.2259125	1037.15800625	809.68798125	871.928325	716.28623125	811.4076125	896.56195625	673.8294125	758.1567625	905.5100875	698.881425	771.5237875	833.42680625
ILMN_3071104	765.3852875	892.5835875	908.8836125	778.8566	829.02494375	791.96815625	910.37574375	704.96834375	791.96815625	889.0091875	800.142025	936.561775	854.31285625	820.2931	704.96834375	910.37574375
ILMN_2724194	135.53380625	169.88470625	159.56865625	136.24591875	131.80700625	137.2026125	226.2570875	151.29939375	150.2414625	134.66733125	192.157875	151.49008125	156.89665	172.23488125	145.79421875	122.195053125
ILMN_2721149	144.260675	127.1895375	124.85291875	126.03825625	142.48908125	156.99936875	122.41531875	130.6918125	162.4788625	134.479925	137.3024375	155.0321	159.81698125	133.43806875	144.9504375	166.49685
ILMN_2799945	560.8079	664.2749	475.084675	542.5852375	420.2161375	577.3044	537.3564875	724.54374375	587.55103125	430.63421875	499.01070625	522.02868125	407.82223125	638.36458125	547.767775	552.80308125
ILMN_2717172	944.894575	870.534625	1077.30364375	932.24933125	955.69085625	761.0036625	989.70889375	1106.1448625	968.52038125	937.8576625	890.8846625	965.92841875	870.534625	868.936125	1031.5182875	884.5102875
ILMN_3109491	4834.3839375	3862.5035625	5159.29925	6332.6618125	4253.6859375	4183.4475625	4048.0388125	5986.11875	5017.492875	5630.295	3940.2430625	4315.6864375	4137.6650625	4082.71825	5316.6859375	4880.49925
ILMN_2652518	886.00486875	830.115225	847.2564125	833.42680625	703.5802625	748.15424375	900.229325	939.87478125	975.55876875	830.115225	941.899225	785.55970625	937.8576625	1004.4496375	946.97265625	928.73256875
ILMN_2680665	3409.3478125	3397.958	2890.73225	3556.7825	2816.5711875	3624.416875	3282.743375	3353.5210625	3610.6621875	2963.303625	3658.924875	3496.7734375	3624.416875	3672.7575	3534.9343125	2998.837625
ILMN_2701383	127.72565625	129.10061875	117.29396875	126.5154875	131.66101875	133.379225	113.480361875	108.84136875	120.24917875	123.77083125	108.30596375	128.44940625	143.37633125	110.595898125	108.11154125	115.9625425
ILMN_2684388	305.74060625	280.7798125	259.10294375	236.39815625	322.65033125	276.12820625	301.5162	215.26519375	225.56696875	247.57271875	259.57115	269.0900875	283.215625	255.342925	221.015275	256.726675
ILMN_1242178	1657.091625	1574.8205625	1703.268	1450.9011875	2007.6768125	1565.7745625	1606.403875	1668.6805625	1433.597	1928.6761875	1286.1005125	1621.1950625	1399.6960125	1331.98633125	1476.0480625	1808.6184375
ILMN_2724415	1331.98633125	1412.31079375	1515.7341875	1593.675875	1505.6170625	1478.5996875	1345.5829875	1563.394625	1426.63413125	1541.624625	1366.5811	1581.35175	1433.597	1369.38539375	1443.8409375	1331.98633125
ILMN_1252335	4363.454875	4667.497625	4376.21475	3996.876	4680.85275	4410.4075	4602.2670625	4137.6650625	3834.3006875	4464.1320625	4224.2954375	4436.122	4559.2555625	4363.454875	3770.3874375	4452.0114375
ILMN_1215967	601.77260625	576.2538625	585.82873125	528.659375	706.28880625	586.82305	589.33045	543.97434375	579.1233125	681.12016875	616.95135	609.015525	598.9458625	436.32871875	593.64370625	681.12016875
ILMN_1232025	140.39288125	142.0322125	183.22048125	145.79421875	194.98645	138.9548125	146.249475	147.21659375	164.19486875	178.6904875	132.205225	122.31927	141.825175	138.8329125	157.56325625	152.22359375
ILMN_3071764	276.12820625	304.5775125	257.1474375	226.68588125	228.82529375	246.43791875	308.03741875	254.823675	276.12820625	242.168325	302.4367625	246.90165	239.731575	269.9254375	283.215625	294.61255625
ILMN_1219564	223.72760625	222.10299375	209.103475	229.10846875	205.07035	298.077875	236.130475	199.67699375	224.07854375	204.95320625	222.42536875	219.84864375	238.7891375	234.5153	208.8861375	235.79373125
ILMN_2870950	10060.255125	11065.510875	11297.6646875	10060.255125	11173.0176875	10724.79525	10333.5746875	9671.8816875	8994.49525	10060.255125	9753.672125	9249.246625	10443.30125	8994.49525	8834.2650625	10674.29
ILMN_2604794	2574.93875	2476.998875	2342.59925	2963.303625	2781.58875	2325.05	2874.069125	3216.0641875	2928.994125	2827.8411875	2510.9436875	2118.75825	2553.0296875	3397.958	3583.1270625	2522.957375
ILMN_2639189	124.0164625	119.074268125	134.02999375	122.31927	121.37270625	159.56865625	123.91041875	132.896825	124.27139375	139.7600375	113.638276875	127.2450625	132.698425	113.525858125	122.41531875	129.95585625
ILMN_3151492	297.66561875	216.67686875	347.6172625	347.6172625	267.27683125	292.0348375	192.157875	343.51701875	325.4101375	337.48220625	205.07035	282.668375	332.51471875	209.95990625	305.29793125	282.668375
ILMN_2837189	1825.6773125	1729.3028125	2500.73225	2448.833375	2037.840625	1933.3263125	1529.5255625	2148.8818125	2320.2016875	2201.56525	1919.0003125	1876.157875	1716.46775	1665.832375	2355.1674375	1859.51175
ILMN_1224336	2388.401875	1841.8780625	2593.7214375	2476.998875	2461.6148125	2164.478	1790.375375	2022.208	2183.460125	2416.0603125	1638.406375	2223.8230625	2052.1315	1808.6184375	2063.82525	2313.56925
ILMN_2644480	145.03638125	156.7400875	153.8393625	130.09806875	168.80715	129.64690625	129.03165	123.83503125	115.0698675	160.77475625	134.02999375	157.693625	119.43970125	122.41531875	116.08336	138.60301875
ILMN_1252602	207.70706875	205.534625	193.88205	149.21289375	218.25731875	210.29248125	204.95320625	185.43579375	142.249075	162.6555875	174.942675	174.510375	191.9776875	161.81215625	187.40104375	220.8166125
ILMN_2964728	466.434675	480.16580625	461.81859375	453.05573125	605.16504375	581.747025	514.343425	394.19975	423.20989375	461.81859375	524.4077875	565.08385	494.18310625	438.60243125	427.12645	524.4077875
ILMN_3158444	253.8598	263.91614375	240.45228125	371.001275	154.1588625	220.08603125	216.99501875	346.35661875	396.6321	276.746625	387.2671875	258.45333125	241.5009	346.35661875	427.6186125	232.7016375
ILMN_2676056	151.58565625	166.21005625	167.7883625	156.89665	113.415215	155.31084375	156.7400875	178.96955	200.89800625	161.26354375	177.32429375	185.0267625	148.0848125	193.3669875	167.96165625	140.78546875
ILMN_1228796	307.1202375	332.17845625	279.95749375	233.2049125	274.6481375	329.3921125	296.89524375	241.2465625	236.130475	279.0067375	250.65075	286.13239375	287.6191125	264.8414125	221.5099	292.76560625
ILMN_2660103	748.15424375	741.15223125	785.55970625	800.142025	667.346975	645.18645625	722.33518125	833.42680625	860.29973125	733.7992	787.17976875	819.3952875	730.96755	803.50789375	905.5100875	991.49634375
ILMN_1234685	1793.433875	1447.2469375	1546.757625	1447.2469375	1672.5034375	1512.9835625	1512.9835625	1382.81021875	1467.699125	1716.46775	1418.00461875	1539.848	1851.1645625	1521.487125	1433.597	1654.4488125
ILMN_2616422	716.28623125	721.06025	829.02494375	558.30926875	801.81858125	668.6408375	697.11445625	521.16900625	448.20770625	742.81638125	456.45375	608.020025	649.74345625	536.63215625	496.135925	736.02556875
ILMN_3133267	178.96955	145.5794125	186.66923125	162.934825	158.53173125	140.78546875	152.69155	157.56325625	156.60838125	167.96165625	150.51230625	155.98471875	153.038975	175.98158125	167.46681875	186.01159375
ILMN_1259004	105.41077625	105.0368925	132.7850125	113.965685625	133.56350625	115.45249	110.27779375	139.28285	130.0340125	130.0340125	122.83345	92.074044375	111.549485	108.84136875	113.846940625	133.6731375
ILMN_2730714	12195.6165625	12022.927	12309.0020625	11659.052625	13172.297875	11818.927875	11659.052625	11065.510875	11938.2769375	12776.28325	11659.052625	11938.2769375	12022.927	11818.927875	11408.793	13534.7125
ILMN_3001417	4706.18725	4239.0556875	3682.3524375	3282.743375	3757.6965625	4619.5934375	4115.4703125	3463.9809375	3445.8880625	3641.0309375	4100.9669375	4642.1986875	4544.1546875	4137.6650625	3546.5745	3953.748625
ILMN_2496121	327.851675	346.84835	258.45333125	261.69506875	332.17845625	334.0526875	312.35949375	330.6628875	269.31935625	303.5227625	308.76860625	313.27270625	356.32760625	323.1156125	285.20514375	281.8167875
ILMN_2839745	379.33124375	366.8749875	452.3838625	406.94613125	430.63421875	458.6657375	337.48220625	434.11775625	480.9888125	482.1791625	308.03741875	508.66270625	451.59918125	340.65205625	445.80331875	439.64811875
ILMN_1218151	136.01621875	161.26354375	154.1588625	124.914075	108.30596375	152.515875	132.7850125	113.638276875	146.47023125	127.3510375	171.22390625	125.805925	140.8878375	124.0164625	114.250825	133.43806875
ILMN_2893564	200.4274125	210.5832875	185.25490625	182.85221875	226.0137125	203.7438375	246.70936875	185.88055	207.23683125	235.79373125	214.999475	201.08705	246.70936875	235.43113125	191.631825	218.7287625
ILMN_1237241	272.57405	271.68064375	302.0011375	208.8861375	323.41438125	268.257725	266.98208125	264.24041875	278.2667625	326.82395625	235.43113125	293.02445625	295.17453125	241.0027875	203.0263	283.540325
ILMN_2655871	134.02999375	145.03638125	155.81645625	139.41925	148.93023125	126.8687375	132.10626875	163.10266875	128.63870625	165.4697625	126.30664375	144.86123125	122.195053125	133.6731375	129.55834375	129.8790875
ILMN_1253761	255.71478125	248.81170625	310.557075	233.4838625	289.80645	231.99835625	254.10841875	243.86538125	259.57115	254.10841875	238.31953125	271.34849375	245.7140625	259.57115	212.56733125	272.57405
ILMN_1248125	320.69589375	279.95749375	280.7798125	260.86174375	276.421125	283.540325	279.61274375	241.740075	275.47909375	368.19235625	285.20514375	299.09469375	304.13445625	321.82924375	271.34849375	304.13445625
ILMN_2746132	1385.99768125	1851.1645625	1581.35175	1501.8286875	1318.1725625	1395.78575	1581.35175	1478.5996875	1695.865	1625.73425	1635.846125	1328.9357	1328.9357	1606.403875	1569.421	1747.868375
ILMN_2885123	287.6191125	297.66561875	399.899675	240.692075	386.81351875	229.88585625	325.01405625	234.260575	262.09323125	442.89155	283.540325	235.25141875	234.260575	338.969875	264.8414125	427.6186125
ILMN_1220398	1062.9545625	968.52038125	1126.81623125	826.7718875	950.49096875	941.899225	1050.89158125	835.00675625	852.3978375	1157.0028125	816.19315625	1035.2212625	928.73256875	857.74695625	870.534625	1018.9702
ILMN_1253601	223.11305	255.342925	236.75499375	165.954875	217.22279375	236.61770625	230.76646875	199.27065	212.2325375	232.7016375	234.260575	267.27683125	264.523	179.673275	197.0282375	255.71478125
ILMN_2704826	11938.2769375	12961.611375	14760.245625	13534.7125	15811.34625	10674.29	13172.297875	13534.7125	12621.3100625	15312.959375	11495.6474375	11818.927875	11408.793	12309.0020625	12022.927	13731.0364375
ILMN_1220417	167.46681875	161.43203125	177.7439375	163.95495625	189.08605625	174.6676875	175.692725	143.8182375	159.69138125	173.37554375	172.0150375	178.28668125	174.1205625	164.74565625	138.60301875	174.1205625
ILMN_2754492	98.3837425	101.455893125	104.931365625	139.9945375	88.47611625	90.45675125	101.764814375	100.0861875	129.8790875	97.92421375	105.775105625	96.820976875	100.057215625	100.422220625	124.914075	94.4450625
ILMN_2672208	729.4838	733.7992	600.22399375	549.89674375	638.36458125	646.166675	728.21921875	535.7323125	622.424775	649.74345625	719.046825	569.9199	761.0036625	693.96675625	623.59819375	758.1567625
ILMN_2707207	3358.915875	3996.876	3883.6430625	4059.5295	4327.9955625	3480.6066875	4396.7099375	4464.1320625	4115.4703125	3572.0115	4183.4475625	3397.958	3610.6621875	4706.18725	4363.454875	3583.1270625
ILMN_1257298	3741.448875	3658.924875	3323.130125	3583.1270625	3741.448875	3672.7575	3546.5745	4115.4703125	4166.331375	3526.0949375	4166.331375	3583.1270625	3883.6430625	4270.5875	4206.7450625	3353.5210625
ILMN_2623793	306.2683	302.9173875	325.4101375	457.2691	214.999475	327.20638125	269.0900875	394.9682625	444.0608625	298.077875	428.2162625	350.2464875	300.51006875	375.74753125	435.13193125	301.5162
ILMN_1217040	1658.9980625	1997.4680625	1802.7274375	1616.891125	1700.66975	1925.171375	2238.6796875	1593.675875	1565.7745625	1642.0229375	1933.3263125	1733.5576875	1978.2611875	1859.51175	1610.26175	1648.387625
ILMN_2736847	1080.43248125	1067.32936875	519.32630625	462.82	545.7415125	950.49096875	1062.9545625	477.51089375	653.84860625	533.3672125	1153.086725	1117.5936875	973.91274375	1200.59594375	502.513075	546.67505625
ILMN_3163221	569.9199	607.033175	605.16504375	522.02868125	558.30926875	667.346975	562.62983125	597.95865625	592.42118125	605.16504375	475.084675	577.3044	629.7449375	546.67505625	521.16900625	615.6507375
ILMN_2656440	630.68256875	601.04705625	465.7442	508.66270625	522.02868125	610.22988125	733.7992	505.60308125	534.31181875	481.47731875	592.42118125	619.76544375	712.6582	685.93454375	628.2296125	491.6045875
ILMN_1247873	193.7898875	169.214	242.168325	181.23368125	186.66923125	222.66893125	191.631825	197.2252125	195.2914625	182.85221875	156.10200625	190.76133125	168.80715	185.59075	211.3284125	237.210825
ILMN_2751354	420.2161375	447.55898125	518.60681875	470.87679375	423.20989375	442.1013375	413.1436125	488.60263125	460.98259375	483.0917625	468.20624375	452.3838625	396.1385875	472.914975	430.63421875	493.5442
ILMN_2739645	302.0011375	311.953325	311.04498125	369.6460875	365.57460625	388.98266875	248.81170625	333.03789375	388.29455	266.54350625	250.930975	342.9916375	298.81056875	244.69550625	321.4583	329.84598125
ILMN_2612513	3353.5210625	3367.8920625	3186.193375	2560.1100625	3282.743375	3144.962875	3307.411375	2668.906125	2568.4504375	3232.3765	2968.9675625	3186.193375	3353.5210625	2448.833375	2641.6040625	3177.6788125
ILMN_1252111	2481.5916875	2437.573625	2383.1305	3049.8525625	2468.7893125	2461.6148125	2426.33675	3186.193375	3144.962875	2406.897125	3260.6586875	2388.401875	2890.73225	2916.3459375	3144.962875	2476.998875
ILMN_2955362	430.1853875	433.41804375	539.54431875	566.12206875	492.8494125	527.07400625	485.53976875	747.19006875	586.82305	453.55994375	434.11775625	628.2296125	453.55994375	503.5053625	616.95135	695.1960625
ILMN_2687372	380.48959375	324.18878125	431.7225875	412.55158125	389.97513125	460.56375625	386.241725	429.66280625	391.4559875	374.74366875	346.35661875	444.0608625	362.3423375	374.27375	384.34065	462.82
ILMN_1233304	722.33518125	661.9242375	820.2931	860.29973125	960.96005	718.119375	598.9458625	892.5835875	870.534625	857.74695625	572.9692625	829.02494375	721.06025	605.16504375	812.9982	838.49383125
ILMN_1228426	134.89306875	150.78871875	151.58565625	157.9106125	132.896825	146.9285625	110.81515	144.38583125	152.515875	160.6173125	141.825175	136.79684375	152.1062	138.493975	164.0783625	174.510375
ILMN_1258943	281.8167875	268.257725	357.68119375	292.76560625	220.08603125	242.168325	283.540325	304.5775125	251.62058125	293.02445625	241.2465625	281.32585625	197.96421875	260.4962375	276.421125	299.09469375
ILMN_2732998	302.4367625	296.89524375	267.27683125	375.74753125	324.18878125	284.07173125	320.96831875	400.818975	398.8783375	294.1801625	452.3838625	315.527125	312.35949375	371.5558125	468.86593125	309.742025
ILMN_2847004	387.961875	407.82223125	332.51471875	312.35949375	308.440225	404.7403875	426.13363125	342.5941	376.43794375	344.2023125	558.30926875	444.5415	476.99363125	541.213475	422.1692375	342.5941
ILMN_2754220	381.63321875	338.969875	399.316725	343.51701875	342.5941	418.11000625	310.557075	369.6460875	318.36661875	401.56864375	284.58690625	376.43794375	401.56864375	299.838875	333.03789375	423.94420625
ILMN_2729783	372.73630625	278.67450625	368.69168125	243.336	382.95286875	357.10310625	222.9096625	262.09323125	265.53608125	316.35359375	278.2667625	342.5941	320.36241875	256.2845125	343.51701875	279.0067375
ILMN_1257631	213.93013125	222.9096625	236.95804375	233.86650625	242.168325	247.57271875	210.29248125	214.999475	256.726675	241.90995	220.08603125	246.43791875	230.0987875	200.7246625	195.7818	231.68000625
ILMN_2725286	362.90645625	293.85094375	313.27270625	269.54261875	335.58544375	288.4541	342.5941	259.10294375	290.319825	340.10790625	236.130475	303.5227625	279.61274375	262.67929375	259.10294375	287.144725
ILMN_1225027	326.82395625	336.38178125	398.285625	444.0608625	269.31935625	340.65205625	305.74060625	572.9692625	431.7225875	331.55780625	341.124375	362.90645625	304.5775125	402.7885	457.93085	346.35661875
ILMN_1243593	6627.1081875	5691.950125	6136.195875	5762.73775	5691.950125	6791.54225	5691.950125	5592.9835	5720.023125	6332.6618125	5458.565	6997.7991875	6578.41025	5100.66625	5859.1675625	5859.1675625
ILMN_2660898	165.954875	195.7818	199.52053125	208.4504625	218.7287625	222.42536875	190.51620625	189.26159375	241.5009	219.13505625	167.0412125	180.922175	223.62086875	230.76646875	254.823675	198.73825
ILMN_2644161	997.9165375	1083.9575	1161.1970625	1035.2212625	1292.25568125	1094.47193125	964.61938125	1029.641025	991.49634375	1154.72575625	1149.6691	968.52038125	993.2954125	1069.8680125	964.61938125	1094.47193125
ILMN_2588682	453.55994375	394.19975	511.4432375	494.18310625	517.00189375	427.6186125	460.56375625	413.6796125	453.55994375	449.41195625	368.69168125	501.45809375	352.64973125	358.44570625	420.2161375	509.714725
ILMN_2706051	3031.3415	2816.5711875	3114.975	2731.420875	2710.1726875	2681.920625	2800.7055	2582.3805	2641.6040625	2738.6715	2476.998875	2963.303625	2491.2391875	2388.401875	2342.59925	2781.58875
ILMN_2691567	204.95320625	192.6032125	227.4998625	244.69550625	280.32616875	254.36886875	211.3284125	225.29593125	228.38930625	217.22279375	226.2570875	220.50859375	200.56650625	171.38676875	234.260575	245.7140625
ILMN_2606990	486.43069375	450.09990625	435.13193125	457.93085	444.5415	475.084675	491.6045875	365.57460625	399.899675	470.87679375	534.31181875	525.57068125	483.86240625	485.53976875	476.1185375	389.97513125
ILMN_2628551	1315.989225	1262.084325	1178.73895	1185.554375	1286.1005125	1226.33259375	1385.99768125	1077.30364375	1194.77774375	1284.59764375	1340.43134375	1255.287775	1320.76196875	1265.42595625	1161.1970625	1249.51303125
ILMN_2776681	557.51616875	569.9199	726.77698125	610.8717375	855.91689375	554.6096625	622.424775	589.33045	525.57068125	691.70765625	580.68080625	601.04705625	594.5953875	511.4432375	597.95865625	589.33045
ILMN_2668977	34808.40625	34808.40625	29198.485625	32505.79625	30659.768125	32505.79625	34808.40625	31429.665	33503.791875	33503.791875	33503.791875	32505.79625	34808.40625	34808.40625	31429.665	31429.665
ILMN_2704641	4270.5875	4619.5934375	4048.0388125	4344.53675	4270.5875	4059.5295	4577.5029375	4559.2555625	4293.4258125	4270.5875	4880.49925	3834.3006875	4152.0380625	4951.3425625	4464.1320625	3796.041
ILMN_2647553	153.34843125	175.692725	149.79191875	227.4998625	131.27735	162.4788625	160.6173125	209.32098125	214.87245625	159.81698125	251.30326875	171.50286875	149.02734375	243.0280375	215.6734625	129.10061875
ILMN_2910684	133.6731375	159.69138125	135.92853125	154.1588625	144.00685625	159.81698125	166.87675	153.038975	159.97255	165.954875	167.96165625	158.53173125	157.42939375	174.6676875	152.22359375	136.704875
ILMN_2668778	121.048245	130.90685	125.0597375	115.243696875	139.15418125	139.87195625	119.23269	117.03301125	110.873780625	129.55834375	119.956154375	121.37270625	127.8719875	126.5154875	130.0340125	132.205225
ILMN_2971073	169.214	153.1769625	176.99835	172.0150375	162.17669375	156.89665	142.76286875	162.286325	176.12585	150.51230625	147.93004375	168.20095	165.20645625	160.77475625	180.588125	181.7425875
ILMN_2671843	139.15418125	136.24591875	125.6313	126.79658125	108.480956875	132.4016625	113.415215	117.94880375	126.03825625	114.97474375	138.70476875	130.0340125	149.21289375	157.83153125	127.72565625	104.67067125
ILMN_2644477	225.56696875	234.86673125	237.210825	239.731575	285.79318125	248.81170625	235.25141875	212.036425	185.43579375	212.036425	202.5795125	228.38930625	210.29248125	169.214	194.641925	215.532425
ILMN_1236413	155.81645625	134.093925	110.5282575	132.60215	114.710489375	118.025370625	125.36169375	129.71258125	129.95585625	113.562564375	193.7898875	140.39288125	150.8607	206.018925	146.249475	98.575135625
ILMN_1233056	116.25198875	133.31306875	148.42471875	135.5993875	130.4140875	124.14365	121.580483125	140.1893	143.20033125	134.02999375	127.46519375	111.916439375	122.245771875	122.195053125	146.69515625	149.64721875
ILMN_2679131	110.222861875	147.51644375	128.8212375	125.9750625	120.931299375	132.60215	144.00685625	132.4016625	167.96165625	118.15266125	136.89603125	104.388986875	135.92853125	126.2334375	130.97268125	127.2450625
ILMN_2984793	517.00189375	487.0973125	543.97434375	580.68080625	592.42118125	545.7415125	435.835025	538.40756875	598.9458625	590.2830875	621.29355	506.4152125	520.452825	515.00791875	581.747025	525.57068125
ILMN_2741063	193.07526875	187.9385375	197.96421875	264.24041875	191.8118125	193.7898875	175.28598125	257.3934125	218.5558625	252.8984	238.0985	215.532425	170.992825	203.7438375	223.11305	200.89800625
ILMN_2904321	718.119375	667.346975	645.18645625	571.6147875	647.28489375	703.5802625	601.77260625	581.747025	648.30325625	668.6408375	607.033175	764.2097375	643.92078125	628.2296125	648.30325625	741.15223125
ILMN_2663015	349.856425	332.51471875	352.044	286.81030625	363.99298125	353.06145	331.55780625	336.88030625	319.52645625	350.950725	327.851675	375.74753125	341.61043125	305.29793125	312.35949375	381.63321875
ILMN_2698361	736.02556875	780.5475	586.82305	700.53440625	475.084675	676.4500125	765.3852875	758.1567625	804.60284375	619.76544375	939.87478125	761.0036625	926.7802875	902.21253125	794.63866875	710.4593125
ILMN_2606564	220.08603125	192.157875	241.0027875	238.0985	256.726675	200.7246625	188.73664375	252.4631	230.76646875	250.65075	188.73664375	213.04775625	195.7818	207.23683125	218.25731875	178.6904875
ILMN_1223343	249.19909375	286.13239375	255.90626875	256.726675	318.03841875	271.34849375	237.44534375	325.4101375	259.10294375	269.54261875	233.70659375	267.6644625	254.36886875	239.3336125	301.5162	305.29793125
ILMN_2646411	455.44276875	456.45375	427.12645	352.044	388.98266875	563.63728125	473.52364375	388.29455	408.5570375	353.06145	474.47324375	539.54431875	427.6186125	486.43069375	416.5290125	335.58544375
ILMN_3163211	295.67068125	306.74313125	279.0067375	281.32585625	307.1202375	280.7798125	316.0292125	326.82395625	304.5775125	301.5162	347.2855875	275.04995	318.03841875	320.96831875	287.144725	271.34849375
ILMN_1247760	235.43113125	183.40340625	275.47909375	247.57271875	248.3792375	236.39815625	212.77806875	191.9776875	250.930975	220.8166125	212.56733125	181.43729375	198.2266625	251.30326875	200.7246625	243.64128125
ILMN_2895991	1812.93475	1781.5615	1585.203875	1601.894875	1405.39675625	1829.6575625	1635.846125	1556.765375	1420.65530625	1599.0994375	1304.11341875	1919.0003125	1571.518	1505.6170625	1470.9896875	1478.5996875
ILMN_1214070	386.241725	368.19235625	394.19975	353.06145	411.01455625	400.818975	368.19235625	340.65205625	305.29793125	406.94613125	372.73630625	408.5570375	349.2293625	354.05960625	346.35661875	436.96919375
ILMN_2660182	520.452825	489.587425	598.9458625	536.63215625	600.22399375	567.74288125	527.93001875	559.57819375	458.6657375	564.21346875	431.7225875	510.5569375	510.5569375	516.35701875	620.669025	566.12206875
ILMN_1225594	1470.9896875	1588.2665625	1355.16958125	1357.73449375	1478.5996875	1767.103375	1601.894875	1402.53706875	1599.0994375	1418.00461875	1773.0195	1802.7274375	1737.21975	1832.8898125	1560.8211875	1433.597
ILMN_2817021	226.0137125	213.7162125	262.67929375	258.75729375	253.8598	222.9096625	204.6013	229.10846875	265.969925	282.30319375	228.82529375	256.726675	199.67699375	247.57271875	303.5227625	247.57271875
ILMN_2760415	364.36604375	347.2855875	378.71825625	371.5558125	491.08171875	398.285625	376.43794375	301.5162	318.857075	345.38940625	296.03155	435.835025	358.44570625	326.82395625	325.4101375	356.66225625
ILMN_2881024	304.13445625	261.69506875	278.67450625	234.86673125	278.67450625	240.2466625	244.12235625	227.120325	232.7016375	315.527125	227.67105	209.6493125	252.8984	191.8118125	240.04690625	243.336
ILMN_2613908	843.17844375	752.23520625	620.669025	492.318275	563.63728125	805.97924375	597.95865625	514.343425	517.529525	551.0910625	516.35701875	711.26331875	590.2830875	525.57068125	600.22399375	497.8212875
ILMN_1238640	1588.2665625	1275.825625	1395.78575	1213.3972125	1703.268	1286.1005125	1215.46968125	1213.3972125	1119.3327375	1526.519875	1170.5943	1325.81468125	1546.757625	1231.54114375	1172.722225	1399.6960125
ILMN_2665198	289.80645	303.5227625	308.03741875	300.51006875	271.68064375	270.48401875	306.2683	298.53729375	303.2110375	278.2667625	348.09076875	258.75729375	269.0900875	292.0348375	306.2683	290.89839375
ILMN_1221440	149.48900625	167.46681875	160.23875	173.1835875	167.96165625	169.78939375	185.748925	176.31839375	192.34130625	164.88851875	164.88851875	145.898675	197.2252125	179.20448125	177.502625	156.99936875
ILMN_1214119	109.37994875	127.537025	92.3623425	85.098784375	102.80032	129.37900625	98.603208125	91.6439275	93.565455625	98.255631875	113.846940625	106.242820625	129.71258125	113.281014375	91.9232025	100.5552075
ILMN_1235324	413.1436125	422.1692375	338.969875	310.20375625	372.73630625	416.5290125	457.93085	428.86770625	430.1853875	411.01455625	457.2691	442.1013375	466.434675	379.9415625	415.8145375	377.57789375
ILMN_3103689	307.59543125	298.53729375	361.06348125	411.74715	403.4728625	333.03789375	298.81056875	381.22103125	310.20375625	320.96831875	341.61043125	296.03155	324.18878125	333.03789375	381.63321875	308.03741875
ILMN_2693594	275.04995	286.44878125	312.35949375	287.144725	347.2855875	327.851675	336.38178125	286.81030625	283.215625	308.03741875	304.13445625	353.62091875	345.38940625	310.557075	311.953325	368.19235625
ILMN_1255496	919.02419375	877.80959375	905.5100875	975.55876875	1054.36065625	900.229325	863.1886875	950.49096875	915.24975	933.34199375	847.2564125	902.21253125	924.4569875	903.982275	937.8576625	955.69085625
ILMN_2698606	1408.1082625	1223.86389375	1408.1082625	1123.47035	1799.4763125	1237.64559375	1244.2882125	1101.2866	1109.27059375	1413.892925	884.5102875	1220.88975625	1453.836625	928.73256875	1023.44788125	1546.757625
ILMN_1232621	5017.492875	3920.65875	5035.313	4667.497625	4735.2788125	4680.85275	3672.7575	5100.66625	4680.85275	5159.29925	4799.889	5017.492875	4344.53675	4490.201	5035.313	4602.2670625
ILMN_1225204	1703.268	2007.6768125	1859.51175	2052.1315	1895.11975	1642.0229375	1712.4669375	2250.7824375	2383.1305	2143.6614375	1901.7284375	1703.268	1658.9980625	1964.982125	1974.2203125	2553.0296875
ILMN_3161591	192.34130625	208.614425	203.9486375	169.88470625	209.6493125	191.9776875	188.50483125	177.13383125	201.32313125	202.26374375	154.42223125	202.7771	196.22610625	159.3464375	160.6173125	208.4504625
ILMN_2684563	549.89674375	588.53715	536.63215625	537.3564875	512.05889375	601.04705625	587.55103125	531.53671875	562.62983125	595.21409375	656.59380625	566.12206875	581.747025	745.71349375	598.9458625	614.66899375
ILMN_2694257	487.0973125	468.86593125	492.8494125	578.27779375	522.96660625	486.43069375	478.98810625	568.67436875	619.76544375	601.77260625	496.93676875	434.11775625	504.2750375	541.8511625	657.738425	426.13363125
ILMN_2648397	1436.6275	1433.597	1571.518	1279.10915	1651.4259375	1304.11341875	1515.7341875	1331.98633125	1288.97909375	1621.1950625	1215.46968125	1418.00461875	1318.1725625	1161.1970625	1366.5811	1526.519875
ILMN_2686700	1320.76196875	1119.3327375	1359.73494375	1191.72529375	921.2737875	1311.92510625	1185.554375	1366.5811	1215.46968125	1405.39675625	913.7848	1382.81021875	1351.2752375	867.3996875	1154.72575625	1443.8409375
ILMN_2682321	211.57503125	197.0282375	205.3047125	188.0836	204.4481	211.808925	210.5832875	171.50286875	169.65194375	218.5558625	197.0282375	197.3707125	239.3336125	197.2252125	194.98645	193.88205
ILMN_2768850	685.93454375	703.5802625	811.4076125	789.96631875	616.95135	597.95865625	631.9964875	855.91689375	764.2097375	562.62983125	791.96815625	820.2931	582.72373125	723.366875	747.19006875	679.91124375
ILMN_2893605	1675.8665625	1892.11275	1864.5806875	2078.9265625	1457.8441875	1892.11275	1684.229	1933.3263125	1901.7284375	1864.5806875	2125.5966875	1901.7284375	1836.85825	1959.502625	2056.9218125	1539.848
ILMN_2727893	1909.405	1988.0516875	1905.974125	1876.157875	1981.51975	2033.06075	2052.1315	1880.222375	2078.9265625	1948.114	2320.2016875	2063.82525	1997.4680625	2208.8605	2098.2055	1767.103375
ILMN_2635871	838.49383125	794.63866875	581.747025	603.07173125	596.8079375	687.17316875	784.02243125	616.95135	712.6582	577.3044	857.74695625	657.738425	744.27988125	924.4569875	722.33518125	567.0161125
ILMN_2428388	214.999475	206.84325	210.80955	241.0027875	176.12585	182.548525	206.64905625	245.7140625	251.9778875	219.43544375	234.86673125	212.56733125	189.26159375	231.05068125	229.10846875	213.04775625
ILMN_1219577	6096.572375	6015.1349375	7535.8325625	7411.148625	5791.554125	5859.1675625	5986.11875	6997.7991875	6843.291125	6251.9165625	6432.159625	6791.54225	5691.950125	6015.1349375	6666.436625	5920.0250625
ILMN_1246694	941.899225	932.24933125	1061.20106875	903.982275	1142.3346125	1071.30986875	905.5100875	894.35590625	926.7802875	1016.11661875	923.3045875	984.3163125	991.49634375	1001.36695	873.73599375	1123.47035
ILMN_2834294	149.1243125	120.706985625	144.7298375	127.68379375	167.6349875	144.14700625	141.10776875	148.0848125	143.9201875	169.04061875	155.57271875	130.6918125	160.6173125	128.020125	147.701675	142.66521875
ILMN_2722902	9413.28375	9346.0995	8834.2650625	10674.29	7460.845875	9413.28375	8355.2378125	10574.6365	10841.250625	9169.2155	11297.6646875	9169.2155	9490.1536875	10060.255125	10674.29	8355.2378125
ILMN_2769772	733.7992	555.743425	937.8576625	733.7992	1052.4328875	936.561775	534.31181875	725.7171625	574.1261625	803.50789375	405.04731875	787.17976875	684.55906875	500.1246625	825.27274375	726.77698125
ILMN_2707510	115.3052825	603.75543125	113.0331475	100.422220625	119.687909375	149.79191875	668.6408375	105.775105625	146.0064625	105.35851	619.76544375	121.653625	132.10626875	538.40756875	115.0698675	133.9557875
ILMN_2944301	237.44534375	230.0987875	212.2325375	196.22610625	238.31953125	266.98208125	233.2049125	192.6032125	203.9486375	197.0282375	246.22676875	206.84325	223.11305	259.83235	194.44226875	240.45228125
ILMN_1251930	359.99755625	331.55780625	376.90229375	319.52645625	346.84835	306.74313125	333.580125	348.55784375	332.17845625	393.157475	255.90626875	329.84598125	290.89839375	309.742025	317.0260375	376.90229375
ILMN_1222865	761.0036625	678.67405625	807.2088	675.1991125	860.29973125	752.23520625	804.60284375	809.68798125	723.366875	829.02494375	465.2150125	578.27779375	622.424775	703.5802625	756.18793125	663.46655
ILMN_1219459	296.03155	335.95439375	258.75729375	256.2845125	265.53608125	286.81030625	290.89839375	267.9434	247.27466875	285.79318125	359.38050625	314.987925	297.20371875	336.38178125	249.77924375	250.2519625
ILMN_2637365	3343.45	3260.6586875	3556.7825	3358.915875	3953.748625	3422.046375	3624.416875	3572.0115	3436.421625	3583.1270625	3031.3415	2985.4025	3282.743375	3232.3765	3331.7243125	3728.71325
ILMN_3030392	304.5775125	281.8167875	340.65205625	426.63545	340.65205625	292.76560625	255.90626875	392.65998125	342.9916375	356.32760625	332.51471875	290.89839375	292.76560625	312.7451875	381.22103125	284.58690625
ILMN_2602837	801.81858125	833.42680625	819.3952875	889.0091875	910.37574375	808.3092375	852.3978375	978.4476	835.00675625	791.96815625	713.79743125	852.3978375	775.92039375	756.18793125	854.31285625	987.84588125
ILMN_3150536	543.97434375	580.68080625	542.5852375	584.78806875	521.16900625	559.57819375	596.8079375	544.86930625	684.55906875	531.53671875	675.1991125	581.747025	567.74288125	656.59380625	615.6507375	624.54245
ILMN_2721178	2143.6614375	2037.840625	2082.9988125	2668.906125	2568.4504375	2223.8230625	2172.82875	2481.5916875	2710.1726875	2154.306	2078.9265625	2016.9168125	2078.9265625	2355.1674375	2710.1726875	2388.401875
ILMN_3004441	28088.250625	28088.250625	29991.60125	31429.665	29991.60125	26401.904375	28088.250625	29991.60125	30659.768125	27148.123125	30659.768125	27148.123125	26401.904375	31429.665	30659.768125	28088.250625
ILMN_2688135	355.19934375	358.44570625	372.73630625	345.7649375	338.01579375	367.22568125	359.38050625	348.09076875	361.06348125	365.57460625	335.95439375	395.5918375	359.38050625	345.38940625	324.59301875	371.001275
ILMN_1219067	208.4504625	229.10846875	203.7438375	207.04245	175.28598125	205.07035	221.7632625	203.7438375	188.33473125	210.80955	211.3284125	190.08255	219.84864375	238.7891375	218.88428125	197.2252125
ILMN_2725155	4902.6641875	3583.1270625	4642.1986875	6210.5699375	3384.2715625	4479.1653125	3353.5210625	5017.492875	4602.2670625	3624.416875	3901.5434375	4951.3425625	3953.748625	4115.4703125	4327.9955625	3996.876
ILMN_3062267	376.43794375	508.66270625	366.3423875	368.69168125	335.95439375	403.4728625	605.16504375	322.15643125	435.13193125	434.11775625	546.67505625	402.26533125	410.47876875	476.99363125	349.2293625	478.21235625
ILMN_3109098	1284.59764375	1259.73734375	1098.48106875	1211.26603125	1178.73895	1379.9554375	1325.81468125	1104.645125	1320.76196875	1085.4797875	1382.81021875	1217.59461875	1331.98633125	1286.1005125	1176.1765125	1157.0028125
ILMN_1224855	1644.4888125	1621.1950625	1672.5034375	1790.375375	1340.43134375	1848.017125	1281.5076125	1919.0003125	1855.0858125	1758.3530625	1707.034625	1642.0229375	1651.4259375	1616.891125	1880.222375	1952.964125
ILMN_2850077	591.56195625	506.4152125	527.93001875	661.9242375	713.79743125	585.82873125	385.60209375	504.2750375	823.80625	519.32630625	463.44099375	527.93001875	522.02868125	591.56195625	567.74288125	476.99363125
ILMN_2963792	1457.8441875	1657.091625	1410.221575	1363.2152	1366.5811	1553.0540625	1665.832375	1461.678875	1348.860525	1369.38539375	1716.46775	1345.5829875	1672.5034375	1654.4488125	1521.487125	1529.5255625
ILMN_1254001	950.49096875	1037.15800625	1080.43248125	1167.6394625	1320.76196875	1133.0493375	1067.32936875	1191.72529375	1056.7428375	1023.44788125	958.827475	1025.50926875	1017.5196	1054.36065625	1117.5936875	1211.26603125
ILMN_3101400	472.914975	487.81764375	424.62724375	366.3423875	417.2681625	435.835025	432.68891875	405.04731875	369.6460875	421.34460625	406.25033125	428.2162625	488.60263125	426.13363125	367.22568125	363.591075
ILMN_2748384	434.11775625	420.80611875	428.2162625	418.7329625	395.5918375	409.6476375	567.0161125	388.98266875	378.71825625	487.81764375	485.53976875	484.5622625	468.20624375	522.02868125	378.71825625	413.1436125
ILMN_2845980	880.3431	923.3045875	902.21253125	1067.32936875	1025.50926875	913.7848	926.7802875	926.7802875	958.827475	950.49096875	1009.5939125	880.3431	933.34199375	884.5102875	1126.81623125	1023.44788125
ILMN_1220014	327.20638125	319.932875	333.580125	276.421125	361.06348125	316.35359375	305.29793125	262.94540625	257.83005	397.36328125	257.63335	304.13445625	316.35359375	257.1474375	233.86650625	385.60209375
ILMN_2695528	1447.2469375	1328.9357	1265.42595625	1044.1645625	1707.034625	1279.10915	1311.92510625	1122.48299375	997.9165375	1373.50971875	915.24975	1157.0028125	1413.892925	973.91274375	1045.9207875	1485.9148125
ILMN_1242435	241.5009	242.168325	208.2482625	226.2570875	196.7999	218.5558625	226.39001875	273.60645	269.54261875	211.808925	335.0616875	231.68000625	211.1658125	260.86174375	237.44534375	219.13505625
ILMN_1223271	132.698425	145.674675	161.04661875	118.9281425	163.10266875	146.828925	180.3295625	131.57471875	115.570525	141.5911125	133.0385625	178.6904875	159.4634125	125.31658125	136.98565	147.32380625
ILMN_2681814	389.59186875	445.23834375	469.928175	434.11775625	488.60263125	418.7329625	472.914975	424.62724375	412.55158125	494.73205	436.32871875	407.82223125	366.3423875	371.001275	442.1013375	481.47731875
ILMN_2720180	3166.4545	3248.2679375	2963.303625	2647.8840625	2907.421375	2850.1111875	3323.130125	2553.0296875	2476.998875	3508.3631875	2758.6666875	3155.7905625	2874.069125	2907.421375	2533.3731875	3155.7905625
ILMN_2610798	1031.5182875	1114.7287	1006.592375	1098.48106875	1008.09605625	732.0853625	987.84588125	993.2954125	1050.89158125	962.9292375	1006.592375	991.49634375	878.55406875	910.37574375	1035.2212625	1161.1970625
ILMN_2628657	286.13239375	292.0348375	300.83779375	260.4962375	314.7001	267.6644625	304.96008125	233.70659375	243.336	302.0011375	194.44226875	236.39815625	248.3792375	205.3047125	202.05618125	283.215625
ILMN_2605201	1345.5829875	1315.989225	1228.17379375	917.37219375	982.52008125	1288.97909375	1223.86389375	946.97265625	785.55970625	1002.61314375	1126.81623125	1272.7707375	1272.7707375	1035.2212625	882.26715625	986.313625
ILMN_1250618	213.347025	164.3968125	170.387425	234.5153	126.6088375	155.432225	184.27898125	164.552225	217.3990625	128.020125	140.504525	149.48900625	175.1317625	259.10294375	214.13316875	142.249075
ILMN_2715234	812.9982	913.7848	647.28489375	526.3651125	826.7718875	803.50789375	944.894575	500.1246625	568.67436875	784.02243125	954.6626875	775.92039375	864.630725	874.99784375	649.74345625	718.119375
ILMN_1214402	1478.5996875	1658.9980625	1351.2752375	1610.26175	1298.1607625	1758.3530625	1848.017125	1778.81175	1864.5806875	1440.767375	1672.5034375	2078.9265625	1829.6575625	1729.3028125	1648.387625	1505.6170625
ILMN_3136593	158.86419375	168.3561625	159.3464375	143.20033125	162.80370625	136.3262875	195.13283125	152.69155	148.7124	142.66521875	186.44199375	133.0385625	186.2141625	175.28598125	151.49008125	153.46726875
ILMN_2771219	18866.55375	16150.026875	12195.6165625	9490.1536875	10841.250625	13534.7125	16150.026875	9490.1536875	9890.1793125	12195.6165625	14190.341875	14760.245625	16150.026875	14760.245625	10210.935875	11938.2769375
ILMN_1217926	344.2023125	326.28495625	358.44570625	410.47876875	289.026225	338.01579375	356.66225625	411.74715	410.47876875	300.83779375	402.7885	361.62028125	336.88030625	381.63321875	462.82	317.0260375
ILMN_2928875	1355.16958125	1389.53755625	1433.597	1231.54114375	1680.0055	1377.04380625	1355.16958125	1345.5829875	1165.2661875	1464.879	1220.88975625	1366.5811	1443.8409375	1259.73734375	1298.1607625	1328.9357
ILMN_1254444	793.42196875	745.71349375	657.738425	761.0036625	698.881425	555.743425	867.3996875	771.5237875	681.12016875	690.38670625	972.734025	801.81858125	638.36458125	941.899225	766.57840625	496.93676875
ILMN_1213573	470.87679375	558.30926875	478.21235625	547.767775	465.2150125	512.05889375	515.71900625	566.12206875	536.63215625	560.8079	615.6507375	552.80308125	511.4432375	524.4077875	501.45809375	512.05889375
ILMN_2900462	265.969925	350.950725	289.026225	325.4101375	216.40799375	303.5227625	279.0067375	306.2683	356.66225625	324.18878125	395.5918375	344.83418125	289.4902375	318.03841875	346.84835	293.85094375
ILMN_1254953	463.44099375	628.2296125	449.41195625	428.2162625	476.99363125	451.59918125	579.1233125	419.286475	447.55898125	495.60464375	574.1261625	380.48959375	484.5622625	610.22988125	472.914975	421.78673125
ILMN_2615920	136.79684375	144.260675	126.7113625	116.021529375	116.628699375	155.127325	136.10575625	151.49008125	140.1893	119.23269	146.57059375	162.04371875	167.203	155.81645625	156.89665	149.48900625
ILMN_2718030	1450.9011875	1320.76196875	1461.678875	2355.1674375	1123.47035	1499.0845625	1488.5588125	2118.75825	2214.44325	1635.846125	2013.110125	1294.65333125	1476.0480625	2131.0719375	2375.4135	1470.9896875
ILMN_2930057	1167.6394625	1355.16958125	1233.78420625	1157.0028125	812.9982	1151.43849375	1091.12875625	1253.613975	1342.66180625	1304.11341875	1369.38539375	1096.2395125	1154.72575625	1328.9357	1213.3972125	1142.3346125
ILMN_1239177	647.28489375	723.366875	679.91124375	522.96660625	749.09235	659.09488125	803.50789375	524.4077875	507.9213875	749.09235	538.40756875	664.2749	729.4838	578.27779375	568.67436875	803.50789375
ILMN_2738481	126.6088375	141.3552625	145.3389	152.1062	135.71329375	129.30451875	130.0340125	134.3977375	144.53268125	159.69138125	132.10626875	133.43806875	147.39860625	130.09806875	155.127325	146.0064625
ILMN_2693258	4667.497625	5458.565	4834.3839375	5261.7406875	4925.7006875	4902.6641875	5432.2115	5366.7633125	4964.116125	5120.44175	5791.554125	4166.331375	4758.6421875	5791.554125	5501.0839375	4925.7006875
ILMN_2759983	285.20514375	397.36328125	274.07449375	257.3934125	298.53729375	330.25861875	430.1853875	253.5756875	214.38885	272.3043875	276.746625	274.07449375	319.52645625	335.0616875	257.63335	214.38885
ILMN_2597532	2369.0618125	2432.0701875	2481.5916875	2985.4025	2189.738	2397.767	2228.328875	2574.93875	3049.8525625	2476.998875	2533.3731875	2453.9903125	2689.4941875	2582.3805	2668.906125	2747.872
ILMN_3148175	158.1505875	163.10266875	210.5832875	161.26354375	172.5337625	185.59075	171.50286875	160.37689375	171.64175	191.1588375	176.12585	174.29655	202.05618125	180.15525625	160.10634375	184.49761875
